trip_id,route_id,direction_id,start_date,vehicle_id,stop_sequence,stop_id,arrival_time
1017596,865,1,20260629,,13,,2026-06-29 18:28:19
1017596,865,1,20260629,,14,,2026-06-29 18:29:35
1017615,865,1,20260629,3200,1,,2026-06-29 18:35:01
1017615,865,1,20260629,3200,2,,2026-06-29 18:36:38
1017615,865,1,20260629,3200,3,,2026-06-29 18:39:39
1017615,865,1,20260629,3200,4,,2026-06-29 18:40:41
1017615,865,1,20260629,3200,5,,2026-06-29 18:41:42
1017615,865,1,20260629,3200,6,,2026-06-29 18:42:36
1017615,865,1,20260629,3200,7,,2026-06-29 18:43:28
1017615,865,1,20260629,3200,8,,2026-06-29 18:46:06
1017615,865,1,20260629,3200,9,,2026-06-29 18:47:33
1017615,865,1,20260629,3200,10,,2026-06-29 18:49:01
1017615,865,1,20260629,3200,11,,2026-06-29 18:50:48
1017615,865,1,20260629,3200,12,,2026-06-29 18:52:17
1017615,865,1,20260629,3200,13,,2026-06-29 18:53:27
1017615,865,1,20260629,3200,14,,2026-06-29 18:54:34
1017615,865,1,20260629,3200,15,,2026-06-29 18:55:40
1017619,865,1,20260629,3209,16,,2026-06-29 18:28:20
1017619,865,1,20260629,3209,999,,2026-06-29 18:28:46
1017642,866R,1,20260629,3370,5,,2026-06-29 18:28:12
1017642,866R,1,20260629,3370,6,,2026-06-29 18:28:39
1017642,866R,1,20260629,3370,7,,2026-06-29 18:29:26
1017642,866R,1,20260629,3370,8,,2026-06-29 18:29:41
1017642,866R,1,20260629,3370,9,,2026-06-29 18:29:52
1017642,866R,1,20260629,3370,10,,2026-06-29 18:30:57
1017642,866R,1,20260629,3370,11,,2026-06-29 18:31:17
1017642,866R,1,20260629,3370,12,,2026-06-29 18:31:40
1017642,866R,1,20260629,3370,13,,2026-06-29 18:32:05
1017642,866R,1,20260629,3370,14,,2026-06-29 18:32:46
1017642,866R,1,20260629,3370,15,,2026-06-29 18:32:59
1017642,866R,1,20260629,3370,16,,2026-06-29 18:33:17
1017642,866R,1,20260629,3370,17,,2026-06-29 18:33:35
1017642,866R,1,20260629,3370,18,,2026-06-29 18:34:06
1017642,866R,1,20260629,3370,19,,2026-06-29 18:34:23
1017642,866R,1,20260629,3370,20,,2026-06-29 18:34:55
1017642,866R,1,20260629,3370,21,,2026-06-29 18:35:38
1017642,866R,1,20260629,3370,22,,2026-06-29 18:36:17
1017642,866R,1,20260629,3370,23,,2026-06-29 18:36:37
1017642,866R,1,20260629,3370,24,,2026-06-29 18:36:51
1017642,866R,1,20260629,3370,25,,2026-06-29 18:37:13
1017642,866R,1,20260629,3370,26,,2026-06-29 18:37:33
1017642,866R,1,20260629,3370,27,,2026-06-29 18:37:58
1017642,866R,1,20260629,3370,28,,2026-06-29 18:38:33
1017642,866R,1,20260629,3370,29,,2026-06-29 18:38:50
1017642,866R,1,20260629,3370,999,,2026-06-29 18:41:18
1022326,100,1,20260629,3518,50,,2026-06-29 18:28:12
1022326,100,1,20260629,3518,51,,2026-06-29 18:28:37
1022326,100,1,20260629,3518,52,,2026-06-29 18:29:18
1022326,100,1,20260629,3518,53,,2026-06-29 18:29:54
1022326,100,1,20260629,3518,54,,2026-06-29 18:31:02
1022326,100,1,20260629,3518,55,,2026-06-29 18:31:29
1022326,100,1,20260629,3518,56,,2026-06-29 18:31:46
1022326,100,1,20260629,3518,57,,2026-06-29 18:32:16
1022326,100,1,20260629,3518,58,,2026-06-29 18:32:42
1022326,100,1,20260629,3518,59,,2026-06-29 18:33:17
1022326,100,1,20260629,3518,60,,2026-06-29 18:34:10
1022326,100,1,20260629,3518,61,,2026-06-29 18:34:38
1022326,100,1,20260629,3518,62,,2026-06-29 18:35:15
1022326,100,1,20260629,3518,999,,2026-06-29 18:36:34
1022389,100P,0,20260629,1909,999,,2026-06-29 18:28:51
1022394,100P,0,20260629,5745,1,,2026-06-29 18:33:00
1022394,100P,0,20260629,5745,2,,2026-06-29 18:33:54
1022394,100P,0,20260629,5745,3,,2026-06-29 18:34:50
1022394,100P,0,20260629,5745,4,,2026-06-29 18:35:30
1022394,100P,0,20260629,5745,5,,2026-06-29 18:36:45
1022394,100P,0,20260629,5745,6,,2026-06-29 18:37:21
1022394,100P,0,20260629,5745,7,,2026-06-29 18:37:59
1022394,100P,0,20260629,5745,8,,2026-06-29 18:38:32
1022394,100P,0,20260629,5745,9,,2026-06-29 18:38:58
1022394,100P,0,20260629,5745,10,,2026-06-29 18:39:31
1022394,100P,0,20260629,5745,11,,2026-06-29 18:40:24
1022394,100P,0,20260629,5745,12,,2026-06-29 18:41:12
1022394,100P,0,20260629,5745,13,,2026-06-29 18:41:40
1022394,100P,0,20260629,5745,14,,2026-06-29 18:42:22
1022394,100P,0,20260629,5745,15,,2026-06-29 18:42:44
1022394,100P,0,20260629,5745,16,,2026-06-29 18:43:42
1022394,100P,0,20260629,5745,17,,2026-06-29 18:45:00
1022394,100P,0,20260629,5745,18,,2026-06-29 18:46:17
1022394,100P,0,20260629,5745,19,,2026-06-29 18:48:01
1022394,100P,0,20260629,5745,20,,2026-06-29 18:49:06
1022394,100P,0,20260629,5745,21,,2026-06-29 18:48:04
1022394,100P,0,20260629,5745,22,,2026-06-29 18:48:41
1022394,100P,0,20260629,5745,23,,2026-06-29 18:49:11
1022394,100P,0,20260629,5745,999,,2026-06-29 18:50:58
1022396,100P,1,20260629,1186,15,,2026-06-29 18:28:07
1022396,100P,1,20260629,1186,16,,2026-06-29 18:28:27
1022396,100P,1,20260629,1186,17,,2026-06-29 18:28:54
1022396,100P,1,20260629,1186,18,,2026-06-29 18:29:23
1022396,100P,1,20260629,1186,19,,2026-06-29 18:31:10
1022396,100P,1,20260629,1186,20,,2026-06-29 18:32:44
1022396,100P,1,20260629,1186,21,,2026-06-29 18:33:19
1022396,100P,1,20260629,1186,22,,2026-06-29 18:33:46
1022396,100P,1,20260629,1186,23,,2026-06-29 18:35:07
1022396,100P,1,20260629,1186,24,,2026-06-29 18:36:26
1022396,100P,1,20260629,1186,25,,2026-06-29 18:37:16
1022396,100P,1,20260629,1186,26,,2026-06-29 18:39:06
1022396,100P,1,20260629,1186,27,,2026-06-29 18:39:46
1022396,100P,1,20260629,1186,28,,2026-06-29 18:40:11
1022396,100P,1,20260629,1186,29,,2026-06-29 18:41:33
1022396,100P,1,20260629,1186,30,,2026-06-29 18:42:03
1022396,100P,1,20260629,1186,31,,2026-06-29 18:42:53
1022396,100P,1,20260629,1186,32,,2026-06-29 18:43:34
1022396,100P,1,20260629,1186,33,,2026-06-29 18:44:09
1022396,100P,1,20260629,1186,34,,2026-06-29 18:44:40
1022396,100P,1,20260629,1186,35,,2026-06-29 18:45:01
1022396,100P,1,20260629,1186,36,,2026-06-29 18:45:15
1022396,100P,1,20260629,1186,37,,2026-06-29 18:45:43
1022396,100P,1,20260629,1186,38,,2026-06-29 18:46:15
1022396,100P,1,20260629,1186,39,,2026-06-29 18:46:53
1022396,100P,1,20260629,1186,999,,2026-06-29 18:48:54
1023243,163,0,20260629,5816,27,,2026-06-29 18:28:03
1023243,163,0,20260629,5816,28,,2026-06-29 18:29:14
1023243,163,0,20260629,5816,29,,2026-06-29 18:30:14
1023243,163,0,20260629,5816,30,,2026-06-29 18:31:11
1023243,163,0,20260629,5816,31,,2026-06-29 18:31:57
1023243,163,0,20260629,5816,32,,2026-06-29 18:33:15
1023243,163,0,20260629,5816,33,,2026-06-29 18:33:57
1023243,163,0,20260629,5816,34,,2026-06-29 18:34:18
1023243,163,0,20260629,5816,35,,2026-06-29 18:34:42
1023243,163,0,20260629,5816,36,,2026-06-29 18:35:03
1023243,163,0,20260629,5816,999,,2026-06-29 18:35:52
1023248,163,0,20260629,1058,1,,2026-06-29 18:32:00
1023248,163,0,20260629,1058,2,,2026-06-29 18:35:00
1023248,163,0,20260629,1058,3,,2026-06-29 18:36:33
1023248,163,0,20260629,1058,4,,2026-06-29 18:37:50
1023248,163,0,20260629,1058,5,,2026-06-29 18:38:33
1023248,163,0,20260629,1058,6,,2026-06-29 18:39:30
1023248,163,0,20260629,1058,7,,2026-06-29 18:43:04
1023248,163,0,20260629,1058,8,,2026-06-29 18:43:58
1023248,163,0,20260629,1058,9,,2026-06-29 18:45:01
1023248,163,0,20260629,1058,10,,2026-06-29 18:45:47
1023248,163,0,20260629,1058,11,,2026-06-29 18:46:59
1023248,163,0,20260629,1058,12,,2026-06-29 18:47:50
1023248,163,0,20260629,1058,13,,2026-06-29 18:49:04
1023248,163,0,20260629,1058,14,,2026-06-29 18:50:10
1023248,163,0,20260629,1058,15,,2026-06-29 18:51:00
1023248,163,0,20260629,1058,16,,2026-06-29 18:51:29
1023248,163,0,20260629,1058,17,,2026-06-29 18:52:22
1023461,171,1,20260629,5842,1,,2026-06-29 18:36:06
1023461,171,1,20260629,5842,2,,2026-06-29 18:36:58
1023461,171,1,20260629,5842,3,,2026-06-29 18:39:14
1023461,171,1,20260629,5842,4,,2026-06-29 18:40:36
1023461,171,1,20260629,5842,5,,2026-06-29 18:43:26
1023461,171,1,20260629,5842,6,,2026-06-29 18:45:57
1023461,171,1,20260629,5842,7,,2026-06-29 18:47:59
1023461,171,1,20260629,5842,8,,2026-06-29 18:49:13
1023461,171,1,20260629,5842,9,,2026-06-29 18:50:03
1023461,171,1,20260629,5842,10,,2026-06-29 18:51:09
1023461,171,1,20260629,5842,11,,2026-06-29 18:52:19
1023461,171,1,20260629,5842,12,,2026-06-29 18:52:58
1023461,171,1,20260629,5842,13,,2026-06-29 18:54:19
1023461,171,1,20260629,5842,14,,2026-06-29 18:54:42
1023461,171,1,20260629,5842,15,,2026-06-29 18:55:56
1023461,171,1,20260629,5842,16,,2026-06-29 18:57:11
1023461,171,1,20260629,5842,17,,2026-06-29 18:58:35
1023461,171,1,20260629,5842,18,,2026-06-29 18:59:01
1023461,171,1,20260629,5842,19,,2026-06-29 18:59:41
1023461,171,1,20260629,5842,20,,2026-06-29 19:00:14
1023462,171,1,20260629,1953,18,,2026-06-29 18:28:11
1023462,171,1,20260629,1953,19,,2026-06-29 18:28:05
1023462,171,1,20260629,1953,20,,2026-06-29 18:28:44
1023462,171,1,20260629,1953,21,,2026-06-29 18:29:24
1023462,171,1,20260629,1953,22,,2026-06-29 18:29:57
1023462,171,1,20260629,1953,23,,2026-06-29 18:30:27
1023462,171,1,20260629,1953,24,,2026-06-29 18:31:02
1023462,171,1,20260629,1953,25,,2026-06-29 18:33:24
1023462,171,1,20260629,1953,26,,2026-06-29 18:33:58
1023462,171,1,20260629,1953,27,,2026-06-29 18:34:17
1023462,171,1,20260629,1953,28,,2026-06-29 18:34:53
1023462,171,1,20260629,1953,29,,2026-06-29 18:35:19
1023462,171,1,20260629,1953,30,,2026-06-29 18:35:52
1023462,171,1,20260629,1953,31,,2026-06-29 18:36:28
1023462,171,1,20260629,1953,32,,2026-06-29 18:36:52
1023462,171,1,20260629,1953,33,,2026-06-29 18:37:15
1023462,171,1,20260629,1953,34,,2026-06-29 18:37:34
1023462,171,1,20260629,1953,35,,2026-06-29 18:38:22
1023462,171,1,20260629,1953,36,,2026-06-29 18:40:02
1023462,171,1,20260629,1953,999,,2026-06-29 18:41:31
1023510,171,0,20260629,5701,999,,2026-06-29 18:28:25
1023765,176,1,20260629,1044,29,,2026-06-29 18:28:21
1023765,176,1,20260629,1044,30,,2026-06-29 18:29:33
1023765,176,1,20260629,1044,31,,2026-06-29 18:29:57
1023765,176,1,20260629,1044,32,,2026-06-29 18:30:26
1023765,176,1,20260629,1044,33,,2026-06-29 18:30:50
1023765,176,1,20260629,1044,34,,2026-06-29 18:31:36
1023765,176,1,20260629,1044,35,,2026-06-29 18:31:58
1023765,176,1,20260629,1044,36,,2026-06-29 18:32:49
1023765,176,1,20260629,1044,37,,2026-06-29 18:33:19
1023765,176,1,20260629,1044,38,,2026-06-29 18:33:37
1023765,176,1,20260629,1044,39,,2026-06-29 18:34:24
1023765,176,1,20260629,1044,40,,2026-06-29 18:34:51
1023765,176,1,20260629,1044,41,,2026-06-29 18:35:26
1023765,176,1,20260629,1044,42,,2026-06-29 18:36:05
1023765,176,1,20260629,1044,999,,2026-06-29 18:36:52
1023771,176G,1,20260629,1237,5,,2026-06-29 18:29:00
1023771,176G,1,20260629,1237,6,,2026-06-29 18:30:07
1023771,176G,1,20260629,1237,7,,2026-06-29 18:30:52
1023771,176G,1,20260629,1237,8,,2026-06-29 18:31:35
1023771,176G,1,20260629,1237,9,,2026-06-29 18:32:31
1023771,176G,1,20260629,1237,10,,2026-06-29 18:33:09
1023771,176G,1,20260629,1237,11,,2026-06-29 18:33:34
1023771,176G,1,20260629,1237,12,,2026-06-29 18:34:04
1023771,176G,1,20260629,1237,13,,2026-06-29 18:34:54
1023771,176G,1,20260629,1237,14,,2026-06-29 18:35:35
1023771,176G,1,20260629,1237,15,,2026-06-29 18:36:23
1023771,176G,1,20260629,1237,16,,2026-06-29 18:37:33
1023771,176G,1,20260629,1237,17,,2026-06-29 18:38:43
1023771,176G,1,20260629,1237,18,,2026-06-29 18:40:00
1023771,176G,1,20260629,1237,19,,2026-06-29 18:39:04
1023771,176G,1,20260629,1237,20,,2026-06-29 18:39:59
1023771,176G,1,20260629,1237,21,,2026-06-29 18:40:52
1023771,176G,1,20260629,1237,22,,2026-06-29 18:41:53
1023771,176G,1,20260629,1237,23,,2026-06-29 18:42:49
1023771,176G,1,20260629,1237,24,,2026-06-29 18:43:39
1023771,176G,1,20260629,1237,25,,2026-06-29 18:44:47
1023771,176G,1,20260629,1237,26,,2026-06-29 18:45:37
1023771,176G,1,20260629,1237,27,,2026-06-29 18:46:48
1023771,176G,1,20260629,1237,28,,2026-06-29 18:47:19
1023771,176G,1,20260629,1237,29,,2026-06-29 18:48:27
1023797,178,0,20260629,1811,48,,2026-06-29 18:28:45
1023797,178,0,20260629,1811,49,,2026-06-29 18:29:25
1023797,178,0,20260629,1811,50,,2026-06-29 18:29:53
1023797,178,0,20260629,1811,51,,2026-06-29 18:30:17
1023797,178,0,20260629,1811,52,,2026-06-29 18:31:25
1023797,178,0,20260629,1811,53,,2026-06-29 18:31:44
1023797,178,0,20260629,1811,54,,2026-06-29 18:32:00
1023797,178,0,20260629,1811,55,,2026-06-29 18:32:47
1023797,178,0,20260629,1811,56,,2026-06-29 18:33:33
1023797,178,0,20260629,1811,999,,2026-06-29 18:34:30
1023827,178,1,20260629,1953,3,,2026-06-29 18:29:53
1023827,178,1,20260629,1953,4,,2026-06-29 18:30:52
1023827,178,1,20260629,1953,5,,2026-06-29 18:33:13
1023827,178,1,20260629,1953,6,,2026-06-29 18:34:15
1023827,178,1,20260629,1953,7,,2026-06-29 18:35:46
1023827,178,1,20260629,1953,8,,2026-06-29 18:36:12
1023827,178,1,20260629,1953,9,,2026-06-29 18:37:25
1023827,178,1,20260629,1953,10,,2026-06-29 18:37:52
1023827,178,1,20260629,1953,11,,2026-06-29 18:38:17
1023827,178,1,20260629,1953,12,,2026-06-29 18:38:35
1023827,178,1,20260629,1953,13,,2026-06-29 18:39:16
1023827,178,1,20260629,1953,14,,2026-06-29 18:39:49
1023827,178,1,20260629,1953,15,,2026-06-29 18:40:20
1023827,178,1,20260629,1953,16,,2026-06-29 18:41:10
1023827,178,1,20260629,1953,17,,2026-06-29 18:42:23
1023827,178,1,20260629,1953,18,,2026-06-29 18:43:19
1023827,178,1,20260629,1953,19,,2026-06-29 18:43:45
1023827,178,1,20260629,1953,20,,2026-06-29 18:44:15
1023827,178,1,20260629,1953,21,,2026-06-29 18:44:56
1023827,178,1,20260629,1953,22,,2026-06-29 18:46:24
1023827,178,1,20260629,1953,23,,2026-06-29 18:47:35
1023827,178,1,20260629,1953,24,,2026-06-29 18:48:00
1023827,178,1,20260629,1953,25,,2026-06-29 18:48:55
1023827,178,1,20260629,1953,26,,2026-06-29 18:49:29
1023827,178,1,20260629,1953,27,,2026-06-29 18:50:36
1023827,178,1,20260629,1953,28,,2026-06-29 18:51:06
1023827,178,1,20260629,1953,29,,2026-06-29 18:51:56
1023827,178,1,20260629,1953,30,,2026-06-29 18:52:38
1023827,178,1,20260629,1953,31,,2026-06-29 18:53:28
1023827,178,1,20260629,1953,32,,2026-06-29 18:54:06
1023827,178,1,20260629,1953,33,,2026-06-29 18:54:36
1023827,178,1,20260629,1953,34,,2026-06-29 18:54:55
1023827,178,1,20260629,1953,35,,2026-06-29 18:55:20
1023827,178,1,20260629,1953,36,,2026-06-29 18:55:49
1023827,178,1,20260629,1953,37,,2026-06-29 18:56:28
1023827,178,1,20260629,1953,38,,2026-06-29 18:57:21
1023827,178,1,20260629,1953,39,,2026-06-29 18:58:00
1023827,178,1,20260629,1953,40,,2026-06-29 18:58:36
1023839,178,0,20260629,1179,11,,2026-06-29 18:28:59
1023839,178,0,20260629,1179,12,,2026-06-29 18:29:14
1023839,178,0,20260629,1179,13,,2026-06-29 18:29:39
1023839,178,0,20260629,1179,14,,2026-06-29 18:30:15
1023839,178,0,20260629,1179,15,,2026-06-29 18:30:37
1023839,178,0,20260629,1179,16,,2026-06-29 18:31:22
1023839,178,0,20260629,1179,17,,2026-06-29 18:32:04
1023839,178,0,20260629,1179,18,,2026-06-29 18:32:57
1023839,178,0,20260629,1179,19,,2026-06-29 18:33:51
1023839,178,0,20260629,1179,20,,2026-06-29 18:35:02
1023839,178,0,20260629,1179,21,,2026-06-29 18:36:01
1023839,178,0,20260629,1179,22,,2026-06-29 18:36:48
1023839,178,0,20260629,1179,23,,2026-06-29 18:37:16
1023839,178,0,20260629,1179,24,,2026-06-29 18:37:43
1023839,178,0,20260629,1179,25,,2026-06-29 18:38:24
1023839,178,0,20260629,1179,26,,2026-06-29 18:39:05
1023839,178,0,20260629,1179,27,,2026-06-29 18:39:36
1023839,178,0,20260629,1179,28,,2026-06-29 18:40:01
1023839,178,0,20260629,1179,29,,2026-06-29 18:40:43
1023839,178,0,20260629,1179,30,,2026-06-29 18:41:06
1023839,178,0,20260629,1179,31,,2026-06-29 18:41:25
1023839,178,0,20260629,1179,32,,2026-06-29 18:42:13
1023839,178,0,20260629,1179,33,,2026-06-29 18:43:21
1023839,178,0,20260629,1179,34,,2026-06-29 18:43:24
1023839,178,0,20260629,1179,35,,2026-06-29 18:43:56
1023839,178,0,20260629,1179,36,,2026-06-29 18:44:37
1023839,178,0,20260629,1179,37,,2026-06-29 18:45:00
1023839,178,0,20260629,1179,38,,2026-06-29 18:46:16
1023839,178,0,20260629,1179,39,,2026-06-29 18:46:29
1023839,178,0,20260629,1179,40,,2026-06-29 18:47:13
1023839,178,0,20260629,1179,41,,2026-06-29 18:47:55
1023839,178,0,20260629,1179,42,,2026-06-29 18:49:20
1023839,178,0,20260629,1179,43,,2026-06-29 18:49:45
1023839,178,0,20260629,1179,44,,2026-06-29 18:50:23
1023839,178,0,20260629,1179,45,,2026-06-29 18:50:58
1023839,178,0,20260629,1179,46,,2026-06-29 18:52:09
1023839,178,0,20260629,1179,47,,2026-06-29 18:53:15
1023839,178,0,20260629,1179,48,,2026-06-29 18:54:15
1023839,178,0,20260629,1179,49,,2026-06-29 18:55:14
1023839,178,0,20260629,1179,50,,2026-06-29 18:55:56
1023839,178,0,20260629,1179,51,,2026-06-29 18:56:32
1023839,178,0,20260629,1179,52,,2026-06-29 18:57:19
1023839,178,0,20260629,1179,53,,2026-06-29 18:57:44
1023839,178,0,20260629,1179,54,,2026-06-29 18:58:06
1023839,178,0,20260629,1179,55,,2026-06-29 18:58:52
1023839,178,0,20260629,1179,56,,2026-06-29 18:59:39
1023850,178,1,20260629,1445,1,,2026-06-29 18:29:00
1023850,178,1,20260629,1445,2,,2026-06-29 18:29:44
1023850,178,1,20260629,1445,3,,2026-06-29 18:30:25
1023850,178,1,20260629,1445,4,,2026-06-29 18:30:27
1023850,178,1,20260629,1445,5,,2026-06-29 18:31:37
1023850,178,1,20260629,1445,6,,2026-06-29 18:32:12
1023850,178,1,20260629,1445,7,,2026-06-29 18:33:06
1023850,178,1,20260629,1445,8,,2026-06-29 18:33:47
1023850,178,1,20260629,1445,9,,2026-06-29 18:36:32
1023850,178,1,20260629,1445,10,,2026-06-29 18:37:59
1023850,178,1,20260629,1445,11,,2026-06-29 18:41:17
1023850,178,1,20260629,1445,12,,2026-06-29 18:41:58
1023850,178,1,20260629,1445,13,,2026-06-29 18:44:30
1023850,178,1,20260629,1445,14,,2026-06-29 18:45:37
1023850,178,1,20260629,1445,15,,2026-06-29 18:46:55
1023850,178,1,20260629,1445,16,,2026-06-29 18:47:05
1023850,178,1,20260629,1445,17,,2026-06-29 18:48:33
1023850,178,1,20260629,1445,18,,2026-06-29 18:49:12
1023850,178,1,20260629,1445,19,,2026-06-29 18:49:37
1023850,178,1,20260629,1445,20,,2026-06-29 18:50:07
1023850,178,1,20260629,1445,21,,2026-06-29 18:50:57
1023850,178,1,20260629,1445,22,,2026-06-29 18:51:38
1023850,178,1,20260629,1445,23,,2026-06-29 18:52:26
1023850,178,1,20260629,1445,24,,2026-06-29 18:53:36
1023850,178,1,20260629,1445,25,,2026-06-29 18:54:46
1023850,178,1,20260629,1445,26,,2026-06-29 18:56:03
1023850,178,1,20260629,1445,27,,2026-06-29 18:56:30
1023850,178,1,20260629,1445,28,,2026-06-29 18:57:12
1023850,178,1,20260629,1445,29,,2026-06-29 18:57:53
1023850,178,1,20260629,1445,30,,2026-06-29 18:58:43
1023889,178M,1,20260629,1044,1,,2026-06-29 19:11:00
1023889,178M,1,20260629,1044,2,,2026-06-29 19:14:00
1023889,178M,1,20260629,1044,3,,2026-06-29 19:16:00
1023889,178M,1,20260629,1044,4,,2026-06-29 19:17:50
1023889,178M,1,20260629,1044,5,,2026-06-29 19:20:00
1023889,178M,1,20260629,1044,6,,2026-06-29 19:21:01
1023889,178M,1,20260629,1044,7,,2026-06-29 19:21:42
1023889,178M,1,20260629,1044,8,,2026-06-29 19:22:21
1023889,178M,1,20260629,1044,9,,2026-06-29 19:23:12
1023889,178M,1,20260629,1044,10,,2026-06-29 19:23:47
1023889,178M,1,20260629,1044,11,,2026-06-29 19:24:09
1023889,178M,1,20260629,1044,12,,2026-06-29 19:24:36
1023889,178M,1,20260629,1044,13,,2026-06-29 19:25:21
1023889,178M,1,20260629,1044,14,,2026-06-29 19:25:58
1023889,178M,1,20260629,1044,15,,2026-06-29 19:26:42
1023889,178M,1,20260629,1044,16,,2026-06-29 19:27:46
1023889,178M,1,20260629,1044,17,,2026-06-29 19:28:49
1023889,178M,1,20260629,1044,18,,2026-06-29 19:30:00
1023889,178M,1,20260629,1044,19,,2026-06-29 19:30:27
1023889,178M,1,20260629,1044,20,,2026-06-29 19:31:09
1023889,178M,1,20260629,1044,21,,2026-06-29 19:31:50
1023890,178M,1,20260629,1088,17,,2026-06-29 18:28:22
1023890,178M,1,20260629,1088,18,,2026-06-29 18:28:53
1023890,178M,1,20260629,1088,19,,2026-06-29 18:29:18
1023890,178M,1,20260629,1088,20,,2026-06-29 18:29:49
1023890,178M,1,20260629,1088,21,,2026-06-29 18:30:47
1023890,178M,1,20260629,1088,22,,2026-06-29 18:31:27
1023890,178M,1,20260629,1088,23,,2026-06-29 18:32:17
1023890,178M,1,20260629,1088,24,,2026-06-29 18:33:43
1023890,178M,1,20260629,1088,25,,2026-06-29 18:35:04
1023890,178M,1,20260629,1088,26,,2026-06-29 18:36:23
1023890,178M,1,20260629,1088,27,,2026-06-29 18:36:52
1023890,178M,1,20260629,1088,28,,2026-06-29 18:37:22
1023890,178M,1,20260629,1088,29,,2026-06-29 18:38:17
1023890,178M,1,20260629,1088,30,,2026-06-29 18:39:49
1023890,178M,1,20260629,1088,31,,2026-06-29 18:40:26
1023890,178M,1,20260629,1088,32,,2026-06-29 18:41:13
1023890,178M,1,20260629,1088,33,,2026-06-29 18:41:53
1023890,178M,1,20260629,1088,34,,2026-06-29 18:42:25
1023890,178M,1,20260629,1088,35,,2026-06-29 18:43:40
1023890,178M,1,20260629,1088,36,,2026-06-29 18:44:17
1023890,178M,1,20260629,1088,37,,2026-06-29 18:44:55
1023890,178M,1,20260629,1088,38,,2026-06-29 18:45:46
1023890,178M,1,20260629,1088,39,,2026-06-29 18:46:01
1023890,178M,1,20260629,1088,40,,2026-06-29 18:47:00
1023890,178M,1,20260629,1088,41,,2026-06-29 18:47:46
1023890,178M,1,20260629,1088,42,,2026-06-29 18:48:15
1023890,178M,1,20260629,1088,43,,2026-06-29 18:48:54
1023890,178M,1,20260629,1088,44,,2026-06-29 18:49:38
1023890,178M,1,20260629,1088,45,,2026-06-29 18:50:37
1023890,178M,1,20260629,1088,999,,2026-06-29 18:52:01
1023912,178X,1,20260629,1776,8,,2026-06-29 18:28:08
1023912,178X,1,20260629,1776,9,,2026-06-29 18:28:47
1023912,178X,1,20260629,1776,10,,2026-06-29 18:29:17
1023912,178X,1,20260629,1776,11,,2026-06-29 18:30:28
1023912,178X,1,20260629,1776,12,,2026-06-29 18:31:07
1023912,178X,1,20260629,1776,13,,2026-06-29 18:31:49
1023912,178X,1,20260629,1776,14,,2026-06-29 18:32:26
1023912,178X,1,20260629,1776,15,,2026-06-29 18:33:01
1023912,178X,1,20260629,1776,16,,2026-06-29 18:34:03
1023912,178X,1,20260629,1776,17,,2026-06-29 18:34:25
1023912,178X,1,20260629,1776,18,,2026-06-29 18:34:43
1023912,178X,1,20260629,1776,19,,2026-06-29 18:35:12
1023912,178X,1,20260629,1776,20,,2026-06-29 18:35:32
1023912,178X,1,20260629,1776,21,,2026-06-29 18:35:58
1023912,178X,1,20260629,1776,22,,2026-06-29 18:36:33
1023912,178X,1,20260629,1776,23,,2026-06-29 18:37:22
1023912,178X,1,20260629,1776,24,,2026-06-29 18:38:04
1023912,178X,1,20260629,1776,25,,2026-06-29 18:38:22
1023912,178X,1,20260629,1776,26,,2026-06-29 18:38:56
1023912,178X,1,20260629,1776,27,,2026-06-29 18:39:35
1023912,178X,1,20260629,1776,28,,2026-06-29 18:40:57
1023912,178X,1,20260629,1776,29,,2026-06-29 18:41:30
1023912,178X,1,20260629,1776,30,,2026-06-29 18:42:32
1023912,178X,1,20260629,1776,31,,2026-06-29 18:43:03
1023912,178X,1,20260629,1776,32,,2026-06-29 18:43:42
1023912,178X,1,20260629,1776,33,,2026-06-29 18:44:38
1023912,178X,1,20260629,1776,34,,2026-06-29 18:45:10
1023912,178X,1,20260629,1776,35,,2026-06-29 18:45:41
1023912,178X,1,20260629,1776,36,,2026-06-29 18:46:04
1023912,178X,1,20260629,1776,37,,2026-06-29 18:46:31
1023912,178X,1,20260629,1776,38,,2026-06-29 18:47:20
1023912,178X,1,20260629,1776,39,,2026-06-29 18:47:51
1023912,178X,1,20260629,1776,40,,2026-06-29 18:48:24
1023912,178X,1,20260629,1776,41,,2026-06-29 18:49:06
1023912,178X,1,20260629,1776,42,,2026-06-29 18:49:31
1023912,178X,1,20260629,1776,43,,2026-06-29 18:50:14
1023912,178X,1,20260629,1776,44,,2026-06-29 18:51:17
1023912,178X,1,20260629,1776,45,,2026-06-29 18:51:47
1023912,178X,1,20260629,1776,999,,2026-06-29 18:53:08
1024544,222,1,20260629,959,1,,2026-06-29 18:56:00
1024544,222,1,20260629,959,2,,2026-06-29 18:58:19
1024546,222,1,20260629,1955,1,,2026-06-29 18:29:00
1024546,222,1,20260629,1955,2,,2026-06-29 18:31:19
1024546,222,1,20260629,1955,3,,2026-06-29 18:34:00
1024546,222,1,20260629,1955,4,,2026-06-29 18:35:02
1024546,222,1,20260629,1955,5,,2026-06-29 18:36:58
1024546,222,1,20260629,1955,6,,2026-06-29 18:37:32
1024546,222,1,20260629,1955,7,,2026-06-29 18:38:33
1024546,222,1,20260629,1955,8,,2026-06-29 18:39:14
1024546,222,1,20260629,1955,9,,2026-06-29 18:39:52
1024546,222,1,20260629,1955,10,,2026-06-29 18:40:18
1024546,222,1,20260629,1955,11,,2026-06-29 18:42:02
1024546,222,1,20260629,1955,12,,2026-06-29 18:42:46
1024546,222,1,20260629,1955,13,,2026-06-29 18:43:53
1024546,222,1,20260629,1955,14,,2026-06-29 18:45:14
1024546,222,1,20260629,1955,15,,2026-06-29 18:46:05
1024546,222,1,20260629,1955,16,,2026-06-29 18:46:51
1024546,222,1,20260629,1955,17,,2026-06-29 18:47:35
1024546,222,1,20260629,1955,18,,2026-06-29 18:49:00
1024553,222,1,20260629,1526,39,,2026-06-29 18:28:50
1024553,222,1,20260629,1526,40,,2026-06-29 18:29:30
1024553,222,1,20260629,1526,999,,2026-06-29 18:31:20
1024573,222,0,20260629,68,41,,2026-06-29 18:30:08
1024573,222,0,20260629,68,999,,2026-06-29 18:33:03
1024575,222,0,20260629,1926,27,,2026-06-29 18:28:44
1024575,222,0,20260629,1926,28,,2026-06-29 18:29:32
1024575,222,0,20260629,1926,29,,2026-06-29 18:29:59
1024575,222,0,20260629,1926,30,,2026-06-29 18:30:25
1024575,222,0,20260629,1926,31,,2026-06-29 18:30:55
1024575,222,0,20260629,1926,32,,2026-06-29 18:31:29
1024575,222,0,20260629,1926,33,,2026-06-29 18:32:39
1024575,222,0,20260629,1926,34,,2026-06-29 18:33:00
1024575,222,0,20260629,1926,35,,2026-06-29 18:34:06
1024575,222,0,20260629,1926,36,,2026-06-29 18:34:42
1024575,222,0,20260629,1926,37,,2026-06-29 18:36:17
1024575,222,0,20260629,1926,38,,2026-06-29 18:37:30
1024575,222,0,20260629,1926,39,,2026-06-29 18:38:22
1024575,222,0,20260629,1926,40,,2026-06-29 18:40:40
1024575,222,0,20260629,1926,41,,2026-06-29 18:42:53
1024575,222,0,20260629,1926,999,,2026-06-29 18:45:40
1024615,222,0,20260629,1955,5,,2026-06-29 18:28:10
1024615,222,0,20260629,1955,6,,2026-06-29 18:29:29
1024615,222,0,20260629,1955,7,,2026-06-29 18:29:57
1024615,222,0,20260629,1955,8,,2026-06-29 18:30:52
1024615,222,0,20260629,1955,9,,2026-06-29 18:31:17
1024615,222,0,20260629,1955,10,,2026-06-29 18:33:22
1024615,222,0,20260629,1955,11,,2026-06-29 18:34:06
1024615,222,0,20260629,1955,12,,2026-06-29 18:34:39
1024615,222,0,20260629,1955,13,,2026-06-29 18:35:12
1024615,222,0,20260629,1955,14,,2026-06-29 18:35:38
1024615,222,0,20260629,1955,15,,2026-06-29 18:37:12
1024615,222,0,20260629,1955,16,,2026-06-29 18:37:26
1024615,222,0,20260629,1955,17,,2026-06-29 18:37:43
1024615,222,0,20260629,1955,18,,2026-06-29 18:38:04
1024615,222,0,20260629,1955,19,,2026-06-29 18:39:11
1024615,222,0,20260629,1955,20,,2026-06-29 18:40:08
1024615,222,0,20260629,1955,21,,2026-06-29 18:41:15
1024615,222,0,20260629,1955,22,,2026-06-29 18:41:40
1024615,222,0,20260629,1955,23,,2026-06-29 18:42:47
1024615,222,0,20260629,1955,24,,2026-06-29 18:42:57
1024615,222,0,20260629,1955,25,,2026-06-29 18:43:44
1024615,222,0,20260629,1955,26,,2026-06-29 18:44:52
1024615,222,0,20260629,1955,27,,2026-06-29 18:45:58
1024615,222,0,20260629,1955,28,,2026-06-29 18:46:53
1024615,222,0,20260629,1955,29,,2026-06-29 18:47:39
1024615,222,0,20260629,1955,30,,2026-06-29 18:48:29
1024615,222,0,20260629,1955,31,,2026-06-29 18:49:26
1024615,222,0,20260629,1955,32,,2026-06-29 18:50:56
1024615,222,0,20260629,1955,33,,2026-06-29 18:52:07
1024615,222,0,20260629,1955,34,,2026-06-29 18:53:18
1024615,222,0,20260629,1955,35,,2026-06-29 18:55:01
1024615,222,0,20260629,1955,36,,2026-06-29 18:55:43
1024908,229,0,20260629,1983,25,,2026-06-29 18:28:07
1024908,229,0,20260629,1983,26,,2026-06-29 18:28:47
1024908,229,0,20260629,1983,27,,2026-06-29 18:29:23
1024908,229,0,20260629,1983,28,,2026-06-29 18:30:00
1024908,229,0,20260629,1983,29,,2026-06-29 18:30:27
1024908,229,0,20260629,1983,30,,2026-06-29 18:31:07
1024908,229,0,20260629,1983,31,,2026-06-29 18:31:42
1024908,229,0,20260629,1983,32,,2026-06-29 18:32:26
1024908,229,0,20260629,1983,33,,2026-06-29 18:32:56
1024908,229,0,20260629,1983,34,,2026-06-29 18:33:52
1024908,229,0,20260629,1983,35,,2026-06-29 18:34:45
1024908,229,0,20260629,1983,999,,2026-06-29 18:35:14
1024930,229,1,20260629,1816,1,,2026-06-29 18:55:14
1024930,229,1,20260629,1816,2,,2026-06-29 18:57:15
1024930,229,1,20260629,1816,3,,2026-06-29 18:58:05
1024949,229F,1,20260629,1816,36,,2026-06-29 18:28:32
1024949,229F,1,20260629,1816,37,,2026-06-29 18:29:13
1024949,229F,1,20260629,1816,38,,2026-06-29 18:30:14
1024949,229F,1,20260629,1816,39,,2026-06-29 18:31:28
1024949,229F,1,20260629,1816,40,,2026-06-29 18:32:30
1024949,229F,1,20260629,1816,41,,2026-06-29 18:32:48
1024949,229F,1,20260629,1816,42,,2026-06-29 18:33:37
1024949,229F,1,20260629,1816,43,,2026-06-29 18:34:14
1024949,229F,1,20260629,1816,44,,2026-06-29 18:34:42
1024949,229F,1,20260629,1816,45,,2026-06-29 18:35:24
1024949,229F,1,20260629,1816,46,,2026-06-29 18:36:01
1024949,229F,1,20260629,1816,47,,2026-06-29 18:36:38
1024949,229F,1,20260629,1816,48,,2026-06-29 18:37:15
1024949,229F,1,20260629,1816,49,,2026-06-29 18:38:01
1024949,229F,1,20260629,1816,50,,2026-06-29 18:39:02
1024949,229F,1,20260629,1816,51,,2026-06-29 18:39:33
1024949,229F,1,20260629,1816,52,,2026-06-29 18:39:57
1024949,229F,1,20260629,1816,53,,2026-06-29 18:40:49
1024949,229F,1,20260629,1816,54,,2026-06-29 18:41:39
1024949,229F,1,20260629,1816,55,,2026-06-29 18:42:20
1024949,229F,1,20260629,1816,56,,2026-06-29 18:42:52
1024949,229F,1,20260629,1816,57,,2026-06-29 18:43:47
1024949,229F,1,20260629,1816,58,,2026-06-29 18:44:12
1024949,229F,1,20260629,1816,59,,2026-06-29 18:44:14
1024949,229F,1,20260629,1816,60,,2026-06-29 18:44:55
1024949,229F,1,20260629,1816,999,,2026-06-29 18:45:47
1024959,229F,1,20260629,537,57,,2026-06-29 18:28:08
1024959,229F,1,20260629,537,58,,2026-06-29 18:28:39
1024959,229F,1,20260629,537,59,,2026-06-29 18:29:01
1024959,229F,1,20260629,537,60,,2026-06-29 18:29:34
1024959,229F,1,20260629,537,999,,2026-06-29 18:30:30
1026376,320,1,20260629,1022,1,,2026-06-29 18:33:10
1026376,320,1,20260629,1022,2,,2026-06-29 18:33:50
1026376,320,1,20260629,1022,3,,2026-06-29 18:34:35
1026376,320,1,20260629,1022,4,,2026-06-29 18:34:33
1026376,320,1,20260629,1022,5,,2026-06-29 18:35:35
1026376,320,1,20260629,1022,6,,2026-06-29 18:36:29
1026376,320,1,20260629,1022,7,,2026-06-29 18:38:29
1026376,320,1,20260629,1022,8,,2026-06-29 18:39:01
1026376,320,1,20260629,1022,9,,2026-06-29 18:40:06
1026376,320,1,20260629,1022,10,,2026-06-29 18:41:33
1026376,320,1,20260629,1022,11,,2026-06-29 18:43:20
1026376,320,1,20260629,1022,12,,2026-06-29 18:43:55
1026376,320,1,20260629,1022,13,,2026-06-29 18:44:32
1026376,320,1,20260629,1022,14,,2026-06-29 18:45:38
1026376,320,1,20260629,1022,15,,2026-06-29 18:46:04
1026376,320,1,20260629,1022,16,,2026-06-29 18:47:11
1026376,320,1,20260629,1022,17,,2026-06-29 18:47:33
1026376,320,1,20260629,1022,18,,2026-06-29 18:48:31
1026376,320,1,20260629,1022,19,,2026-06-29 18:49:26
1026376,320,1,20260629,1022,20,,2026-06-29 18:50:11
1026376,320,1,20260629,1022,21,,2026-06-29 18:50:50
1026376,320,1,20260629,1022,22,,2026-06-29 18:51:47
1026376,320,1,20260629,1022,23,,2026-06-29 18:52:13
1026376,320,1,20260629,1022,24,,2026-06-29 18:52:48
1026376,320,1,20260629,1022,25,,2026-06-29 18:53:23
1026376,320,1,20260629,1022,26,,2026-06-29 18:54:11
1026376,320,1,20260629,1022,27,,2026-06-29 18:54:52
1026376,320,1,20260629,1022,28,,2026-06-29 18:55:54
1026376,320,1,20260629,1022,29,,2026-06-29 18:56:33
1026376,320,1,20260629,1022,30,,2026-06-29 18:56:59
1026376,320,1,20260629,1022,31,,2026-06-29 18:57:27
1026398,320,0,20260629,5807,37,,2026-06-29 18:28:13
1026398,320,0,20260629,5807,38,,2026-06-29 18:29:11
1026398,320,0,20260629,5807,39,,2026-06-29 18:29:30
1026398,320,0,20260629,5807,40,,2026-06-29 18:29:48
1026398,320,0,20260629,5807,999,,2026-06-29 18:30:50
1026468,376,1,20260629,1196,999,,2026-06-29 18:29:15
1027674,528,1,20260629,5715,5,,2026-06-29 18:31:48
1027674,528,1,20260629,5715,6,,2026-06-29 18:34:14
1027674,528,1,20260629,5715,7,,2026-06-29 18:34:43
1027674,528,1,20260629,5715,8,,2026-06-29 18:35:45
1027674,528,1,20260629,5715,9,,2026-06-29 18:36:24
1027674,528,1,20260629,5715,10,,2026-06-29 18:37:00
1027674,528,1,20260629,5715,11,,2026-06-29 18:39:14
1027674,528,1,20260629,5715,12,,2026-06-29 18:40:21
1027674,528,1,20260629,5715,13,,2026-06-29 18:41:18
1027674,528,1,20260629,5715,14,,2026-06-29 18:41:52
1027674,528,1,20260629,5715,15,,2026-06-29 18:42:55
1027674,528,1,20260629,5715,16,,2026-06-29 18:43:50
1027674,528,1,20260629,5715,17,,2026-06-29 18:44:56
1027674,528,1,20260629,5715,18,,2026-06-29 18:45:56
1027674,528,1,20260629,5715,19,,2026-06-29 18:46:23
1027674,528,1,20260629,5715,20,,2026-06-29 18:47:57
1027674,528,1,20260629,5715,21,,2026-06-29 18:48:07
1027674,528,1,20260629,5715,22,,2026-06-29 18:49:06
1027674,528,1,20260629,5715,23,,2026-06-29 18:49:56
1027674,528,1,20260629,5715,24,,2026-06-29 18:51:24
1027674,528,1,20260629,5715,25,,2026-06-29 18:51:47
1027674,528,1,20260629,5715,999,,2026-06-29 18:52:39
1028452,578,1,20260629,1560,1,,2026-06-29 18:33:00
1028452,578,1,20260629,1560,2,,2026-06-29 18:34:17
1028452,578,1,20260629,1560,3,,2026-06-29 18:36:53
1028452,578,1,20260629,1560,4,,2026-06-29 18:37:49
1028452,578,1,20260629,1560,5,,2026-06-29 18:45:59
1028452,578,1,20260629,1560,999,,2026-06-29 18:50:00
1028465,578,1,20260629,1486,7,,2026-06-29 18:30:06
1028465,578,1,20260629,1486,8,,2026-06-29 18:30:17
1028465,578,1,20260629,1486,9,,2026-06-29 18:31:31
1028465,578,1,20260629,1486,10,,2026-06-29 18:32:14
1028465,578,1,20260629,1486,11,,2026-06-29 18:32:37
1028465,578,1,20260629,1486,12,,2026-06-29 18:33:36
1028465,578,1,20260629,1486,13,,2026-06-29 18:34:07
1028465,578,1,20260629,1486,14,,2026-06-29 18:34:33
1028465,578,1,20260629,1486,15,,2026-06-29 18:35:08
1028465,578,1,20260629,1486,16,,2026-06-29 18:35:47
1028465,578,1,20260629,1486,17,,2026-06-29 18:36:38
1028465,578,1,20260629,1486,18,,2026-06-29 18:37:02
1028465,578,1,20260629,1486,19,,2026-06-29 18:37:11
1028465,578,1,20260629,1486,20,,2026-06-29 18:38:00
1028465,578,1,20260629,1486,21,,2026-06-29 18:38:43
1028465,578,1,20260629,1486,22,,2026-06-29 18:39:20
1028465,578,1,20260629,1486,23,,2026-06-29 18:40:13
1028465,578,1,20260629,1486,24,,2026-06-29 18:40:51
1028465,578,1,20260629,1486,25,,2026-06-29 18:42:18
1028465,578,1,20260629,1486,26,,2026-06-29 18:43:15
1028465,578,1,20260629,1486,27,,2026-06-29 18:43:40
1028465,578,1,20260629,1486,28,,2026-06-29 18:44:06
1028465,578,1,20260629,1486,999,,2026-06-29 18:44:28
1028490,591C,0,20260629,1128,24,,2026-06-29 18:28:30
1028490,591C,0,20260629,1128,25,,2026-06-29 18:29:12
1028490,591C,0,20260629,1128,26,,2026-06-29 18:29:42
1028490,591C,0,20260629,1128,27,,2026-06-29 18:30:27
1028490,591C,0,20260629,1128,28,,2026-06-29 18:31:44
1028490,591C,0,20260629,1128,29,,2026-06-29 18:32:52
1028490,591C,0,20260629,1128,30,,2026-06-29 18:33:36
1028490,591C,0,20260629,1128,31,,2026-06-29 18:34:52
1028490,591C,0,20260629,1128,32,,2026-06-29 18:35:17
1028490,591C,0,20260629,1128,33,,2026-06-29 18:35:38
1028490,591C,0,20260629,1128,34,,2026-06-29 18:35:57
1028490,591C,0,20260629,1128,35,,2026-06-29 18:36:28
1028490,591C,0,20260629,1128,36,,2026-06-29 18:36:58
1028490,591C,0,20260629,1128,37,,2026-06-29 18:37:34
1028490,591C,0,20260629,1128,38,,2026-06-29 18:37:57
1028490,591C,0,20260629,1128,39,,2026-06-29 18:38:23
1028490,591C,0,20260629,1128,40,,2026-06-29 18:38:46
1028490,591C,0,20260629,1128,41,,2026-06-29 18:39:35
1028490,591C,0,20260629,1128,42,,2026-06-29 18:40:12
1028490,591C,0,20260629,1128,999,,2026-06-29 18:42:44
1028498,600,1,20260629,1532,32,,2026-06-29 18:28:48
1028498,600,1,20260629,1532,33,,2026-06-29 18:29:54
1028498,600,1,20260629,1532,34,,2026-06-29 18:31:04
1028498,600,1,20260629,1532,35,,2026-06-29 18:31:44
1028498,600,1,20260629,1532,36,,2026-06-29 18:33:05
1028498,600,1,20260629,1532,37,,2026-06-29 18:33:43
1028498,600,1,20260629,1532,38,,2026-06-29 18:34:37
1028498,600,1,20260629,1532,39,,2026-06-29 18:35:06
1028498,600,1,20260629,1532,40,,2026-06-29 18:35:33
1028498,600,1,20260629,1532,41,,2026-06-29 18:36:27
1028498,600,1,20260629,1532,42,,2026-06-29 18:37:06
1028498,600,1,20260629,1532,43,,2026-06-29 18:37:34
1028498,600,1,20260629,1532,44,,2026-06-29 18:38:02
1028498,600,1,20260629,1532,45,,2026-06-29 18:38:56
1028498,600,1,20260629,1532,46,,2026-06-29 18:39:26
1028498,600,1,20260629,1532,47,,2026-06-29 18:40:16
1028498,600,1,20260629,1532,48,,2026-06-29 18:41:09
1028498,600,1,20260629,1532,49,,2026-06-29 18:42:23
1028498,600,1,20260629,1532,50,,2026-06-29 18:42:48
1028498,600,1,20260629,1532,51,,2026-06-29 18:43:20
1028498,600,1,20260629,1532,52,,2026-06-29 18:43:52
1028498,600,1,20260629,1532,53,,2026-06-29 18:44:02
1028498,600,1,20260629,1532,54,,2026-06-29 18:45:07
1028498,600,1,20260629,1532,55,,2026-06-29 18:45:38
1028498,600,1,20260629,1532,56,,2026-06-29 18:46:09
1028498,600,1,20260629,1532,57,,2026-06-29 18:46:58
1028498,600,1,20260629,1532,58,,2026-06-29 18:47:24
1028498,600,1,20260629,1532,59,,2026-06-29 18:48:10
1028498,600,1,20260629,1532,60,,2026-06-29 18:48:48
1028498,600,1,20260629,1532,61,,2026-06-29 18:49:32
1028498,600,1,20260629,1532,62,,2026-06-29 18:50:16
1028498,600,1,20260629,1532,63,,2026-06-29 18:50:44
1028498,600,1,20260629,1532,64,,2026-06-29 18:51:31
1028498,600,1,20260629,1532,65,,2026-06-29 18:51:45
1028498,600,1,20260629,1532,66,,2026-06-29 18:52:04
1028498,600,1,20260629,1532,67,,2026-06-29 18:52:50
1028498,600,1,20260629,1532,68,,2026-06-29 18:53:53
1028498,600,1,20260629,1532,69,,2026-06-29 18:54:12
1028498,600,1,20260629,1532,70,,2026-06-29 18:55:03
1028498,600,1,20260629,1532,71,,2026-06-29 18:55:45
1028498,600,1,20260629,1532,72,,2026-06-29 18:56:33
1028498,600,1,20260629,1532,73,,2026-06-29 18:57:14
1028498,600,1,20260629,1532,74,,2026-06-29 18:57:47
1028498,600,1,20260629,1532,75,,2026-06-29 18:58:27
1028498,600,1,20260629,1532,76,,2026-06-29 18:59:30
1028512,600,0,20260629,1081,21,,2026-06-29 18:29:22
1028512,600,0,20260629,1081,22,,2026-06-29 18:29:56
1028512,600,0,20260629,1081,23,,2026-06-29 18:30:17
1028512,600,0,20260629,1081,24,,2026-06-29 18:31:21
1028512,600,0,20260629,1081,25,,2026-06-29 18:31:42
1028512,600,0,20260629,1081,26,,2026-06-29 18:32:00
1028512,600,0,20260629,1081,999,,2026-06-29 18:33:29
1028519,600,0,20260629,5727,46,,2026-06-29 18:28:05
1028519,600,0,20260629,5727,47,,2026-06-29 18:29:18
1028519,600,0,20260629,5727,48,,2026-06-29 18:30:42
1028519,600,0,20260629,5727,49,,2026-06-29 18:31:36
1028519,600,0,20260629,5727,50,,2026-06-29 18:32:46
1028519,600,0,20260629,5727,51,,2026-06-29 18:33:29
1028519,600,0,20260629,5727,52,,2026-06-29 18:34:32
1028519,600,0,20260629,5727,53,,2026-06-29 18:35:05
1028519,600,0,20260629,5727,54,,2026-06-29 18:35:36
1028519,600,0,20260629,5727,55,,2026-06-29 18:36:00
1028519,600,0,20260629,5727,56,,2026-06-29 18:36:36
1028519,600,0,20260629,5727,57,,2026-06-29 18:38:08
1028519,600,0,20260629,5727,58,,2026-06-29 18:38:34
1028519,600,0,20260629,5727,59,,2026-06-29 18:39:08
1028519,600,0,20260629,5727,60,,2026-06-29 18:39:45
1028519,600,0,20260629,5727,61,,2026-06-29 18:40:07
1028519,600,0,20260629,5727,62,,2026-06-29 18:40:39
1028519,600,0,20260629,5727,63,,2026-06-29 18:41:16
1028519,600,0,20260629,5727,64,,2026-06-29 18:41:47
1028519,600,0,20260629,5727,65,,2026-06-29 18:42:02
1028519,600,0,20260629,5727,66,,2026-06-29 18:42:36
1028519,600,0,20260629,5727,67,,2026-06-29 18:43:20
1028519,600,0,20260629,5727,68,,2026-06-29 18:43:13
1028519,600,0,20260629,5727,69,,2026-06-29 18:43:38
1028519,600,0,20260629,5727,70,,2026-06-29 18:44:20
1028519,600,0,20260629,5727,71,,2026-06-29 18:45:18
1028519,600,0,20260629,5727,72,,2026-06-29 18:45:22
1028519,600,0,20260629,5727,73,,2026-06-29 18:47:03
1028519,600,0,20260629,5727,74,,2026-06-29 18:48:17
1028519,600,0,20260629,5727,75,,2026-06-29 18:50:30
1028519,600,0,20260629,5727,76,,2026-06-29 18:52:27
1028519,600,0,20260629,5727,77,,2026-06-29 18:53:26
1028519,600,0,20260629,5727,78,,2026-06-29 18:54:21
1028519,600,0,20260629,5727,79,,2026-06-29 18:56:09
1028519,600,0,20260629,5727,80,,2026-06-29 18:57:08
1028529,600A,1,20260629,1068,3,,2026-06-29 18:28:49
1028529,600A,1,20260629,1068,4,,2026-06-29 18:29:55
1028529,600A,1,20260629,1068,5,,2026-06-29 18:31:57
1028529,600A,1,20260629,1068,6,,2026-06-29 18:33:43
1028529,600A,1,20260629,1068,7,,2026-06-29 18:35:19
1028529,600A,1,20260629,1068,8,,2026-06-29 18:37:59
1028529,600A,1,20260629,1068,9,,2026-06-29 18:39:00
1028529,600A,1,20260629,1068,10,,2026-06-29 18:40:07
1028529,600A,1,20260629,1068,11,,2026-06-29 18:40:26
1028529,600A,1,20260629,1068,12,,2026-06-29 18:41:01
1028529,600A,1,20260629,1068,13,,2026-06-29 18:42:20
1028529,600A,1,20260629,1068,14,,2026-06-29 18:42:59
1028529,600A,1,20260629,1068,15,,2026-06-29 18:43:34
1028529,600A,1,20260629,1068,16,,2026-06-29 18:44:35
1028529,600A,1,20260629,1068,17,,2026-06-29 18:45:12
1028529,600A,1,20260629,1068,18,,2026-06-29 18:45:47
1028529,600A,1,20260629,1068,19,,2026-06-29 18:46:41
1028529,600A,1,20260629,1068,20,,2026-06-29 18:46:07
1028529,600A,1,20260629,1068,21,,2026-06-29 18:46:57
1028529,600A,1,20260629,1068,22,,2026-06-29 18:47:30
1028529,600A,1,20260629,1068,23,,2026-06-29 18:48:13
1028529,600A,1,20260629,1068,24,,2026-06-29 18:48:53
1028529,600A,1,20260629,1068,25,,2026-06-29 18:49:14
1028529,600A,1,20260629,1068,26,,2026-06-29 18:49:44
1028529,600A,1,20260629,1068,27,,2026-06-29 18:55:13
1028529,600A,1,20260629,1068,28,,2026-06-29 18:55:21
1028577,605,1,20260629,1987,999,,2026-06-29 18:29:54
1028578,605,1,20260629,5804,1,,2026-06-29 18:56:00
1028578,605,1,20260629,5804,2,,2026-06-29 18:57:34
1028578,605,1,20260629,5804,3,,2026-06-29 18:58:27
1028578,605,1,20260629,5804,4,,2026-06-29 18:58:44
1028582,605,1,20260629,5834,1,,2026-06-29 18:36:26
1028582,605,1,20260629,5834,2,,2026-06-29 18:38:55
1028582,605,1,20260629,5834,3,,2026-06-29 18:39:43
1028582,605,1,20260629,5834,4,,2026-06-29 18:40:04
1028582,605,1,20260629,5834,5,,2026-06-29 18:40:41
1028582,605,1,20260629,5834,6,,2026-06-29 18:41:29
1028582,605,1,20260629,5834,7,,2026-06-29 18:42:09
1028582,605,1,20260629,5834,8,,2026-06-29 18:43:22
1028582,605,1,20260629,5834,9,,2026-06-29 18:43:53
1028582,605,1,20260629,5834,10,,2026-06-29 18:45:08
1028582,605,1,20260629,5834,11,,2026-06-29 18:45:44
1028582,605,1,20260629,5834,12,,2026-06-29 18:46:23
1028582,605,1,20260629,5834,13,,2026-06-29 18:47:03
1028582,605,1,20260629,5834,14,,2026-06-29 18:47:22
1028582,605,1,20260629,5834,15,,2026-06-29 18:47:49
1028582,605,1,20260629,5834,16,,2026-06-29 18:48:13
1028582,605,1,20260629,5834,17,,2026-06-29 18:48:07
1028582,605,1,20260629,5834,18,,2026-06-29 18:49:04
1028582,605,1,20260629,5834,19,,2026-06-29 18:49:42
1028582,605,1,20260629,5834,20,,2026-06-29 18:50:06
1028582,605,1,20260629,5834,21,,2026-06-29 18:50:42
1028582,605,1,20260629,5834,22,,2026-06-29 18:51:19
1028582,605,1,20260629,5834,23,,2026-06-29 18:51:52
1028582,605,1,20260629,5834,24,,2026-06-29 18:52:27
1028582,605,1,20260629,5834,25,,2026-06-29 18:53:11
1028582,605,1,20260629,5834,999,,2026-06-29 18:55:22
1028597,645,1,20260629,1082,1,,2026-06-29 18:50:23
1028597,645,1,20260629,1082,2,,2026-06-29 18:50:50
1028597,645,1,20260629,1082,3,,2026-06-29 18:51:34
1028597,645,1,20260629,1082,4,,2026-06-29 18:52:18
1028597,645,1,20260629,1082,5,,2026-06-29 18:53:01
1028597,645,1,20260629,1082,6,,2026-06-29 18:53:48
1028597,645,1,20260629,1082,7,,2026-06-29 18:54:08
1028597,645,1,20260629,1082,8,,2026-06-29 18:55:00
1028597,645,1,20260629,1082,9,,2026-06-29 18:55:37
1028597,645,1,20260629,1082,10,,2026-06-29 18:56:11
1028597,645,1,20260629,1082,11,,2026-06-29 18:56:49
1028597,645,1,20260629,1082,12,,2026-06-29 18:57:37
1028597,645,1,20260629,1082,13,,2026-06-29 18:58:12
1028611,645,1,20260629,1086,1,,2026-06-29 19:33:00
1028611,645,1,20260629,1086,2,,2026-06-29 19:33:27
1028611,645,1,20260629,1086,3,,2026-06-29 19:34:11
1028611,645,1,20260629,1086,4,,2026-06-29 19:34:55
1028611,645,1,20260629,1086,5,,2026-06-29 19:35:38
1028611,645,1,20260629,1086,6,,2026-06-29 19:36:25
1028611,645,1,20260629,1086,7,,2026-06-29 19:36:45
1028611,645,1,20260629,1086,8,,2026-06-29 19:37:37
1028611,645,1,20260629,1086,9,,2026-06-29 19:38:14
1028611,645,1,20260629,1086,10,,2026-06-29 19:38:48
1028611,645,1,20260629,1086,11,,2026-06-29 19:39:26
1028611,645,1,20260629,1086,12,,2026-06-29 19:40:14
1028611,645,1,20260629,1086,13,,2026-06-29 19:40:49
1028611,645,1,20260629,1086,999,,2026-06-29 19:42:00
1028949,H24,1,20260629,1184,18,,2026-06-29 18:29:09
1028949,H24,1,20260629,1184,19,,2026-06-29 18:30:22
1028949,H24,1,20260629,1184,20,,2026-06-29 18:31:53
1028949,H24,1,20260629,1184,21,,2026-06-29 18:32:42
1028949,H24,1,20260629,1184,22,,2026-06-29 18:33:38
1028949,H24,1,20260629,1184,999,,2026-06-29 18:34:36
1028986,H30,0,20260629,1781,24,,2026-06-29 18:28:20
1028986,H30,0,20260629,1781,25,,2026-06-29 18:28:54
1028986,H30,0,20260629,1781,26,,2026-06-29 18:29:23
1028986,H30,0,20260629,1781,27,,2026-06-29 18:30:22
1028986,H30,0,20260629,1781,28,,2026-06-29 18:31:10
1028986,H30,0,20260629,1781,29,,2026-06-29 18:31:50
1028986,H30,0,20260629,1781,30,,2026-06-29 18:32:37
1028986,H30,0,20260629,1781,31,,2026-06-29 18:33:20
1028986,H30,0,20260629,1781,32,,2026-06-29 18:34:13
1028986,H30,0,20260629,1781,33,,2026-06-29 18:34:31
1028986,H30,0,20260629,1781,34,,2026-06-29 18:35:17
1028986,H30,0,20260629,1781,35,,2026-06-29 18:35:21
1028986,H30,0,20260629,1781,36,,2026-06-29 18:35:41
1028986,H30,0,20260629,1781,37,,2026-06-29 18:38:13
1028986,H30,0,20260629,1781,38,,2026-06-29 18:38:37
1028986,H30,0,20260629,1781,39,,2026-06-29 18:39:31
1028986,H30,0,20260629,1781,40,,2026-06-29 18:40:02
1028986,H30,0,20260629,1781,41,,2026-06-29 18:40:43
1028986,H30,0,20260629,1781,42,,2026-06-29 18:42:07
1028986,H30,0,20260629,1781,43,,2026-06-29 18:42:56
1028986,H30,0,20260629,1781,44,,2026-06-29 18:43:31
1028986,H30,0,20260629,1781,45,,2026-06-29 18:45:38
1028986,H30,0,20260629,1781,46,,2026-06-29 18:47:34
1028986,H30,0,20260629,1781,47,,2026-06-29 18:49:09
1028986,H30,0,20260629,1781,48,,2026-06-29 18:52:03
1028986,H30,0,20260629,1781,49,,2026-06-29 18:53:46
1028986,H30,0,20260629,1781,50,,2026-06-29 18:54:04
1028986,H30,0,20260629,1781,51,,2026-06-29 18:54:44
1028986,H30,0,20260629,1781,52,,2026-06-29 18:57:16
1028986,H30,0,20260629,1781,53,,2026-06-29 18:57:55
1028986,H30,0,20260629,1781,54,,2026-06-29 18:58:41
1028989,H30,1,20260629,1107,73,,2026-06-29 18:29:34
1028989,H30,1,20260629,1107,74,,2026-06-29 18:30:14
1028989,H30,1,20260629,1107,75,,2026-06-29 18:30:50
1028989,H30,1,20260629,1107,76,,2026-06-29 18:31:32
1028989,H30,1,20260629,1107,77,,2026-06-29 18:32:14
1028989,H30,1,20260629,1107,78,,2026-06-29 18:32:37
1028989,H30,1,20260629,1107,79,,2026-06-29 18:33:02
1028989,H30,1,20260629,1107,80,,2026-06-29 18:33:52
1028989,H30,1,20260629,1107,81,,2026-06-29 18:34:37
1028989,H30,1,20260629,1107,82,,2026-06-29 18:35:14
1028989,H30,1,20260629,1107,83,,2026-06-29 18:35:55
1028989,H30,1,20260629,1107,84,,2026-06-29 18:37:28
1028989,H30,1,20260629,1107,85,,2026-06-29 18:37:41
1028989,H30,1,20260629,1107,86,,2026-06-29 18:38:35
1028989,H30,1,20260629,1107,87,,2026-06-29 18:39:06
1028989,H30,1,20260629,1107,88,,2026-06-29 18:39:23
1028989,H30,1,20260629,1107,89,,2026-06-29 18:40:19
1028989,H30,1,20260629,1107,90,,2026-06-29 18:42:05
1028989,H30,1,20260629,1107,91,,2026-06-29 18:43:06
1028989,H30,1,20260629,1107,92,,2026-06-29 18:43:51
1028989,H30,1,20260629,1107,93,,2026-06-29 18:44:30
1028989,H30,1,20260629,1107,999,,2026-06-29 18:45:55
1028990,H30,0,20260629,1245,30,,2026-06-29 18:28:06
1028990,H30,0,20260629,1245,31,,2026-06-29 18:29:00
1028990,H30,0,20260629,1245,32,,2026-06-29 18:29:55
1028990,H30,0,20260629,1245,33,,2026-06-29 18:30:16
1028990,H30,0,20260629,1245,34,,2026-06-29 18:31:00
1028990,H30,0,20260629,1245,35,,2026-06-29 18:31:27
1028990,H30,0,20260629,1245,36,,2026-06-29 18:31:49
1028990,H30,0,20260629,1245,37,,2026-06-29 18:34:00
1028990,H30,0,20260629,1245,38,,2026-06-29 18:34:15
1028990,H30,0,20260629,1245,39,,2026-06-29 18:35:10
1028990,H30,0,20260629,1245,40,,2026-06-29 18:35:43
1028990,H30,0,20260629,1245,41,,2026-06-29 18:36:37
1028990,H30,0,20260629,1245,42,,2026-06-29 18:38:12
1028990,H30,0,20260629,1245,43,,2026-06-29 18:38:32
1028990,H30,0,20260629,1245,44,,2026-06-29 18:39:43
1028990,H30,0,20260629,1245,45,,2026-06-29 18:40:50
1028990,H30,0,20260629,1245,46,,2026-06-29 18:43:19
1028990,H30,0,20260629,1245,47,,2026-06-29 18:44:51
1028990,H30,0,20260629,1245,48,,2026-06-29 18:46:43
1028990,H30,0,20260629,1245,49,,2026-06-29 18:48:26
1028990,H30,0,20260629,1245,50,,2026-06-29 18:48:44
1028990,H30,0,20260629,1245,51,,2026-06-29 18:49:24
1028990,H30,0,20260629,1245,52,,2026-06-29 18:51:56
1028990,H30,0,20260629,1245,53,,2026-06-29 18:52:35
1028990,H30,0,20260629,1245,54,,2026-06-29 18:53:21
1028990,H30,0,20260629,1245,55,,2026-06-29 18:54:00
1028990,H30,0,20260629,1245,56,,2026-06-29 18:54:47
1028990,H30,0,20260629,1245,57,,2026-06-29 18:55:36
1028990,H30,0,20260629,1245,58,,2026-06-29 18:56:12
1029013,H30,0,20260629,1116,1,,2026-06-29 18:45:00
1029013,H30,0,20260629,1116,2,,2026-06-29 18:46:15
1029013,H30,0,20260629,1116,3,,2026-06-29 18:46:45
1029013,H30,0,20260629,1116,4,,2026-06-29 18:47:38
1029013,H30,0,20260629,1116,5,,2026-06-29 18:48:59
1029013,H30,0,20260629,1116,6,,2026-06-29 18:49:40
1029013,H30,0,20260629,1116,7,,2026-06-29 18:50:49
1029013,H30,0,20260629,1116,8,,2026-06-29 18:51:36
1029013,H30,0,20260629,1116,9,,2026-06-29 18:52:17
1029013,H30,0,20260629,1116,10,,2026-06-29 18:53:06
1029013,H30,0,20260629,1116,11,,2026-06-29 18:54:06
1029013,H30,0,20260629,1116,12,,2026-06-29 18:55:00
1029013,H30,0,20260629,1116,13,,2026-06-29 18:55:50
1029013,H30,0,20260629,1116,14,,2026-06-29 18:56:35
1029013,H30,0,20260629,1116,15,,2026-06-29 18:57:04
1029013,H30,0,20260629,1116,16,,2026-06-29 18:58:01
1029013,H30,0,20260629,1116,17,,2026-06-29 18:58:32
1029013,H30,0,20260629,1116,18,,2026-06-29 18:59:05
1029013,H30,0,20260629,1116,19,,2026-06-29 18:59:26
1029013,H30,0,20260629,1116,20,,2026-06-29 19:00:02
1029013,H30,0,20260629,1116,21,,2026-06-29 19:00:32
1029013,H30,0,20260629,1116,22,,2026-06-29 19:01:03
1029013,H30,0,20260629,1116,23,,2026-06-29 19:01:38
1029013,H30,0,20260629,1116,24,,2026-06-29 19:02:17
1029013,H30,0,20260629,1116,25,,2026-06-29 19:02:57
1029013,H30,0,20260629,1116,26,,2026-06-29 19:03:44
1029013,H30,0,20260629,1116,27,,2026-06-29 19:04:29
1029013,H30,0,20260629,1116,28,,2026-06-29 19:04:47
1029013,H30,0,20260629,1116,29,,2026-06-29 19:05:22
1029029,H30,1,20260629,1944,14,,2026-06-29 18:28:37
1029029,H30,1,20260629,1944,15,,2026-06-29 18:29:15
1029029,H30,1,20260629,1944,16,,2026-06-29 18:29:51
1029029,H30,1,20260629,1944,17,,2026-06-29 18:30:24
1029029,H30,1,20260629,1944,18,,2026-06-29 18:31:17
1029029,H30,1,20260629,1944,19,,2026-06-29 18:32:16
1029029,H30,1,20260629,1944,20,,2026-06-29 18:32:42
1029029,H30,1,20260629,1944,21,,2026-06-29 18:33:32
1029029,H30,1,20260629,1944,22,,2026-06-29 18:34:06
1029029,H30,1,20260629,1944,23,,2026-06-29 18:34:41
1029029,H30,1,20260629,1944,24,,2026-06-29 18:35:24
1029029,H30,1,20260629,1944,25,,2026-06-29 18:35:58
1029029,H30,1,20260629,1944,26,,2026-06-29 18:36:27
1029029,H30,1,20260629,1944,27,,2026-06-29 18:36:57
1029029,H30,1,20260629,1944,28,,2026-06-29 18:37:54
1029029,H30,1,20260629,1944,29,,2026-06-29 18:38:55
1029029,H30,1,20260629,1944,30,,2026-06-29 18:39:24
1029029,H30,1,20260629,1944,31,,2026-06-29 18:39:27
1029029,H30,1,20260629,1944,32,,2026-06-29 18:40:20
1029029,H30,1,20260629,1944,33,,2026-06-29 18:41:19
1029029,H30,1,20260629,1944,34,,2026-06-29 18:42:02
1029029,H30,1,20260629,1944,35,,2026-06-29 18:42:19
1029029,H30,1,20260629,1944,36,,2026-06-29 18:43:00
1029029,H30,1,20260629,1944,37,,2026-06-29 18:43:29
1029029,H30,1,20260629,1944,38,,2026-06-29 18:45:19
1029029,H30,1,20260629,1944,39,,2026-06-29 18:45:52
1029029,H30,1,20260629,1944,40,,2026-06-29 18:47:01
1029029,H30,1,20260629,1944,41,,2026-06-29 18:47:55
1029029,H30,1,20260629,1944,42,,2026-06-29 18:48:16
1029029,H30,1,20260629,1944,43,,2026-06-29 18:49:17
1029029,H30,1,20260629,1944,44,,2026-06-29 18:49:53
1029029,H30,1,20260629,1944,45,,2026-06-29 18:50:43
1029029,H30,1,20260629,1944,46,,2026-06-29 18:53:11
1029029,H30,1,20260629,1944,47,,2026-06-29 18:53:57
1029029,H30,1,20260629,1944,48,,2026-06-29 18:54:39
1029029,H30,1,20260629,1944,49,,2026-06-29 18:56:44
1029052,H30C,1,20260629,1046,1,,2026-06-29 18:37:00
1029052,H30C,1,20260629,1046,2,,2026-06-29 18:38:24
1029052,H30C,1,20260629,1046,3,,2026-06-29 18:39:17
1029052,H30C,1,20260629,1046,4,,2026-06-29 18:40:32
1029052,H30C,1,20260629,1046,5,,2026-06-29 18:40:59
1029052,H30C,1,20260629,1046,6,,2026-06-29 18:41:21
1029052,H30C,1,20260629,1046,7,,2026-06-29 18:42:11
1029052,H30C,1,20260629,1046,8,,2026-06-29 18:43:01
1029052,H30C,1,20260629,1046,9,,2026-06-29 18:43:46
1029052,H30C,1,20260629,1046,10,,2026-06-29 18:43:52
1029052,H30C,1,20260629,1046,11,,2026-06-29 18:44:35
1029052,H30C,1,20260629,1046,12,,2026-06-29 18:45:16
1029052,H30C,1,20260629,1046,13,,2026-06-29 18:45:50
1029052,H30C,1,20260629,1046,14,,2026-06-29 18:46:29
1029052,H30C,1,20260629,1046,15,,2026-06-29 18:47:16
1029052,H30C,1,20260629,1046,16,,2026-06-29 18:48:04
1029052,H30C,1,20260629,1046,17,,2026-06-29 18:48:46
1029052,H30C,1,20260629,1046,18,,2026-06-29 18:49:36
1029052,H30C,1,20260629,1046,19,,2026-06-29 18:50:17
1029052,H30C,1,20260629,1046,20,,2026-06-29 18:50:44
1029052,H30C,1,20260629,1046,21,,2026-06-29 18:51:16
1029052,H30C,1,20260629,1046,22,,2026-06-29 18:51:48
1029052,H30C,1,20260629,1046,23,,2026-06-29 18:52:34
1029052,H30C,1,20260629,1046,24,,2026-06-29 18:53:19
1029052,H30C,1,20260629,1046,25,,2026-06-29 18:53:53
1029052,H30C,1,20260629,1046,26,,2026-06-29 18:54:29
1029052,H30C,1,20260629,1046,27,,2026-06-29 18:55:06
1029052,H30C,1,20260629,1046,28,,2026-06-29 18:55:35
1029052,H30C,1,20260629,1046,29,,2026-06-29 18:56:36
1029052,H30C,1,20260629,1046,30,,2026-06-29 18:57:05
1029052,H30C,1,20260629,1046,31,,2026-06-29 18:57:42
1029052,H30C,1,20260629,1046,32,,2026-06-29 18:58:37
1029052,H30C,1,20260629,1046,33,,2026-06-29 18:59:36
1029052,H30C,1,20260629,1046,34,,2026-06-29 19:00:19
1029061,H30S,1,20260629,5715,51,,2026-06-29 18:31:10
1029061,H30S,1,20260629,5715,52,,2026-06-29 18:32:25
1029061,H30S,1,20260629,5715,53,,2026-06-29 18:33:40
1029061,H30S,1,20260629,5715,54,,2026-06-29 18:34:18
1029061,H30S,1,20260629,5715,55,,2026-06-29 18:35:26
1029061,H30S,1,20260629,5715,56,,2026-06-29 18:36:11
1029061,H30S,1,20260629,5715,57,,2026-06-29 18:36:47
1029061,H30S,1,20260629,5715,58,,2026-06-29 18:37:54
1029061,H30S,1,20260629,5715,59,,2026-06-29 18:38:38
1029061,H30S,1,20260629,5715,60,,2026-06-29 18:39:27
1029061,H30S,1,20260629,5715,61,,2026-06-29 18:40:10
1029061,H30S,1,20260629,5715,62,,2026-06-29 18:40:46
1029061,H30S,1,20260629,5715,63,,2026-06-29 18:41:19
1029061,H30S,1,20260629,5715,64,,2026-06-29 18:42:13
1029061,H30S,1,20260629,5715,65,,2026-06-29 18:43:02
1029061,H30S,1,20260629,5715,66,,2026-06-29 18:43:52
1029061,H30S,1,20260629,5715,67,,2026-06-29 18:44:37
1029061,H30S,1,20260629,5715,68,,2026-06-29 18:46:06
1029061,H30S,1,20260629,5715,69,,2026-06-29 18:46:51
1029061,H30S,1,20260629,5715,70,,2026-06-29 18:47:33
1029061,H30S,1,20260629,5715,71,,2026-06-29 18:48:26
1029061,H30S,1,20260629,5715,72,,2026-06-29 18:49:18
1029061,H30S,1,20260629,5715,73,,2026-06-29 18:50:04
1029061,H30S,1,20260629,5715,74,,2026-06-29 18:50:50
1029061,H30S,1,20260629,5715,75,,2026-06-29 18:51:29
1029061,H30S,1,20260629,5715,76,,2026-06-29 18:52:06
1029061,H30S,1,20260629,5715,77,,2026-06-29 18:52:39
1029061,H30S,1,20260629,5715,78,,2026-06-29 18:53:14
1029061,H30S,1,20260629,5715,79,,2026-06-29 18:53:42
1029061,H30S,1,20260629,5715,80,,2026-06-29 18:54:58
1029061,H30S,1,20260629,5715,81,,2026-06-29 18:55:38
1029061,H30S,1,20260629,5715,82,,2026-06-29 18:56:19
1029061,H30S,1,20260629,5715,999,,2026-06-29 18:57:48
1029069,H30S,1,20260629,1762,62,,2026-06-29 18:28:47
1029069,H30S,1,20260629,1762,63,,2026-06-29 18:29:21
1029069,H30S,1,20260629,1762,64,,2026-06-29 18:30:07
1029069,H30S,1,20260629,1762,65,,2026-06-29 18:30:56
1029069,H30S,1,20260629,1762,66,,2026-06-29 18:31:51
1029069,H30S,1,20260629,1762,67,,2026-06-29 18:32:30
1029069,H30S,1,20260629,1762,68,,2026-06-29 18:34:05
1029069,H30S,1,20260629,1762,69,,2026-06-29 18:34:52
1029069,H30S,1,20260629,1762,70,,2026-06-29 18:35:35
1029069,H30S,1,20260629,1762,71,,2026-06-29 18:36:23
1029069,H30S,1,20260629,1762,72,,2026-06-29 18:37:17
1029069,H30S,1,20260629,1762,73,,2026-06-29 18:39:14
1029069,H30S,1,20260629,1762,74,,2026-06-29 18:39:52
1029069,H30S,1,20260629,1762,75,,2026-06-29 18:40:25
1029069,H30S,1,20260629,1762,76,,2026-06-29 18:41:08
1029069,H30S,1,20260629,1762,77,,2026-06-29 18:41:36
1029069,H30S,1,20260629,1762,78,,2026-06-29 18:42:13
1029069,H30S,1,20260629,1762,79,,2026-06-29 18:42:45
1029069,H30S,1,20260629,1762,80,,2026-06-29 18:43:34
1029069,H30S,1,20260629,1762,81,,2026-06-29 18:44:17
1029069,H30S,1,20260629,1762,82,,2026-06-29 18:45:01
1029069,H30S,1,20260629,1762,999,,2026-06-29 18:45:15
1029113,H33,1,20260629,1763,20,,2026-06-29 18:28:16
1029113,H33,1,20260629,1763,21,,2026-06-29 18:28:54
1029113,H33,1,20260629,1763,22,,2026-06-29 18:29:27
1029113,H33,1,20260629,1763,23,,2026-06-29 18:29:57
1029113,H33,1,20260629,1763,24,,2026-06-29 18:31:14
1029113,H33,1,20260629,1763,25,,2026-06-29 18:31:38
1029113,H33,1,20260629,1763,26,,2026-06-29 18:32:25
1029113,H33,1,20260629,1763,27,,2026-06-29 18:33:07
1029113,H33,1,20260629,1763,28,,2026-06-29 18:33:56
1029113,H33,1,20260629,1763,29,,2026-06-29 18:35:35
1029113,H33,1,20260629,1763,30,,2026-06-29 18:36:00
1029113,H33,1,20260629,1763,31,,2026-06-29 18:36:36
1029113,H33,1,20260629,1763,32,,2026-06-29 18:38:20
1029113,H33,1,20260629,1763,33,,2026-06-29 18:38:56
1029113,H33,1,20260629,1763,34,,2026-06-29 18:39:45
1029113,H33,1,20260629,1763,35,,2026-06-29 18:41:42
1029113,H33,1,20260629,1763,36,,2026-06-29 18:46:45
1029113,H33,1,20260629,1763,37,,2026-06-29 18:49:42
1029113,H33,1,20260629,1763,38,,2026-06-29 18:51:03
1029113,H33,1,20260629,1763,39,,2026-06-29 18:51:58
1029113,H33,1,20260629,1763,40,,2026-06-29 18:52:50
1029113,H33,1,20260629,1763,41,,2026-06-29 18:54:00
1029113,H33,1,20260629,1763,42,,2026-06-29 18:55:00
1029113,H33,1,20260629,1763,43,,2026-06-29 18:55:40
1029115,H33,1,20260629,790,1,,2026-06-29 18:45:00
1029115,H33,1,20260629,790,2,,2026-06-29 18:45:38
1029115,H33,1,20260629,790,3,,2026-06-29 18:46:01
1029115,H33,1,20260629,790,4,,2026-06-29 18:46:38
1029115,H33,1,20260629,790,5,,2026-06-29 18:47:51
1029115,H33,1,20260629,790,6,,2026-06-29 18:48:39
1029115,H33,1,20260629,790,7,,2026-06-29 18:49:17
1029115,H33,1,20260629,790,8,,2026-06-29 18:50:16
1029115,H33,1,20260629,790,9,,2026-06-29 18:50:56
1029115,H33,1,20260629,790,10,,2026-06-29 18:51:32
1029115,H33,1,20260629,790,11,,2026-06-29 18:52:17
1029115,H33,1,20260629,790,12,,2026-06-29 18:53:08
1029115,H33,1,20260629,790,13,,2026-06-29 18:53:15
1029115,H33,1,20260629,790,14,,2026-06-29 18:53:56
1029115,H33,1,20260629,790,15,,2026-06-29 18:55:03
1029115,H33,1,20260629,790,16,,2026-06-29 18:55:25
1029115,H33,1,20260629,790,17,,2026-06-29 18:55:52
1029115,H33,1,20260629,790,18,,2026-06-29 18:56:31
1029115,H33,1,20260629,790,19,,2026-06-29 18:57:39
1029115,H33,1,20260629,790,20,,2026-06-29 18:58:14
1029115,H33,1,20260629,790,21,,2026-06-29 18:58:52
1029115,H33,1,20260629,790,22,,2026-06-29 18:59:25
1029115,H33,1,20260629,790,23,,2026-06-29 18:59:56
1029115,H33,1,20260629,790,24,,2026-06-29 19:01:12
1029115,H33,1,20260629,790,25,,2026-06-29 19:01:36
1029115,H33,1,20260629,790,26,,2026-06-29 19:02:24
1029115,H33,1,20260629,790,27,,2026-06-29 19:03:05
1029115,H33,1,20260629,790,28,,2026-06-29 19:03:54
1029115,H33,1,20260629,790,29,,2026-06-29 19:04:55
1029115,H33,1,20260629,790,30,,2026-06-29 19:05:31
1029115,H33,1,20260629,790,31,,2026-06-29 19:06:21
1029115,H33,1,20260629,790,32,,2026-06-29 19:08:49
1029115,H33,1,20260629,790,33,,2026-06-29 19:09:35
1029115,H33,1,20260629,790,34,,2026-06-29 19:10:17
1029115,H33,1,20260629,790,35,,2026-06-29 19:12:22
1029154,H33,1,20260629,1030,4,,2026-06-29 18:28:51
1029154,H33,1,20260629,1030,5,,2026-06-29 18:31:11
1029154,H33,1,20260629,1030,6,,2026-06-29 18:32:45
1029154,H33,1,20260629,1030,7,,2026-06-29 18:33:15
1029154,H33,1,20260629,1030,8,,2026-06-29 18:34:31
1029154,H33,1,20260629,1030,9,,2026-06-29 18:35:08
1029154,H33,1,20260629,1030,10,,2026-06-29 18:35:40
1029154,H33,1,20260629,1030,11,,2026-06-29 18:36:29
1029154,H33,1,20260629,1030,12,,2026-06-29 18:37:14
1029154,H33,1,20260629,1030,13,,2026-06-29 18:38:25
1029154,H33,1,20260629,1030,14,,2026-06-29 18:38:59
1029154,H33,1,20260629,1030,15,,2026-06-29 18:39:59
1029154,H33,1,20260629,1030,16,,2026-06-29 18:40:28
1029154,H33,1,20260629,1030,17,,2026-06-29 18:41:15
1029154,H33,1,20260629,1030,18,,2026-06-29 18:42:00
1029154,H33,1,20260629,1030,19,,2026-06-29 18:42:49
1029154,H33,1,20260629,1030,20,,2026-06-29 18:43:40
1029154,H33,1,20260629,1030,21,,2026-06-29 18:44:33
1029154,H33,1,20260629,1030,22,,2026-06-29 18:45:44
1029154,H33,1,20260629,1030,23,,2026-06-29 18:46:36
1029154,H33,1,20260629,1030,24,,2026-06-29 18:47:23
1029154,H33,1,20260629,1030,25,,2026-06-29 18:48:15
1029154,H33,1,20260629,1030,26,,2026-06-29 18:49:22
1029154,H33,1,20260629,1030,27,,2026-06-29 18:50:29
1029154,H33,1,20260629,1030,28,,2026-06-29 18:51:08
1029154,H33,1,20260629,1030,29,,2026-06-29 18:52:06
1029154,H33,1,20260629,1030,30,,2026-06-29 18:52:30
1029154,H33,1,20260629,1030,31,,2026-06-29 18:53:59
1029154,H33,1,20260629,1030,999,,2026-06-29 18:54:36
1029158,H33,1,20260629,1048,53,,2026-06-29 18:28:26
1029158,H33,1,20260629,1048,54,,2026-06-29 18:29:21
1029158,H33,1,20260629,1048,55,,2026-06-29 18:30:29
1029158,H33,1,20260629,1048,56,,2026-06-29 18:31:18
1029158,H33,1,20260629,1048,57,,2026-06-29 18:32:08
1029158,H33,1,20260629,1048,58,,2026-06-29 18:33:11
1029158,H33,1,20260629,1048,59,,2026-06-29 18:33:58
1029158,H33,1,20260629,1048,60,,2026-06-29 18:34:49
1029158,H33,1,20260629,1048,61,,2026-06-29 18:36:11
1029158,H33,1,20260629,1048,62,,2026-06-29 18:36:57
1029158,H33,1,20260629,1048,63,,2026-06-29 18:37:23
1029158,H33,1,20260629,1048,64,,2026-06-29 18:38:18
1029158,H33,1,20260629,1048,999,,2026-06-29 18:38:51
1029175,H33,0,20260629,1256,37,,2026-06-29 18:28:37
1029175,H33,0,20260629,1256,38,,2026-06-29 18:30:35
1029175,H33,0,20260629,1256,39,,2026-06-29 18:32:02
1029175,H33,0,20260629,1256,40,,2026-06-29 18:32:37
1029175,H33,0,20260629,1256,41,,2026-06-29 18:33:27
1029175,H33,0,20260629,1256,42,,2026-06-29 18:34:08
1029175,H33,0,20260629,1256,43,,2026-06-29 18:34:43
1029175,H33,0,20260629,1256,44,,2026-06-29 18:35:38
1029175,H33,0,20260629,1256,45,,2026-06-29 18:36:27
1029175,H33,0,20260629,1256,46,,2026-06-29 18:37:09
1029175,H33,0,20260629,1256,47,,2026-06-29 18:37:38
1029175,H33,0,20260629,1256,48,,2026-06-29 18:38:05
1029175,H33,0,20260629,1256,49,,2026-06-29 18:38:54
1029175,H33,0,20260629,1256,50,,2026-06-29 18:39:16
1029175,H33,0,20260629,1256,51,,2026-06-29 18:39:35
1029175,H33,0,20260629,1256,52,,2026-06-29 18:39:55
1029175,H33,0,20260629,1256,53,,2026-06-29 18:40:40
1029175,H33,0,20260629,1256,54,,2026-06-29 18:42:25
1029175,H33,0,20260629,1256,55,,2026-06-29 18:42:52
1029175,H33,0,20260629,1256,56,,2026-06-29 18:43:24
1029175,H33,0,20260629,1256,57,,2026-06-29 18:44:02
1029175,H33,0,20260629,1256,58,,2026-06-29 18:44:25
1029175,H33,0,20260629,1256,59,,2026-06-29 18:45:26
1029175,H33,0,20260629,1256,60,,2026-06-29 18:46:04
1029175,H33,0,20260629,1256,61,,2026-06-29 18:46:40
1029175,H33,0,20260629,1256,62,,2026-06-29 18:47:42
1029175,H33,0,20260629,1256,63,,2026-06-29 18:48:39
1029175,H33,0,20260629,1256,64,,2026-06-29 18:49:28
1029175,H33,0,20260629,1256,65,,2026-06-29 18:50:10
1029175,H33,0,20260629,1256,999,,2026-06-29 18:50:58
1029213,W90,1,20260629,1383,46,,2026-06-29 18:30:05
1029213,W90,1,20260629,1383,47,,2026-06-29 18:32:05
1029213,W90,1,20260629,1383,48,,2026-06-29 18:34:41
1029213,W90,1,20260629,1383,49,,2026-06-29 18:36:22
1029213,W90,1,20260629,1383,50,,2026-06-29 18:38:09
1029213,W90,1,20260629,1383,51,,2026-06-29 18:40:42
1029213,W90,1,20260629,1383,52,,2026-06-29 18:41:29
1029213,W90,1,20260629,1383,53,,2026-06-29 18:41:57
1029213,W90,1,20260629,1383,54,,2026-06-29 18:42:51
1029213,W90,1,20260629,1383,55,,2026-06-29 18:43:28
1029213,W90,1,20260629,1383,56,,2026-06-29 18:44:22
1029213,W90,1,20260629,1383,57,,2026-06-29 18:45:10
1029213,W90,1,20260629,1383,58,,2026-06-29 18:45:45
1029213,W90,1,20260629,1383,59,,2026-06-29 18:46:28
1029213,W90,1,20260629,1383,60,,2026-06-29 18:47:01
1029213,W90,1,20260629,1383,61,,2026-06-29 18:47:41
1029213,W90,1,20260629,1383,62,,2026-06-29 18:48:23
1029213,W90,1,20260629,1383,63,,2026-06-29 18:49:26
1029213,W90,1,20260629,1383,64,,2026-06-29 18:50:24
1029213,W90,1,20260629,1383,65,,2026-06-29 18:51:21
1029213,W90,1,20260629,1383,66,,2026-06-29 18:52:13
1029213,W90,1,20260629,1383,67,,2026-06-29 18:53:43
1029213,W90,1,20260629,1383,68,,2026-06-29 18:54:43
1029213,W90,1,20260629,1383,69,,2026-06-29 18:55:22
1029213,W90,1,20260629,1383,70,,2026-06-29 18:56:15
1029213,W90,1,20260629,1383,71,,2026-06-29 18:57:19
1029213,W90,1,20260629,1383,72,,2026-06-29 18:58:35
1029213,W90,1,20260629,1383,73,,2026-06-29 18:59:13
1029213,W90,1,20260629,1383,74,,2026-06-29 19:00:21
1029213,W90,1,20260629,1383,75,,2026-06-29 19:01:02
1029213,W90,1,20260629,1383,76,,2026-06-29 19:01:52
1029213,W90,1,20260629,1383,77,,2026-06-29 19:02:35
1029213,W90,1,20260629,1383,78,,2026-06-29 19:03:18
1029213,W90,1,20260629,1383,79,,2026-06-29 19:03:42
1029213,W90,1,20260629,1383,80,,2026-06-29 19:04:15
1029231,W90,0,20260629,5811,46,,2026-06-29 18:30:15
1029231,W90,0,20260629,5811,47,,2026-06-29 18:33:33
1029231,W90,0,20260629,5811,48,,2026-06-29 18:34:36
1029231,W90,0,20260629,5811,49,,2026-06-29 18:38:27
1029231,W90,0,20260629,5811,50,,2026-06-29 18:41:38
1029231,W90,0,20260629,5811,51,,2026-06-29 18:43:29
1029231,W90,0,20260629,5811,52,,2026-06-29 18:44:40
1029231,W90,0,20260629,5811,53,,2026-06-29 18:45:15
1029231,W90,0,20260629,5811,54,,2026-06-29 18:46:06
1029231,W90,0,20260629,5811,55,,2026-06-29 18:46:53
1029231,W90,0,20260629,5811,56,,2026-06-29 18:47:36
1029231,W90,0,20260629,5811,57,,2026-06-29 18:48:16
1029231,W90,0,20260629,5811,58,,2026-06-29 18:49:04
1029231,W90,0,20260629,5811,59,,2026-06-29 18:49:42
1029231,W90,0,20260629,5811,60,,2026-06-29 18:50:35
1029231,W90,0,20260629,5811,61,,2026-06-29 18:51:12
1029231,W90,0,20260629,5811,62,,2026-06-29 18:52:12
1029231,W90,0,20260629,5811,63,,2026-06-29 18:52:52
1029231,W90,0,20260629,5811,64,,2026-06-29 18:53:46
1029231,W90,0,20260629,5811,65,,2026-06-29 18:54:20
1029231,W90,0,20260629,5811,66,,2026-06-29 18:54:37
1029231,W90,0,20260629,5811,67,,2026-06-29 18:55:52
1029231,W90,0,20260629,5811,68,,2026-06-29 18:56:47
1029231,W90,0,20260629,5811,69,,2026-06-29 18:57:29
1029231,W90,0,20260629,5811,70,,2026-06-29 18:58:10
1029231,W90,0,20260629,5811,71,,2026-06-29 18:59:11
1029255,W90,1,20260629,1177,78,,2026-06-29 18:28:33
1029255,W90,1,20260629,1177,79,,2026-06-29 18:29:35
1029255,W90,1,20260629,1177,80,,2026-06-29 18:30:41
1029255,W90,1,20260629,1177,81,,2026-06-29 18:31:23
1029255,W90,1,20260629,1177,82,,2026-06-29 18:31:56
1029255,W90,1,20260629,1177,83,,2026-06-29 18:32:18
1029255,W90,1,20260629,1177,84,,2026-06-29 18:32:51
1029255,W90,1,20260629,1177,85,,2026-06-29 18:33:27
1029255,W90,1,20260629,1177,86,,2026-06-29 18:34:01
1029255,W90,1,20260629,1177,87,,2026-06-29 18:34:40
1029255,W90,1,20260629,1177,88,,2026-06-29 18:35:36
1029255,W90,1,20260629,1177,89,,2026-06-29 18:35:58
1029255,W90,1,20260629,1177,90,,2026-06-29 18:37:08
1029255,W90,1,20260629,1177,91,,2026-06-29 18:37:28
1029255,W90,1,20260629,1177,92,,2026-06-29 18:37:49
1029255,W90,1,20260629,1177,999,,2026-06-29 18:39:23
1029257,W90,1,20260629,1086,63,,2026-06-29 18:28:53
1029257,W90,1,20260629,1086,64,,2026-06-29 18:29:51
1029257,W90,1,20260629,1086,65,,2026-06-29 18:30:25
1029257,W90,1,20260629,1086,66,,2026-06-29 18:31:20
1029257,W90,1,20260629,1086,67,,2026-06-29 18:33:00
1029257,W90,1,20260629,1086,68,,2026-06-29 18:33:47
1029257,W90,1,20260629,1086,69,,2026-06-29 18:34:36
1029257,W90,1,20260629,1086,70,,2026-06-29 18:35:27
1029257,W90,1,20260629,1086,71,,2026-06-29 18:36:24
1029257,W90,1,20260629,1086,72,,2026-06-29 18:37:40
1029257,W90,1,20260629,1086,73,,2026-06-29 18:38:35
1029257,W90,1,20260629,1086,74,,2026-06-29 18:39:16
1029257,W90,1,20260629,1086,75,,2026-06-29 18:40:48
1029257,W90,1,20260629,1086,76,,2026-06-29 18:41:15
1029257,W90,1,20260629,1086,77,,2026-06-29 18:42:06
1029257,W90,1,20260629,1086,78,,2026-06-29 18:42:52
1029257,W90,1,20260629,1086,79,,2026-06-29 18:43:59
1029257,W90,1,20260629,1086,80,,2026-06-29 18:45:06
1029257,W90,1,20260629,1086,81,,2026-06-29 18:45:53
1029257,W90,1,20260629,1086,82,,2026-06-29 18:46:29
1029257,W90,1,20260629,1086,83,,2026-06-29 18:47:10
1029257,W90,1,20260629,1086,84,,2026-06-29 18:47:34
1029257,W90,1,20260629,1086,85,,2026-06-29 18:48:35
1029257,W90,1,20260629,1086,86,,2026-06-29 18:49:18
1029257,W90,1,20260629,1086,87,,2026-06-29 18:50:19
1029257,W90,1,20260629,1086,88,,2026-06-29 18:51:10
1029257,W90,1,20260629,1086,89,,2026-06-29 18:51:48
1029257,W90,1,20260629,1086,90,,2026-06-29 18:52:25
1029257,W90,1,20260629,1086,91,,2026-06-29 18:53:37
1029257,W90,1,20260629,1086,92,,2026-06-29 18:54:16
1029257,W90,1,20260629,1086,93,,2026-06-29 18:54:58
1029257,W90,1,20260629,1086,999,,2026-06-29 18:56:26
1029265,W90,0,20260629,5743,69,,2026-06-29 18:28:37
1029265,W90,0,20260629,5743,70,,2026-06-29 18:29:23
1029265,W90,0,20260629,5743,71,,2026-06-29 18:30:11
1029265,W90,0,20260629,5743,72,,2026-06-29 18:30:34
1029265,W90,0,20260629,5743,73,,2026-06-29 18:31:16
1029265,W90,0,20260629,5743,74,,2026-06-29 18:31:45
1029265,W90,0,20260629,5743,75,,2026-06-29 18:32:10
1029265,W90,0,20260629,5743,76,,2026-06-29 18:33:20
1029265,W90,0,20260629,5743,77,,2026-06-29 18:33:38
1029265,W90,0,20260629,5743,78,,2026-06-29 18:34:00
1029265,W90,0,20260629,5743,79,,2026-06-29 18:34:23
1029265,W90,0,20260629,5743,80,,2026-06-29 18:34:52
1029265,W90,0,20260629,5743,81,,2026-06-29 18:35:21
1029265,W90,0,20260629,5743,82,,2026-06-29 18:35:51
1029265,W90,0,20260629,5743,83,,2026-06-29 18:36:33
1029265,W90,0,20260629,5743,84,,2026-06-29 18:37:44
1029265,W90,0,20260629,5743,85,,2026-06-29 18:37:48
1029265,W90,0,20260629,5743,86,,2026-06-29 18:38:47
1029265,W90,0,20260629,5743,87,,2026-06-29 18:39:13
1029265,W90,0,20260629,5743,88,,2026-06-29 18:39:26
1029265,W90,0,20260629,5743,89,,2026-06-29 18:40:27
1029265,W90,0,20260629,5743,90,,2026-06-29 18:40:24
1029265,W90,0,20260629,5743,91,,2026-06-29 18:41:06
1029265,W90,0,20260629,5743,92,,2026-06-29 18:41:30
1029265,W90,0,20260629,5743,93,,2026-06-29 18:42:40
1029265,W90,0,20260629,5743,999,,2026-06-29 18:42:59
1029270,W90M,0,20260629,1242,1,,2026-06-29 18:29:00
1029270,W90M,0,20260629,1242,2,,2026-06-29 18:30:07
1029270,W90M,0,20260629,1242,3,,2026-06-29 18:30:41
1029270,W90M,0,20260629,1242,4,,2026-06-29 18:30:47
1029270,W90M,0,20260629,1242,5,,2026-06-29 18:31:57
1029270,W90M,0,20260629,1242,6,,2026-06-29 18:32:47
1029270,W90M,0,20260629,1242,7,,2026-06-29 18:33:39
1029270,W90M,0,20260629,1242,8,,2026-06-29 18:34:14
1029270,W90M,0,20260629,1242,9,,2026-06-29 18:34:52
1029270,W90M,0,20260629,1242,10,,2026-06-29 18:35:44
1029270,W90M,0,20260629,1242,11,,2026-06-29 18:36:16
1029270,W90M,0,20260629,1242,12,,2026-06-29 18:36:42
1029270,W90M,0,20260629,1242,13,,2026-06-29 18:37:15
1029270,W90M,0,20260629,1242,14,,2026-06-29 18:37:42
1029270,W90M,0,20260629,1242,15,,2026-06-29 18:38:22
1029270,W90M,0,20260629,1242,16,,2026-06-29 18:39:29
1029270,W90M,0,20260629,1242,17,,2026-06-29 18:40:12
1029270,W90M,0,20260629,1242,18,,2026-06-29 18:41:05
1029270,W90M,0,20260629,1242,19,,2026-06-29 18:42:01
1029270,W90M,0,20260629,1242,20,,2026-06-29 18:43:30
1029270,W90M,0,20260629,1242,21,,2026-06-29 18:43:44
1029270,W90M,0,20260629,1242,22,,2026-06-29 18:44:16
1029270,W90M,0,20260629,1242,23,,2026-06-29 18:45:02
1029270,W90M,0,20260629,1242,24,,2026-06-29 18:45:50
1029270,W90M,0,20260629,1242,25,,2026-06-29 18:46:37
1029270,W90M,0,20260629,1242,26,,2026-06-29 18:47:18
1029270,W90M,0,20260629,1242,27,,2026-06-29 18:47:52
1029270,W90M,0,20260629,1242,28,,2026-06-29 18:49:46
1029270,W90M,0,20260629,1242,29,,2026-06-29 18:50:20
1029270,W90M,0,20260629,1242,30,,2026-06-29 18:50:59
1029270,W90M,0,20260629,1242,31,,2026-06-29 18:51:35
1029270,W90M,0,20260629,1242,32,,2026-06-29 18:52:21
1029270,W90M,0,20260629,1242,33,,2026-06-29 18:53:07
1029270,W90M,0,20260629,1242,34,,2026-06-29 18:54:03
1029270,W90M,0,20260629,1242,35,,2026-06-29 18:54:51
1029270,W90M,0,20260629,1242,36,,2026-06-29 18:55:38
1029270,W90M,0,20260629,1242,37,,2026-06-29 18:56:18
1029270,W90M,0,20260629,1242,38,,2026-06-29 18:57:12
1029270,W90M,0,20260629,1242,39,,2026-06-29 18:58:14
1029270,W90M,0,20260629,1242,40,,2026-06-29 18:59:02
1029270,W90M,0,20260629,1242,41,,2026-06-29 18:59:56
1029292,W91,0,20260629,1807,38,,2026-06-29 18:28:42
1029292,W91,0,20260629,1807,39,,2026-06-29 18:29:21
1029292,W91,0,20260629,1807,40,,2026-06-29 18:30:01
1029292,W91,0,20260629,1807,41,,2026-06-29 18:30:41
1029292,W91,0,20260629,1807,42,,2026-06-29 18:31:38
1029292,W91,0,20260629,1807,43,,2026-06-29 18:32:13
1029292,W91,0,20260629,1807,44,,2026-06-29 18:33:29
1029292,W91,0,20260629,1807,45,,2026-06-29 18:34:09
1029292,W91,0,20260629,1807,46,,2026-06-29 18:35:09
1029292,W91,0,20260629,1807,47,,2026-06-29 18:35:45
1029292,W91,0,20260629,1807,999,,2026-06-29 18:36:37
1029312,W91,0,20260629,1978,24,,2026-06-29 18:28:37
1029312,W91,0,20260629,1978,25,,2026-06-29 18:29:00
1029312,W91,0,20260629,1978,26,,2026-06-29 18:30:51
1029312,W91,0,20260629,1978,27,,2026-06-29 18:31:15
1029312,W91,0,20260629,1978,28,,2026-06-29 18:33:01
1029312,W91,0,20260629,1978,29,,2026-06-29 18:34:43
1029312,W91,0,20260629,1978,30,,2026-06-29 18:36:14
1029312,W91,0,20260629,1978,31,,2026-06-29 18:39:26
1029312,W91,0,20260629,1978,32,,2026-06-29 18:40:28
1029312,W91,0,20260629,1978,33,,2026-06-29 18:44:03
1029312,W91,0,20260629,1978,34,,2026-06-29 18:46:29
1029312,W91,0,20260629,1978,35,,2026-06-29 18:47:37
1029312,W91,0,20260629,1978,36,,2026-06-29 18:48:33
1029312,W91,0,20260629,1978,37,,2026-06-29 18:49:25
1029312,W91,0,20260629,1978,38,,2026-06-29 18:50:34
1029312,W91,0,20260629,1978,39,,2026-06-29 18:51:17
1029312,W91,0,20260629,1978,40,,2026-06-29 18:52:07
1029312,W91,0,20260629,1978,41,,2026-06-29 18:52:47
1029312,W91,0,20260629,1978,42,,2026-06-29 18:53:35
1029312,W91,0,20260629,1978,43,,2026-06-29 18:54:13
1029312,W91,0,20260629,1978,44,,2026-06-29 18:55:06
1029312,W91,0,20260629,1978,45,,2026-06-29 18:55:43
1029312,W91,0,20260629,1978,46,,2026-06-29 18:56:43
1029312,W91,0,20260629,1978,47,,2026-06-29 18:57:23
1029312,W91,0,20260629,1978,999,,2026-06-29 18:58:17
1029331,W91,1,20260629,1805,23,,2026-06-29 18:28:18
1029331,W91,1,20260629,1805,24,,2026-06-29 18:28:51
1029331,W91,1,20260629,1805,25,,2026-06-29 18:29:46
1029331,W91,1,20260629,1805,26,,2026-06-29 18:30:13
1029331,W91,1,20260629,1805,27,,2026-06-29 18:31:27
1029331,W91,1,20260629,1805,28,,2026-06-29 18:32:14
1029331,W91,1,20260629,1805,29,,2026-06-29 18:33:05
1029331,W91,1,20260629,1805,30,,2026-06-29 18:33:39
1029331,W91,1,20260629,1805,31,,2026-06-29 18:34:16
1029331,W91,1,20260629,1805,32,,2026-06-29 18:34:56
1029331,W91,1,20260629,1805,33,,2026-06-29 18:35:42
1029331,W91,1,20260629,1805,34,,2026-06-29 18:36:45
1029331,W91,1,20260629,1805,35,,2026-06-29 18:38:00
1029331,W91,1,20260629,1805,36,,2026-06-29 18:38:35
1029331,W91,1,20260629,1805,37,,2026-06-29 18:39:12
1029331,W91,1,20260629,1805,38,,2026-06-29 18:41:11
1029331,W91,1,20260629,1805,39,,2026-06-29 18:42:05
1029331,W91,1,20260629,1805,40,,2026-06-29 18:42:51
1029331,W91,1,20260629,1805,41,,2026-06-29 18:43:43
1029331,W91,1,20260629,1805,42,,2026-06-29 18:44:17
1029331,W91,1,20260629,1805,43,,2026-06-29 18:45:11
1029331,W91,1,20260629,1805,44,,2026-06-29 18:46:01
1029331,W91,1,20260629,1805,45,,2026-06-29 18:47:25
1029331,W91,1,20260629,1805,46,,2026-06-29 18:48:25
1029331,W91,1,20260629,1805,47,,2026-06-29 18:49:01
1029331,W91,1,20260629,1805,999,,2026-06-29 18:50:46
1029369,X30,0,20260629,1043,53,,2026-06-29 18:28:26
1029369,X30,0,20260629,1043,54,,2026-06-29 18:28:58
1029369,X30,0,20260629,1043,55,,2026-06-29 18:29:32
1029369,X30,0,20260629,1043,56,,2026-06-29 18:30:32
1029369,X30,0,20260629,1043,57,,2026-06-29 18:30:55
1029369,X30,0,20260629,1043,58,,2026-06-29 18:31:18
1029369,X30,0,20260629,1043,59,,2026-06-29 18:31:40
1029369,X30,0,20260629,1043,60,,2026-06-29 18:32:29
1029369,X30,0,20260629,1043,61,,2026-06-29 18:33:45
1029369,X30,0,20260629,1043,62,,2026-06-29 18:34:12
1029369,X30,0,20260629,1043,63,,2026-06-29 18:34:34
1029369,X30,0,20260629,1043,64,,2026-06-29 18:35:05
1029369,X30,0,20260629,1043,65,,2026-06-29 18:35:50
1029369,X30,0,20260629,1043,66,,2026-06-29 18:36:23
1029369,X30,0,20260629,1043,67,,2026-06-29 18:37:03
1029369,X30,0,20260629,1043,68,,2026-06-29 18:37:59
1029369,X30,0,20260629,1043,69,,2026-06-29 18:38:35
1029369,X30,0,20260629,1043,70,,2026-06-29 18:39:09
1029369,X30,0,20260629,1043,71,,2026-06-29 18:40:19
1029369,X30,0,20260629,1043,72,,2026-06-29 18:40:52
1029369,X30,0,20260629,1043,73,,2026-06-29 18:41:38
1029369,X30,0,20260629,1043,74,,2026-06-29 18:42:19
1029369,X30,0,20260629,1043,75,,2026-06-29 18:43:25
1029369,X30,0,20260629,1043,76,,2026-06-29 18:44:02
1029369,X30,0,20260629,1043,77,,2026-06-29 18:44:32
1029369,X30,0,20260629,1043,78,,2026-06-29 18:44:56
1029369,X30,0,20260629,1043,79,,2026-06-29 18:45:52
1029369,X30,0,20260629,1043,80,,2026-06-29 18:46:35
1029369,X30,0,20260629,1043,81,,2026-06-29 18:47:26
1029369,X30,0,20260629,1043,82,,2026-06-29 18:48:12
1029369,X30,0,20260629,1043,83,,2026-06-29 18:49:08
1029369,X30,0,20260629,1043,84,,2026-06-29 18:50:09
1029369,X30,0,20260629,1043,85,,2026-06-29 18:51:10
1029369,X30,0,20260629,1043,86,,2026-06-29 18:51:50
1029369,X30,0,20260629,1043,999,,2026-06-29 18:53:10
1029370,X30,0,20260629,1417,47,,2026-06-29 18:29:07
1029370,X30,0,20260629,1417,48,,2026-06-29 18:30:49
1029370,X30,0,20260629,1417,49,,2026-06-29 18:33:02
1029370,X30,0,20260629,1417,50,,2026-06-29 18:39:40
1029370,X30,0,20260629,1417,51,,2026-06-29 18:40:56
1029370,X30,0,20260629,1417,52,,2026-06-29 18:41:44
1029370,X30,0,20260629,1417,53,,2026-06-29 18:42:30
1029370,X30,0,20260629,1417,54,,2026-06-29 18:43:00
1029370,X30,0,20260629,1417,55,,2026-06-29 18:43:41
1029370,X30,0,20260629,1417,56,,2026-06-29 18:44:36
1029370,X30,0,20260629,1417,57,,2026-06-29 18:44:57
1029370,X30,0,20260629,1417,58,,2026-06-29 18:45:19
1029370,X30,0,20260629,1417,59,,2026-06-29 18:45:40
1029370,X30,0,20260629,1417,60,,2026-06-29 18:46:23
1029370,X30,0,20260629,1417,61,,2026-06-29 18:47:31
1029370,X30,0,20260629,1417,62,,2026-06-29 18:48:09
1029370,X30,0,20260629,1417,63,,2026-06-29 18:48:44
1029370,X30,0,20260629,1417,64,,2026-06-29 18:49:32
1029370,X30,0,20260629,1417,65,,2026-06-29 18:50:28
1029370,X30,0,20260629,1417,66,,2026-06-29 18:51:03
1029370,X30,0,20260629,1417,67,,2026-06-29 18:51:54
1029370,X30,0,20260629,1417,68,,2026-06-29 18:52:31
1029370,X30,0,20260629,1417,69,,2026-06-29 18:53:14
1029370,X30,0,20260629,1417,70,,2026-06-29 18:53:59
1029370,X30,0,20260629,1417,71,,2026-06-29 18:54:58
1029370,X30,0,20260629,1417,72,,2026-06-29 18:55:38
1029370,X30,0,20260629,1417,73,,2026-06-29 18:56:49
1029370,X30,0,20260629,1417,74,,2026-06-29 18:57:47
1029370,X30,0,20260629,1417,75,,2026-06-29 18:58:31
1029377,X30,0,20260629,1404,53,,2026-06-29 18:28:24
1029377,X30,0,20260629,1404,54,,2026-06-29 18:28:54
1029377,X30,0,20260629,1404,55,,2026-06-29 18:29:30
1029377,X30,0,20260629,1404,56,,2026-06-29 18:30:25
1029377,X30,0,20260629,1404,57,,2026-06-29 18:30:48
1029377,X30,0,20260629,1404,58,,2026-06-29 18:31:13
1029377,X30,0,20260629,1404,59,,2026-06-29 18:31:34
1029377,X30,0,20260629,1404,60,,2026-06-29 18:32:18
1029377,X30,0,20260629,1404,61,,2026-06-29 18:33:28
1029377,X30,0,20260629,1404,62,,2026-06-29 18:33:54
1029377,X30,0,20260629,1404,63,,2026-06-29 18:34:15
1029377,X30,0,20260629,1404,64,,2026-06-29 18:34:45
1029377,X30,0,20260629,1404,65,,2026-06-29 18:35:29
1029377,X30,0,20260629,1404,66,,2026-06-29 18:35:59
1029377,X30,0,20260629,1404,67,,2026-06-29 18:36:39
1029377,X30,0,20260629,1404,68,,2026-06-29 18:37:34
1029377,X30,0,20260629,1404,69,,2026-06-29 18:38:10
1029377,X30,0,20260629,1404,70,,2026-06-29 18:38:41
1029377,X30,0,20260629,1404,71,,2026-06-29 18:39:45
1029377,X30,0,20260629,1404,72,,2026-06-29 18:40:16
1029377,X30,0,20260629,1404,73,,2026-06-29 18:40:59
1029377,X30,0,20260629,1404,74,,2026-06-29 18:41:41
1029377,X30,0,20260629,1404,75,,2026-06-29 18:42:42
1029377,X30,0,20260629,1404,76,,2026-06-29 18:43:19
1029377,X30,0,20260629,1404,77,,2026-06-29 18:43:47
1029377,X30,0,20260629,1404,78,,2026-06-29 18:44:20
1029377,X30,0,20260629,1404,79,,2026-06-29 18:44:49
1029377,X30,0,20260629,1404,80,,2026-06-29 18:45:33
1029377,X30,0,20260629,1404,81,,2026-06-29 18:46:24
1029377,X30,0,20260629,1404,82,,2026-06-29 18:47:10
1029377,X30,0,20260629,1404,83,,2026-06-29 18:48:06
1029377,X30,0,20260629,1404,84,,2026-06-29 18:49:07
1029377,X30,0,20260629,1404,85,,2026-06-29 18:50:08
1029377,X30,0,20260629,1404,86,,2026-06-29 18:50:48
1029377,X30,0,20260629,1404,999,,2026-06-29 18:52:08
1086179,GAW,0,20260629,1405,999,,2026-06-29 18:30:15
1086180,GAWC,0,20260629,4030,15,,2026-06-29 18:29:51
1086180,GAWC,0,20260629,4030,16,,2026-06-29 18:31:51
1086180,GAWC,0,20260629,4030,999,,2026-06-29 18:39:54
1086182,GAW,0,20260629,4021,8,,2026-06-29 18:28:42
1086182,GAW,0,20260629,4021,9,,2026-06-29 18:31:04
1086182,GAW,0,20260629,4021,10,,2026-06-29 18:34:22
1086182,GAW,0,20260629,4021,11,,2026-06-29 18:36:37
1086182,GAW,0,20260629,4021,12,,2026-06-29 18:38:42
1086182,GAW,0,20260629,4021,13,,2026-06-29 18:40:10
1086182,GAW,0,20260629,4021,14,,2026-06-29 18:48:39
1086182,GAW,0,20260629,4021,15,,2026-06-29 18:50:45
1086182,GAW,0,20260629,4021,16,,2026-06-29 18:52:45
1086182,GAW,0,20260629,4021,17,,2026-06-29 18:54:45
1086182,GAW,0,20260629,4021,999,,2026-06-29 18:58:45
1086183,GAWC,0,20260629,4008,4,,2026-06-29 18:36:06
1086183,GAWC,0,20260629,4008,5,,2026-06-29 18:38:02
1086183,GAWC,0,20260629,4008,6,,2026-06-29 18:40:34
1086183,GAWC,0,20260629,4008,7,,2026-06-29 18:43:04
1086183,GAWC,0,20260629,4008,8,,2026-06-29 18:45:16
1086183,GAWC,0,20260629,4008,9,,2026-06-29 18:47:47
1086183,GAWC,0,20260629,4008,10,,2026-06-29 18:49:10
1086183,GAWC,0,20260629,4008,11,,2026-06-29 18:51:35
1086183,GAWC,0,20260629,4008,12,,2026-06-29 18:53:35
1086183,GAWC,0,20260629,4008,13,,2026-06-29 18:56:35
1086183,GAWC,0,20260629,4008,14,,2026-06-29 18:58:35
1086183,GAWC,0,20260629,4008,15,,2026-06-29 19:00:35
1086183,GAWC,0,20260629,4008,16,,2026-06-29 19:02:35
1086245,GAWC,1,20260629,4005,14,,2026-06-29 18:30:48
1086245,GAWC,1,20260629,4005,15,,2026-06-29 18:33:27
1086245,GAWC,1,20260629,4005,16,,2026-06-29 18:35:32
1086245,GAWC,1,20260629,4005,17,,2026-06-29 18:40:44
1086245,GAWC,1,20260629,4005,18,,2026-06-29 18:44:50
1086245,GAWC,1,20260629,4005,19,,2026-06-29 18:49:46
1086245,GAWC,1,20260629,4005,999,,2026-06-29 18:51:44
1086246,GAWC,1,20260629,4017,6,,2026-06-29 18:29:00
1086246,GAWC,1,20260629,4017,7,,2026-06-29 18:30:45
1086246,GAWC,1,20260629,4017,8,,2026-06-29 18:32:57
1086246,GAWC,1,20260629,4017,9,,2026-06-29 18:37:59
1086246,GAWC,1,20260629,4017,10,,2026-06-29 18:40:58
1086246,GAWC,1,20260629,4017,11,,2026-06-29 18:42:45
1086246,GAWC,1,20260629,4017,12,,2026-06-29 18:45:16
1086246,GAWC,1,20260629,4017,13,,2026-06-29 18:51:17
1086246,GAWC,1,20260629,4017,14,,2026-06-29 18:53:17
1086246,GAWC,1,20260629,4017,15,,2026-06-29 18:58:17
1087118,172,1,20260629,4027,8,,2026-06-29 18:28:21
1087118,172,1,20260629,4027,9,,2026-06-29 18:28:19
1087118,172,1,20260629,4027,10,,2026-06-29 18:30:01
1087118,172,1,20260629,4027,11,,2026-06-29 18:30:55
1087118,172,1,20260629,4027,12,,2026-06-29 18:31:46
1087118,172,1,20260629,4027,13,,2026-06-29 18:32:31
1087118,172,1,20260629,4027,14,,2026-06-29 18:35:16
1087118,172,1,20260629,4027,15,,2026-06-29 18:35:37
1087118,172,1,20260629,4027,16,,2026-06-29 18:36:08
1087118,172,1,20260629,4027,17,,2026-06-29 18:37:04
1087118,172,1,20260629,4027,18,,2026-06-29 18:37:49
1087118,172,1,20260629,4027,19,,2026-06-29 18:38:14
1087118,172,1,20260629,4027,20,,2026-06-29 18:38:37
1087118,172,1,20260629,4027,21,,2026-06-29 18:39:17
1087118,172,1,20260629,4027,22,,2026-06-29 18:39:47
1087118,172,1,20260629,4027,23,,2026-06-29 18:40:27
1087118,172,1,20260629,4027,24,,2026-06-29 18:41:21
1087118,172,1,20260629,4027,25,,2026-06-29 18:41:50
1087118,172,1,20260629,4027,26,,2026-06-29 18:42:35
1087118,172,1,20260629,4027,999,,2026-06-29 18:43:34
1087127,172,0,20260629,1170,5,,2026-06-29 18:28:51
1087127,172,0,20260629,1170,6,,2026-06-29 18:29:44
1087127,172,0,20260629,1170,7,,2026-06-29 18:30:27
1087127,172,0,20260629,1170,8,,2026-06-29 18:30:50
1087127,172,0,20260629,1170,9,,2026-06-29 18:31:21
1087127,172,0,20260629,1170,10,,2026-06-29 18:31:45
1087127,172,0,20260629,1170,11,,2026-06-29 18:32:12
1087127,172,0,20260629,1170,12,,2026-06-29 18:32:54
1087127,172,0,20260629,1170,13,,2026-06-29 18:33:28
1087127,172,0,20260629,1170,14,,2026-06-29 18:34:16
1087127,172,0,20260629,1170,15,,2026-06-29 18:36:47
1087127,172,0,20260629,1170,999,,2026-06-29 18:37:23
1087145,172,1,20260629,1258,1,,2026-06-29 18:29:00
1087145,172,1,20260629,1258,2,,2026-06-29 18:30:29
1087145,172,1,20260629,1258,3,,2026-06-29 18:33:31
1087145,172,1,20260629,1258,4,,2026-06-29 18:35:02
1087145,172,1,20260629,1258,5,,2026-06-29 18:37:05
1087145,172,1,20260629,1258,6,,2026-06-29 18:39:15
1087145,172,1,20260629,1258,7,,2026-06-29 18:41:16
1087145,172,1,20260629,1258,8,,2026-06-29 18:42:37
1087145,172,1,20260629,1258,9,,2026-06-29 18:43:00
1087145,172,1,20260629,1258,10,,2026-06-29 18:44:51
1087145,172,1,20260629,1258,11,,2026-06-29 18:45:32
1087145,172,1,20260629,1258,12,,2026-06-29 18:46:16
1087145,172,1,20260629,1258,13,,2026-06-29 18:47:13
1087145,172,1,20260629,1258,14,,2026-06-29 18:48:45
1087145,172,1,20260629,1258,15,,2026-06-29 18:49:20
1087145,172,1,20260629,1258,16,,2026-06-29 18:50:04
1087145,172,1,20260629,1258,17,,2026-06-29 18:50:56
1087145,172,1,20260629,1258,18,,2026-06-29 18:51:27
1087145,172,1,20260629,1258,19,,2026-06-29 18:52:23
1087145,172,1,20260629,1258,20,,2026-06-29 18:53:15
1087145,172,1,20260629,1258,21,,2026-06-29 18:54:08
1087145,172,1,20260629,1258,22,,2026-06-29 18:54:59
1087145,172,1,20260629,1258,23,,2026-06-29 18:55:55
1087145,172,1,20260629,1258,24,,2026-06-29 18:56:49
1087145,172,1,20260629,1258,25,,2026-06-29 18:57:28
1087161,172,1,20260629,1093,999,,2026-06-29 18:28:30
1087166,172,0,20260629,1981,1,,2026-06-29 18:41:00
1087166,172,0,20260629,1981,2,,2026-06-29 18:41:41
1087166,172,0,20260629,1981,3,,2026-06-29 18:42:25
1087166,172,0,20260629,1981,4,,2026-06-29 18:43:08
1087166,172,0,20260629,1981,5,,2026-06-29 18:44:00
1087166,172,0,20260629,1981,6,,2026-06-29 18:45:17
1087166,172,0,20260629,1981,7,,2026-06-29 18:45:24
1087166,172,0,20260629,1981,8,,2026-06-29 18:46:16
1087166,172,0,20260629,1981,9,,2026-06-29 18:46:56
1087166,172,0,20260629,1981,10,,2026-06-29 18:47:31
1087166,172,0,20260629,1981,11,,2026-06-29 18:47:36
1087166,172,0,20260629,1981,12,,2026-06-29 18:48:17
1087166,172,0,20260629,1981,13,,2026-06-29 18:48:56
1087166,172,0,20260629,1981,14,,2026-06-29 18:49:40
1087166,172,0,20260629,1981,15,,2026-06-29 18:51:58
1087166,172,0,20260629,1981,999,,2026-06-29 18:52:47
1087191,174,1,20260629,1981,7,,2026-06-29 18:28:54
1087191,174,1,20260629,1981,8,,2026-06-29 18:29:47
1087191,174,1,20260629,1981,9,,2026-06-29 18:32:54
1087191,174,1,20260629,1981,10,,2026-06-29 18:34:33
1087191,174,1,20260629,1981,11,,2026-06-29 18:37:20
1087191,174,1,20260629,1981,12,,2026-06-29 18:38:24
1087191,174,1,20260629,1981,13,,2026-06-29 18:40:53
1087191,174,1,20260629,1981,14,,2026-06-29 18:41:57
1087191,174,1,20260629,1981,15,,2026-06-29 18:42:55
1087191,174,1,20260629,1981,16,,2026-06-29 18:43:25
1087191,174,1,20260629,1981,17,,2026-06-29 18:44:32
1087191,174,1,20260629,1981,18,,2026-06-29 18:45:00
1087191,174,1,20260629,1981,19,,2026-06-29 18:45:29
1087191,174,1,20260629,1981,20,,2026-06-29 18:45:58
1087191,174,1,20260629,1981,21,,2026-06-29 18:46:56
1087191,174,1,20260629,1981,22,,2026-06-29 18:47:25
1087191,174,1,20260629,1981,23,,2026-06-29 18:48:13
1087191,174,1,20260629,1981,24,,2026-06-29 18:48:53
1087191,174,1,20260629,1981,25,,2026-06-29 18:50:03
1087191,174,1,20260629,1981,26,,2026-06-29 18:51:20
1087191,174,1,20260629,1981,27,,2026-06-29 18:51:52
1087191,174,1,20260629,1981,28,,2026-06-29 18:52:42
1087191,174,1,20260629,1981,29,,2026-06-29 18:53:11
1087191,174,1,20260629,1981,30,,2026-06-29 18:54:27
1087191,174,1,20260629,1981,31,,2026-06-29 18:55:19
1087191,174,1,20260629,1981,32,,2026-06-29 18:55:40
1087191,174,1,20260629,1981,33,,2026-06-29 18:56:20
1087191,174,1,20260629,1981,34,,2026-06-29 18:56:54
1087191,174,1,20260629,1981,35,,2026-06-29 18:57:39
1087191,174,1,20260629,1981,36,,2026-06-29 18:58:20
1087191,174,1,20260629,1981,37,,2026-06-29 18:58:45
1087213,174,1,20260629,791,17,,2026-06-29 18:28:34
1087213,174,1,20260629,791,18,,2026-06-29 18:29:04
1087213,174,1,20260629,791,19,,2026-06-29 18:29:34
1087213,174,1,20260629,791,20,,2026-06-29 18:30:06
1087213,174,1,20260629,791,21,,2026-06-29 18:31:09
1087213,174,1,20260629,791,22,,2026-06-29 18:31:35
1087213,174,1,20260629,791,23,,2026-06-29 18:32:10
1087213,174,1,20260629,791,24,,2026-06-29 18:33:04
1087213,174,1,20260629,791,25,,2026-06-29 18:34:17
1087213,174,1,20260629,791,26,,2026-06-29 18:35:31
1087213,174,1,20260629,791,27,,2026-06-29 18:36:19
1087213,174,1,20260629,791,28,,2026-06-29 18:36:18
1087213,174,1,20260629,791,29,,2026-06-29 18:37:03
1087213,174,1,20260629,791,30,,2026-06-29 18:38:11
1087213,174,1,20260629,791,31,,2026-06-29 18:38:43
1087213,174,1,20260629,791,32,,2026-06-29 18:39:03
1087213,174,1,20260629,791,33,,2026-06-29 18:39:29
1087213,174,1,20260629,791,34,,2026-06-29 18:39:57
1087213,174,1,20260629,791,35,,2026-06-29 18:40:53
1087213,174,1,20260629,791,36,,2026-06-29 18:41:26
1087213,174,1,20260629,791,37,,2026-06-29 18:41:47
1087213,174,1,20260629,791,38,,2026-06-29 18:42:39
1087213,174,1,20260629,791,39,,2026-06-29 18:42:46
1087213,174,1,20260629,791,999,,2026-06-29 18:44:05
1087217,174,1,20260629,532,32,,2026-06-29 18:28:33
1087217,174,1,20260629,532,33,,2026-06-29 18:28:58
1087217,174,1,20260629,532,34,,2026-06-29 18:29:25
1087217,174,1,20260629,532,35,,2026-06-29 18:30:16
1087217,174,1,20260629,532,36,,2026-06-29 18:30:50
1087217,174,1,20260629,532,37,,2026-06-29 18:31:15
1087217,174,1,20260629,532,38,,2026-06-29 18:31:57
1087217,174,1,20260629,532,39,,2026-06-29 18:32:15
1087217,174,1,20260629,532,999,,2026-06-29 18:33:24
1087221,174,1,20260629,1050,1,,2026-06-29 18:37:23
1087221,174,1,20260629,1050,2,,2026-06-29 18:38:09
1087221,174,1,20260629,1050,3,,2026-06-29 18:38:52
1087221,174,1,20260629,1050,4,,2026-06-29 18:39:27
1087221,174,1,20260629,1050,5,,2026-06-29 18:40:14
1087221,174,1,20260629,1050,6,,2026-06-29 18:40:50
1087221,174,1,20260629,1050,7,,2026-06-29 18:41:51
1087221,174,1,20260629,1050,8,,2026-06-29 18:42:38
1087221,174,1,20260629,1050,9,,2026-06-29 18:45:36
1087221,174,1,20260629,1050,10,,2026-06-29 18:47:30
1087221,174,1,20260629,1050,11,,2026-06-29 18:50:16
1087221,174,1,20260629,1050,12,,2026-06-29 18:52:06
1087221,174,1,20260629,1050,13,,2026-06-29 18:54:16
1087221,174,1,20260629,1050,14,,2026-06-29 18:55:23
1087221,174,1,20260629,1050,15,,2026-06-29 18:56:08
1087221,174,1,20260629,1050,16,,2026-06-29 18:56:51
1087221,174,1,20260629,1050,17,,2026-06-29 18:57:47
1087221,174,1,20260629,1050,18,,2026-06-29 18:58:25
1087221,174,1,20260629,1050,19,,2026-06-29 18:58:50
1087221,174,1,20260629,1050,20,,2026-06-29 18:59:20
1087221,174,1,20260629,1050,21,,2026-06-29 19:00:10
1087221,174,1,20260629,1050,22,,2026-06-29 19:00:51
1087242,174,0,20260629,1258,25,,2026-06-29 18:28:18
1087242,174,0,20260629,1258,999,,2026-06-29 18:29:28
1087297,224,1,20260629,1093,10,,2026-06-29 18:28:03
1087297,224,1,20260629,1093,11,,2026-06-29 18:30:39
1087297,224,1,20260629,1093,12,,2026-06-29 18:31:16
1087297,224,1,20260629,1093,13,,2026-06-29 18:32:14
1087297,224,1,20260629,1093,14,,2026-06-29 18:33:15
1087297,224,1,20260629,1093,15,,2026-06-29 18:33:52
1087297,224,1,20260629,1093,16,,2026-06-29 18:34:19
1087297,224,1,20260629,1093,17,,2026-06-29 18:34:53
1087297,224,1,20260629,1093,18,,2026-06-29 18:36:02
1087297,224,1,20260629,1093,19,,2026-06-29 18:37:43
1087297,224,1,20260629,1093,20,,2026-06-29 18:38:14
1087297,224,1,20260629,1093,21,,2026-06-29 18:39:00
1087297,224,1,20260629,1093,22,,2026-06-29 18:39:37
1087297,224,1,20260629,1093,23,,2026-06-29 18:40:09
1087297,224,1,20260629,1093,24,,2026-06-29 18:40:47
1087297,224,1,20260629,1093,25,,2026-06-29 18:41:49
1087297,224,1,20260629,1093,26,,2026-06-29 18:43:43
1087297,224,1,20260629,1093,27,,2026-06-29 18:44:08
1087297,224,1,20260629,1093,28,,2026-06-29 18:44:27
1087297,224,1,20260629,1093,29,,2026-06-29 18:45:10
1087297,224,1,20260629,1093,30,,2026-06-29 18:45:45
1087297,224,1,20260629,1093,31,,2026-06-29 18:46:02
1087297,224,1,20260629,1093,32,,2026-06-29 18:46:31
1087297,224,1,20260629,1093,33,,2026-06-29 18:48:00
1087297,224,1,20260629,1093,34,,2026-06-29 18:48:45
1087297,224,1,20260629,1093,35,,2026-06-29 18:49:27
1087297,224,1,20260629,1093,36,,2026-06-29 18:50:13
1087297,224,1,20260629,1093,37,,2026-06-29 18:51:35
1087297,224,1,20260629,1093,38,,2026-06-29 18:52:45
1087297,224,1,20260629,1093,39,,2026-06-29 18:54:29
1087297,224,1,20260629,1093,40,,2026-06-29 18:55:21
1087297,224,1,20260629,1093,41,,2026-06-29 18:57:03
1087322,224,1,20260629,5017,14,,2026-06-29 18:28:43
1087322,224,1,20260629,5017,15,,2026-06-29 18:29:22
1087322,224,1,20260629,5017,16,,2026-06-29 18:29:48
1087322,224,1,20260629,5017,17,,2026-06-29 18:30:25
1087322,224,1,20260629,5017,18,,2026-06-29 18:31:42
1087322,224,1,20260629,5017,19,,2026-06-29 18:33:39
1087322,224,1,20260629,5017,20,,2026-06-29 18:34:06
1087322,224,1,20260629,5017,21,,2026-06-29 18:34:51
1087322,224,1,20260629,5017,22,,2026-06-29 18:35:31
1087322,224,1,20260629,5017,23,,2026-06-29 18:36:06
1087322,224,1,20260629,5017,24,,2026-06-29 18:36:41
1087322,224,1,20260629,5017,25,,2026-06-29 18:37:40
1087322,224,1,20260629,5017,26,,2026-06-29 18:39:37
1087322,224,1,20260629,5017,27,,2026-06-29 18:39:59
1087322,224,1,20260629,5017,28,,2026-06-29 18:40:17
1087322,224,1,20260629,5017,29,,2026-06-29 18:41:01
1087322,224,1,20260629,5017,30,,2026-06-29 18:41:42
1087322,224,1,20260629,5017,31,,2026-06-29 18:41:58
1087322,224,1,20260629,5017,32,,2026-06-29 18:42:29
1087322,224,1,20260629,5017,33,,2026-06-29 18:44:28
1087322,224,1,20260629,5017,34,,2026-06-29 18:45:13
1087322,224,1,20260629,5017,35,,2026-06-29 18:45:55
1087322,224,1,20260629,5017,36,,2026-06-29 18:46:41
1087322,224,1,20260629,5017,37,,2026-06-29 18:48:03
1087322,224,1,20260629,5017,38,,2026-06-29 18:49:13
1087322,224,1,20260629,5017,39,,2026-06-29 18:50:57
1087322,224,1,20260629,5017,40,,2026-06-29 18:51:49
1087322,224,1,20260629,5017,41,,2026-06-29 18:53:31
1087322,224,1,20260629,5017,42,,2026-06-29 18:54:27
1087322,224,1,20260629,5017,43,,2026-06-29 18:55:23
1087322,224,1,20260629,5017,44,,2026-06-29 18:56:14
1087324,224F,1,20260629,1206,53,,2026-06-29 18:28:31
1087324,224F,1,20260629,1206,54,,2026-06-29 18:28:52
1087324,224F,1,20260629,1206,55,,2026-06-29 18:29:28
1087324,224F,1,20260629,1206,56,,2026-06-29 18:30:15
1087324,224F,1,20260629,1206,57,,2026-06-29 18:30:42
1087324,224F,1,20260629,1206,58,,2026-06-29 18:34:24
1087324,224F,1,20260629,1206,59,,2026-06-29 18:37:14
1087324,224F,1,20260629,1206,60,,2026-06-29 18:37:51
1087324,224F,1,20260629,1206,61,,2026-06-29 18:38:48
1087324,224F,1,20260629,1206,62,,2026-06-29 18:39:50
1087324,224F,1,20260629,1206,63,,2026-06-29 18:40:35
1087324,224F,1,20260629,1206,64,,2026-06-29 18:41:15
1087324,224F,1,20260629,1206,65,,2026-06-29 18:41:47
1087324,224F,1,20260629,1206,66,,2026-06-29 18:42:31
1087324,224F,1,20260629,1206,67,,2026-06-29 18:43:37
1087324,224F,1,20260629,1206,68,,2026-06-29 18:44:20
1087324,224F,1,20260629,1206,69,,2026-06-29 18:44:13
1087324,224F,1,20260629,1206,70,,2026-06-29 18:45:22
1087324,224F,1,20260629,1206,71,,2026-06-29 18:45:45
1087324,224F,1,20260629,1206,72,,2026-06-29 18:46:12
1087324,224F,1,20260629,1206,73,,2026-06-29 18:47:09
1087324,224F,1,20260629,1206,74,,2026-06-29 18:47:00
1087324,224F,1,20260629,1206,75,,2026-06-29 18:47:46
1087324,224F,1,20260629,1206,76,,2026-06-29 18:48:29
1087324,224F,1,20260629,1206,77,,2026-06-29 18:49:29
1087324,224F,1,20260629,1206,78,,2026-06-29 18:50:41
1087324,224F,1,20260629,1206,79,,2026-06-29 18:51:49
1087324,224F,1,20260629,1206,80,,2026-06-29 18:52:49
1087324,224F,1,20260629,1206,81,,2026-06-29 18:53:58
1087324,224F,1,20260629,1206,82,,2026-06-29 18:55:03
1087324,224F,1,20260629,1206,83,,2026-06-29 18:56:11
1087324,224F,1,20260629,1206,84,,2026-06-29 18:56:48
1087324,224F,1,20260629,1206,999,,2026-06-29 18:58:12
1087336,224F,1,20260629,567,999,,2026-06-29 18:28:40
1087352,224M,0,20260629,955,3,,2026-06-29 18:30:17
1087352,224M,0,20260629,955,4,,2026-06-29 18:30:47
1087352,224M,0,20260629,955,5,,2026-06-29 18:31:23
1087352,224M,0,20260629,955,6,,2026-06-29 18:31:55
1087352,224M,0,20260629,955,7,,2026-06-29 18:32:34
1087352,224M,0,20260629,955,8,,2026-06-29 18:33:39
1087352,224M,0,20260629,955,9,,2026-06-29 18:34:18
1087352,224M,0,20260629,955,10,,2026-06-29 18:34:41
1087352,224M,0,20260629,955,11,,2026-06-29 18:35:02
1087352,224M,0,20260629,955,12,,2026-06-29 18:35:46
1087352,224M,0,20260629,955,13,,2026-06-29 18:36:41
1087352,224M,0,20260629,955,14,,2026-06-29 18:37:36
1087352,224M,0,20260629,955,15,,2026-06-29 18:38:24
1087352,224M,0,20260629,955,16,,2026-06-29 18:39:42
1087352,224M,0,20260629,955,17,,2026-06-29 18:40:03
1087352,224M,0,20260629,955,18,,2026-06-29 18:40:20
1087352,224M,0,20260629,955,19,,2026-06-29 18:41:16
1087352,224M,0,20260629,955,20,,2026-06-29 18:41:48
1087352,224M,0,20260629,955,21,,2026-06-29 18:42:25
1087352,224M,0,20260629,955,22,,2026-06-29 18:43:12
1087352,224M,0,20260629,955,23,,2026-06-29 18:44:03
1087352,224M,0,20260629,955,24,,2026-06-29 18:44:39
1087352,224M,0,20260629,955,25,,2026-06-29 18:45:45
1087352,224M,0,20260629,955,26,,2026-06-29 18:46:56
1087352,224M,0,20260629,955,27,,2026-06-29 18:47:50
1087352,224M,0,20260629,955,28,,2026-06-29 18:49:24
1087352,224M,0,20260629,955,29,,2026-06-29 18:50:18
1087352,224M,0,20260629,955,30,,2026-06-29 18:51:10
1087352,224M,0,20260629,955,31,,2026-06-29 18:51:59
1087352,224M,0,20260629,955,32,,2026-06-29 18:52:43
1087352,224M,0,20260629,955,33,,2026-06-29 18:53:18
1087352,224M,0,20260629,955,34,,2026-06-29 18:54:23
1087352,224M,0,20260629,955,35,,2026-06-29 18:55:08
1087352,224M,0,20260629,955,36,,2026-06-29 18:55:59
1087352,224M,0,20260629,955,37,,2026-06-29 18:57:00
1087360,224X,1,20260629,1433,40,,2026-06-29 18:28:05
1087360,224X,1,20260629,1433,41,,2026-06-29 18:28:51
1087360,224X,1,20260629,1433,42,,2026-06-29 18:29:18
1087360,224X,1,20260629,1433,43,,2026-06-29 18:29:40
1087360,224X,1,20260629,1433,44,,2026-06-29 18:30:07
1087360,224X,1,20260629,1433,45,,2026-06-29 18:30:26
1087360,224X,1,20260629,1433,46,,2026-06-29 18:31:20
1087360,224X,1,20260629,1433,47,,2026-06-29 18:32:06
1087360,224X,1,20260629,1433,48,,2026-06-29 18:32:42
1087360,224X,1,20260629,1433,49,,2026-06-29 18:33:09
1087360,224X,1,20260629,1433,50,,2026-06-29 18:33:33
1087360,224X,1,20260629,1433,51,,2026-06-29 18:34:12
1087360,224X,1,20260629,1433,52,,2026-06-29 18:35:01
1087360,224X,1,20260629,1433,53,,2026-06-29 18:35:52
1087360,224X,1,20260629,1433,999,,2026-06-29 18:37:59
1087375,225,0,20260629,553,42,,2026-06-29 18:29:02
1087375,225,0,20260629,553,43,,2026-06-29 18:29:36
1087375,225,0,20260629,553,44,,2026-06-29 18:31:05
1087375,225,0,20260629,553,45,,2026-06-29 18:32:16
1087375,225,0,20260629,553,46,,2026-06-29 18:32:50
1087375,225,0,20260629,553,47,,2026-06-29 18:33:32
1087375,225,0,20260629,553,48,,2026-06-29 18:33:48
1087375,225,0,20260629,553,49,,2026-06-29 18:34:06
1087375,225,0,20260629,553,50,,2026-06-29 18:34:21
1087375,225,0,20260629,553,999,,2026-06-29 18:35:16
1087387,225,1,20260629,580,1,,2026-06-29 18:47:16
1087387,225,1,20260629,580,2,,2026-06-29 18:48:10
1087387,225,1,20260629,580,3,,2026-06-29 18:48:38
1087387,225,1,20260629,580,4,,2026-06-29 18:49:37
1087387,225,1,20260629,580,5,,2026-06-29 18:50:00
1087387,225,1,20260629,580,6,,2026-06-29 18:51:35
1087387,225,1,20260629,580,7,,2026-06-29 18:52:23
1087387,225,1,20260629,580,8,,2026-06-29 18:54:05
1087405,225F,1,20260629,580,41,,2026-06-29 18:29:48
1087405,225F,1,20260629,580,42,,2026-06-29 18:30:45
1087405,225F,1,20260629,580,43,,2026-06-29 18:32:16
1087405,225F,1,20260629,580,44,,2026-06-29 18:33:19
1087405,225F,1,20260629,580,45,,2026-06-29 18:33:51
1087405,225F,1,20260629,580,46,,2026-06-29 18:34:23
1087405,225F,1,20260629,580,47,,2026-06-29 18:34:54
1087405,225F,1,20260629,580,48,,2026-06-29 18:36:04
1087405,225F,1,20260629,580,49,,2026-06-29 18:36:33
1087405,225F,1,20260629,580,50,,2026-06-29 18:38:19
1087405,225F,1,20260629,580,51,,2026-06-29 18:38:42
1087405,225F,1,20260629,580,52,,2026-06-29 18:39:06
1087405,225F,1,20260629,580,53,,2026-06-29 18:39:31
1087405,225F,1,20260629,580,54,,2026-06-29 18:40:09
1087405,225F,1,20260629,580,55,,2026-06-29 18:40:55
1087405,225F,1,20260629,580,56,,2026-06-29 18:42:40
1087405,225F,1,20260629,580,57,,2026-06-29 18:43:03
1087405,225F,1,20260629,580,58,,2026-06-29 18:44:44
1087405,225F,1,20260629,580,59,,2026-06-29 18:45:35
1087405,225F,1,20260629,580,60,,2026-06-29 18:45:58
1087405,225F,1,20260629,580,61,,2026-06-29 18:46:28
1087405,225F,1,20260629,580,62,,2026-06-29 18:47:06
1087405,225F,1,20260629,580,63,,2026-06-29 18:47:39
1087405,225F,1,20260629,580,64,,2026-06-29 18:48:28
1087405,225F,1,20260629,580,65,,2026-06-29 18:49:10
1087405,225F,1,20260629,580,66,,2026-06-29 18:49:31
1087405,225F,1,20260629,580,67,,2026-06-29 18:50:21
1087405,225F,1,20260629,580,68,,2026-06-29 18:51:08
1087405,225F,1,20260629,580,69,,2026-06-29 18:52:05
1087405,225F,1,20260629,580,70,,2026-06-29 18:52:42
1087405,225F,1,20260629,580,71,,2026-06-29 18:53:28
1087405,225F,1,20260629,580,72,,2026-06-29 18:54:18
1087405,225F,1,20260629,580,73,,2026-06-29 18:55:26
1087405,225F,1,20260629,580,74,,2026-06-29 18:56:11
1087405,225F,1,20260629,580,75,,2026-06-29 18:57:56
1087410,225F,1,20260629,566,65,,2026-06-29 18:28:14
1087410,225F,1,20260629,566,66,,2026-06-29 18:28:21
1087410,225F,1,20260629,566,67,,2026-06-29 18:29:23
1087410,225F,1,20260629,566,68,,2026-06-29 18:29:50
1087410,225F,1,20260629,566,69,,2026-06-29 18:30:17
1087410,225F,1,20260629,566,70,,2026-06-29 18:30:36
1087410,225F,1,20260629,566,71,,2026-06-29 18:31:17
1087410,225F,1,20260629,566,72,,2026-06-29 18:31:41
1087410,225F,1,20260629,566,73,,2026-06-29 18:32:36
1087410,225F,1,20260629,566,74,,2026-06-29 18:32:48
1087410,225F,1,20260629,566,75,,2026-06-29 18:33:46
1087410,225F,1,20260629,566,76,,2026-06-29 18:34:27
1087410,225F,1,20260629,566,999,,2026-06-29 18:35:36
1087412,225M,0,20260629,545,2,,2026-06-29 18:28:42
1087412,225M,0,20260629,545,3,,2026-06-29 18:29:27
1087412,225M,0,20260629,545,4,,2026-06-29 18:30:43
1087412,225M,0,20260629,545,5,,2026-06-29 18:31:31
1087412,225M,0,20260629,545,6,,2026-06-29 18:32:18
1087412,225M,0,20260629,545,7,,2026-06-29 18:33:17
1087412,225M,0,20260629,545,8,,2026-06-29 18:33:49
1087412,225M,0,20260629,545,9,,2026-06-29 18:34:30
1087412,225M,0,20260629,545,10,,2026-06-29 18:35:13
1087412,225M,0,20260629,545,11,,2026-06-29 18:36:00
1087412,225M,0,20260629,545,12,,2026-06-29 18:36:45
1087412,225M,0,20260629,545,13,,2026-06-29 18:37:11
1087412,225M,0,20260629,545,14,,2026-06-29 18:37:44
1087412,225M,0,20260629,545,15,,2026-06-29 18:38:28
1087412,225M,0,20260629,545,16,,2026-06-29 18:39:15
1087412,225M,0,20260629,545,17,,2026-06-29 18:39:45
1087412,225M,0,20260629,545,18,,2026-06-29 18:40:25
1087412,225M,0,20260629,545,19,,2026-06-29 18:41:00
1087412,225M,0,20260629,545,20,,2026-06-29 18:41:50
1087412,225M,0,20260629,545,21,,2026-06-29 18:43:23
1087412,225M,0,20260629,545,22,,2026-06-29 18:43:02
1087412,225M,0,20260629,545,23,,2026-06-29 18:44:08
1087412,225M,0,20260629,545,24,,2026-06-29 18:45:01
1087412,225M,0,20260629,545,25,,2026-06-29 18:45:52
1087412,225M,0,20260629,545,26,,2026-06-29 18:46:38
1087412,225M,0,20260629,545,27,,2026-06-29 18:46:37
1087412,225M,0,20260629,545,28,,2026-06-29 18:46:55
1087412,225M,0,20260629,545,29,,2026-06-29 18:48:57
1087412,225M,0,20260629,545,30,,2026-06-29 18:50:23
1087412,225M,0,20260629,545,31,,2026-06-29 18:51:29
1087412,225M,0,20260629,545,32,,2026-06-29 18:52:48
1087412,225M,0,20260629,545,33,,2026-06-29 18:53:34
1087412,225M,0,20260629,545,34,,2026-06-29 18:54:31
1087412,225M,0,20260629,545,35,,2026-06-29 18:55:12
1087412,225M,0,20260629,545,36,,2026-06-29 18:55:48
1087412,225M,0,20260629,545,37,,2026-06-29 18:56:36
1087434,228,0,20260629,1437,21,,2026-06-29 18:28:24
1087434,228,0,20260629,1437,22,,2026-06-29 18:28:58
1087434,228,0,20260629,1437,23,,2026-06-29 18:29:29
1087434,228,0,20260629,1437,24,,2026-06-29 18:29:54
1087434,228,0,20260629,1437,25,,2026-06-29 18:30:31
1087434,228,0,20260629,1437,26,,2026-06-29 18:30:48
1087434,228,0,20260629,1437,27,,2026-06-29 18:31:16
1087434,228,0,20260629,1437,28,,2026-06-29 18:31:56
1087434,228,0,20260629,1437,29,,2026-06-29 18:32:31
1087434,228,0,20260629,1437,30,,2026-06-29 18:32:58
1087434,228,0,20260629,1437,31,,2026-06-29 18:33:17
1087434,228,0,20260629,1437,32,,2026-06-29 18:33:48
1087434,228,0,20260629,1437,33,,2026-06-29 18:34:18
1087434,228,0,20260629,1437,34,,2026-06-29 18:35:03
1087434,228,0,20260629,1437,35,,2026-06-29 18:35:31
1087434,228,0,20260629,1437,36,,2026-06-29 18:36:32
1087434,228,0,20260629,1437,37,,2026-06-29 18:37:04
1087434,228,0,20260629,1437,38,,2026-06-29 18:37:45
1087434,228,0,20260629,1437,39,,2026-06-29 18:37:49
1087434,228,0,20260629,1437,40,,2026-06-29 18:39:05
1087434,228,0,20260629,1437,41,,2026-06-29 18:40:01
1087434,228,0,20260629,1437,42,,2026-06-29 18:39:49
1087434,228,0,20260629,1437,43,,2026-06-29 18:40:47
1087434,228,0,20260629,1437,44,,2026-06-29 18:41:19
1087434,228,0,20260629,1437,45,,2026-06-29 18:41:57
1087434,228,0,20260629,1437,46,,2026-06-29 18:42:53
1087434,228,0,20260629,1437,47,,2026-06-29 18:43:47
1087434,228,0,20260629,1437,48,,2026-06-29 18:44:25
1087434,228,0,20260629,1437,49,,2026-06-29 18:44:37
1087434,228,0,20260629,1437,50,,2026-06-29 18:45:29
1087434,228,0,20260629,1437,51,,2026-06-29 18:46:00
1087434,228,0,20260629,1437,52,,2026-06-29 18:46:49
1087434,228,0,20260629,1437,53,,2026-06-29 18:47:26
1087434,228,0,20260629,1437,54,,2026-06-29 18:48:10
1087434,228,0,20260629,1437,55,,2026-06-29 18:48:34
1087434,228,0,20260629,1437,56,,2026-06-29 18:49:22
1087434,228,0,20260629,1437,57,,2026-06-29 18:50:39
1087434,228,0,20260629,1437,58,,2026-06-29 18:51:07
1087434,228,0,20260629,1437,59,,2026-06-29 18:51:40
1087434,228,0,20260629,1437,60,,2026-06-29 18:52:07
1087434,228,0,20260629,1437,61,,2026-06-29 18:53:22
1087434,228,0,20260629,1437,62,,2026-06-29 18:54:22
1087434,228,0,20260629,1437,63,,2026-06-29 18:55:39
1087449,228F,0,20260629,1172,57,,2026-06-29 18:29:23
1087449,228F,0,20260629,1172,58,,2026-06-29 18:29:43
1087449,228F,0,20260629,1172,59,,2026-06-29 18:29:59
1087449,228F,0,20260629,1172,60,,2026-06-29 18:30:23
1087449,228F,0,20260629,1172,61,,2026-06-29 18:31:44
1087449,228F,0,20260629,1172,62,,2026-06-29 18:32:43
1087449,228F,0,20260629,1172,63,,2026-06-29 18:33:48
1087449,228F,0,20260629,1172,64,,2026-06-29 18:34:22
1087449,228F,0,20260629,1172,65,,2026-06-29 18:35:15
1087449,228F,0,20260629,1172,66,,2026-06-29 18:35:50
1087449,228F,0,20260629,1172,67,,2026-06-29 18:36:47
1087449,228F,0,20260629,1172,68,,2026-06-29 18:38:03
1087449,228F,0,20260629,1172,69,,2026-06-29 18:39:00
1087449,228F,0,20260629,1172,70,,2026-06-29 18:39:40
1087449,228F,0,20260629,1172,71,,2026-06-29 18:40:02
1087449,228F,0,20260629,1172,72,,2026-06-29 18:40:22
1087449,228F,0,20260629,1172,73,,2026-06-29 18:41:01
1087449,228F,0,20260629,1172,74,,2026-06-29 18:41:44
1087449,228F,0,20260629,1172,75,,2026-06-29 18:42:33
1087449,228F,0,20260629,1172,76,,2026-06-29 18:42:50
1087449,228F,0,20260629,1172,77,,2026-06-29 18:43:38
1087449,228F,0,20260629,1172,78,,2026-06-29 18:44:20
1087449,228F,0,20260629,1172,79,,2026-06-29 18:45:05
1087449,228F,0,20260629,1172,80,,2026-06-29 18:46:12
1087449,228F,0,20260629,1172,81,,2026-06-29 18:47:09
1087449,228F,0,20260629,1172,82,,2026-06-29 18:49:10
1087449,228F,0,20260629,1172,83,,2026-06-29 18:50:10
1087449,228F,0,20260629,1172,999,,2026-06-29 18:54:10
1087494,228F,1,20260629,5822,55,,2026-06-29 18:28:28
1087494,228F,1,20260629,5822,56,,2026-06-29 18:29:17
1087494,228F,1,20260629,5822,57,,2026-06-29 18:29:58
1087494,228F,1,20260629,5822,58,,2026-06-29 18:30:22
1087494,228F,1,20260629,5822,59,,2026-06-29 18:30:48
1087494,228F,1,20260629,5822,60,,2026-06-29 18:31:09
1087494,228F,1,20260629,5822,61,,2026-06-29 18:32:33
1087494,228F,1,20260629,5822,62,,2026-06-29 18:33:04
1087494,228F,1,20260629,5822,63,,2026-06-29 18:33:23
1087494,228F,1,20260629,5822,64,,2026-06-29 18:33:57
1087494,228F,1,20260629,5822,65,,2026-06-29 18:34:18
1087494,228F,1,20260629,5822,66,,2026-06-29 18:34:42
1087494,228F,1,20260629,5822,67,,2026-06-29 18:35:18
1087494,228F,1,20260629,5822,68,,2026-06-29 18:36:03
1087494,228F,1,20260629,5822,69,,2026-06-29 18:36:29
1087494,228F,1,20260629,5822,70,,2026-06-29 18:36:54
1087494,228F,1,20260629,5822,71,,2026-06-29 18:37:12
1087494,228F,1,20260629,5822,72,,2026-06-29 18:37:47
1087494,228F,1,20260629,5822,73,,2026-06-29 18:38:08
1087494,228F,1,20260629,5822,74,,2026-06-29 18:38:53
1087494,228F,1,20260629,5822,75,,2026-06-29 18:39:05
1087494,228F,1,20260629,5822,76,,2026-06-29 18:39:50
1087494,228F,1,20260629,5822,77,,2026-06-29 18:40:23
1087494,228F,1,20260629,5822,78,,2026-06-29 18:40:56
1087494,228F,1,20260629,5822,79,,2026-06-29 18:41:39
1087494,228F,1,20260629,5822,80,,2026-06-29 18:41:58
1087494,228F,1,20260629,5822,81,,2026-06-29 18:42:36
1087494,228F,1,20260629,5822,82,,2026-06-29 18:44:06
1087494,228F,1,20260629,5822,83,,2026-06-29 18:45:11
1087494,228F,1,20260629,5822,999,,2026-06-29 18:46:14
1087496,228F,1,20260629,1212,29,,2026-06-29 18:28:23
1087496,228F,1,20260629,1212,30,,2026-06-29 18:28:58
1087496,228F,1,20260629,1212,31,,2026-06-29 18:29:18
1087496,228F,1,20260629,1212,32,,2026-06-29 18:29:50
1087496,228F,1,20260629,1212,33,,2026-06-29 18:31:24
1087496,228F,1,20260629,1212,34,,2026-06-29 18:31:44
1087496,228F,1,20260629,1212,35,,2026-06-29 18:32:12
1087496,228F,1,20260629,1212,36,,2026-06-29 18:32:59
1087496,228F,1,20260629,1212,37,,2026-06-29 18:33:29
1087496,228F,1,20260629,1212,38,,2026-06-29 18:34:04
1087496,228F,1,20260629,1212,39,,2026-06-29 18:34:32
1087496,228F,1,20260629,1212,40,,2026-06-29 18:34:59
1087496,228F,1,20260629,1212,41,,2026-06-29 18:35:37
1087496,228F,1,20260629,1212,42,,2026-06-29 18:36:05
1087496,228F,1,20260629,1212,43,,2026-06-29 18:37:11
1087496,228F,1,20260629,1212,44,,2026-06-29 18:37:40
1087496,228F,1,20260629,1212,45,,2026-06-29 18:38:57
1087496,228F,1,20260629,1212,46,,2026-06-29 18:39:44
1087496,228F,1,20260629,1212,47,,2026-06-29 18:41:06
1087496,228F,1,20260629,1212,48,,2026-06-29 18:41:32
1087496,228F,1,20260629,1212,49,,2026-06-29 18:42:13
1087496,228F,1,20260629,1212,50,,2026-06-29 18:43:40
1087496,228F,1,20260629,1212,51,,2026-06-29 18:44:09
1087496,228F,1,20260629,1212,52,,2026-06-29 18:44:38
1087496,228F,1,20260629,1212,53,,2026-06-29 18:44:52
1087496,228F,1,20260629,1212,54,,2026-06-29 18:45:22
1087496,228F,1,20260629,1212,55,,2026-06-29 18:46:01
1087496,228F,1,20260629,1212,56,,2026-06-29 18:46:51
1087496,228F,1,20260629,1212,57,,2026-06-29 18:47:27
1087496,228F,1,20260629,1212,58,,2026-06-29 18:47:49
1087496,228F,1,20260629,1212,59,,2026-06-29 18:48:31
1087496,228F,1,20260629,1212,60,,2026-06-29 18:48:54
1087496,228F,1,20260629,1212,61,,2026-06-29 18:49:48
1087496,228F,1,20260629,1212,62,,2026-06-29 18:50:07
1087496,228F,1,20260629,1212,63,,2026-06-29 18:50:41
1087496,228F,1,20260629,1212,64,,2026-06-29 18:51:39
1087496,228F,1,20260629,1212,65,,2026-06-29 18:52:00
1087496,228F,1,20260629,1212,66,,2026-06-29 18:52:51
1087496,228F,1,20260629,1212,67,,2026-06-29 18:53:25
1087496,228F,1,20260629,1212,68,,2026-06-29 18:54:38
1087496,228F,1,20260629,1212,69,,2026-06-29 18:55:32
1087496,228F,1,20260629,1212,70,,2026-06-29 18:56:05
1087496,228F,1,20260629,1212,71,,2026-06-29 18:56:56
1087496,228F,1,20260629,1212,72,,2026-06-29 18:57:28
1087500,228X,1,20260629,555,999,,2026-06-29 18:28:36
1087503,400,0,20260629,805,44,,2026-06-29 18:28:03
1087503,400,0,20260629,805,45,,2026-06-29 18:28:40
1087503,400,0,20260629,805,46,,2026-06-29 18:29:34
1087503,400,0,20260629,805,47,,2026-06-29 18:30:16
1087503,400,0,20260629,805,48,,2026-06-29 18:30:43
1087503,400,0,20260629,805,49,,2026-06-29 18:31:20
1087503,400,0,20260629,805,50,,2026-06-29 18:31:48
1087503,400,0,20260629,805,51,,2026-06-29 18:32:07
1087503,400,0,20260629,805,999,,2026-06-29 18:32:52
1087504,400,1,20260629,542,1,,2026-06-29 18:37:52
1087504,400,1,20260629,542,2,,2026-06-29 18:38:51
1087504,400,1,20260629,542,3,,2026-06-29 18:39:03
1087504,400,1,20260629,542,4,,2026-06-29 18:39:12
1087504,400,1,20260629,542,5,,2026-06-29 18:39:57
1087504,400,1,20260629,542,6,,2026-06-29 18:40:21
1087504,400,1,20260629,542,7,,2026-06-29 18:41:06
1087504,400,1,20260629,542,8,,2026-06-29 18:41:59
1087504,400,1,20260629,542,9,,2026-06-29 18:42:28
1087504,400,1,20260629,542,10,,2026-06-29 18:43:01
1087504,400,1,20260629,542,11,,2026-06-29 18:43:38
1087504,400,1,20260629,542,12,,2026-06-29 18:44:26
1087504,400,1,20260629,542,13,,2026-06-29 18:45:12
1087504,400,1,20260629,542,14,,2026-06-29 18:45:59
1087504,400,1,20260629,542,15,,2026-06-29 18:46:28
1087504,400,1,20260629,542,16,,2026-06-29 18:47:09
1087504,400,1,20260629,542,17,,2026-06-29 18:47:31
1087504,400,1,20260629,542,18,,2026-06-29 18:48:56
1087504,400,1,20260629,542,19,,2026-06-29 18:50:00
1087504,400,1,20260629,542,20,,2026-06-29 18:50:35
1087504,400,1,20260629,542,21,,2026-06-29 18:52:01
1087504,400,1,20260629,542,22,,2026-06-29 18:53:02
1087531,400,0,20260629,542,32,,2026-06-29 18:28:23
1087531,400,0,20260629,542,33,,2026-06-29 18:31:33
1087531,400,0,20260629,542,34,,2026-06-29 18:32:19
1087531,400,0,20260629,542,35,,2026-06-29 18:34:11
1087531,400,0,20260629,542,36,,2026-06-29 18:35:38
1087531,400,0,20260629,542,37,,2026-06-29 18:36:23
1087531,400,0,20260629,542,38,,2026-06-29 18:37:09
1087531,400,0,20260629,542,39,,2026-06-29 18:37:46
1087531,400,0,20260629,542,40,,2026-06-29 18:38:48
1087531,400,0,20260629,542,41,,2026-06-29 18:39:22
1087531,400,0,20260629,542,42,,2026-06-29 18:40:26
1087531,400,0,20260629,542,43,,2026-06-29 18:41:26
1087531,400,0,20260629,542,44,,2026-06-29 18:42:06
1087531,400,0,20260629,542,45,,2026-06-29 18:42:56
1087531,400,0,20260629,542,46,,2026-06-29 18:43:51
1087531,400,0,20260629,542,47,,2026-06-29 18:45:00
1087531,400,0,20260629,542,48,,2026-06-29 18:46:02
1087531,400,0,20260629,542,49,,2026-06-29 18:46:57
1087531,400,0,20260629,542,50,,2026-06-29 18:48:01
1087531,400,0,20260629,542,51,,2026-06-29 18:47:15
1087531,400,0,20260629,542,999,,2026-06-29 18:48:49
1087532,400,1,20260629,849,1,,2026-06-29 18:49:20
1087532,400,1,20260629,849,2,,2026-06-29 18:50:26
1087532,400,1,20260629,849,3,,2026-06-29 18:51:10
1087532,400,1,20260629,849,4,,2026-06-29 18:51:56
1087532,400,1,20260629,849,5,,2026-06-29 18:52:35
1087532,400,1,20260629,849,6,,2026-06-29 18:53:40
1087532,400,1,20260629,849,7,,2026-06-29 18:54:26
1087532,400,1,20260629,849,8,,2026-06-29 18:55:18
1087532,400,1,20260629,849,9,,2026-06-29 18:55:47
1087532,400,1,20260629,849,10,,2026-06-29 18:56:20
1087532,400,1,20260629,849,11,,2026-06-29 18:56:57
1087532,400,1,20260629,849,12,,2026-06-29 18:57:45
1087532,400,1,20260629,849,13,,2026-06-29 18:58:31
1087532,400,1,20260629,849,14,,2026-06-29 18:59:18
1087544,400,0,20260629,68,1,,2026-06-29 18:55:00
1087544,400,0,20260629,68,2,,2026-06-29 18:55:53
1087544,400,0,20260629,68,3,,2026-06-29 18:56:41
1087544,400,0,20260629,68,4,,2026-06-29 18:57:52
1087544,400,0,20260629,68,5,,2026-06-29 18:58:58
1087546,400,0,20260629,545,1,,2026-06-29 18:32:40
1087546,400,0,20260629,545,2,,2026-06-29 18:33:29
1087546,400,0,20260629,545,3,,2026-06-29 18:35:11
1087546,400,0,20260629,545,4,,2026-06-29 18:38:10
1087546,400,0,20260629,545,5,,2026-06-29 18:39:09
1087546,400,0,20260629,545,6,,2026-06-29 18:39:57
1087546,400,0,20260629,545,7,,2026-06-29 18:40:30
1087546,400,0,20260629,545,8,,2026-06-29 18:41:34
1087546,400,0,20260629,545,9,,2026-06-29 18:41:57
1087546,400,0,20260629,545,10,,2026-06-29 18:42:34
1087546,400,0,20260629,545,11,,2026-06-29 18:44:24
1087546,400,0,20260629,545,12,,2026-06-29 18:44:49
1087546,400,0,20260629,545,13,,2026-06-29 18:45:12
1087546,400,0,20260629,545,14,,2026-06-29 18:45:49
1087546,400,0,20260629,545,15,,2026-06-29 18:46:13
1087546,400,0,20260629,545,16,,2026-06-29 18:47:30
1087546,400,0,20260629,545,17,,2026-06-29 18:48:12
1087546,400,0,20260629,545,18,,2026-06-29 18:48:26
1087546,400,0,20260629,545,19,,2026-06-29 18:49:14
1087546,400,0,20260629,545,20,,2026-06-29 18:50:13
1087546,400,0,20260629,545,21,,2026-06-29 18:50:55
1087546,400,0,20260629,545,22,,2026-06-29 18:51:35
1087546,400,0,20260629,545,23,,2026-06-29 18:52:08
1087546,400,0,20260629,545,24,,2026-06-29 18:53:05
1087546,400,0,20260629,545,25,,2026-06-29 18:53:50
1087546,400,0,20260629,545,26,,2026-06-29 18:54:28
1087546,400,0,20260629,545,27,,2026-06-29 18:55:20
1087546,400,0,20260629,545,28,,2026-06-29 18:55:59
1087546,400,0,20260629,545,29,,2026-06-29 18:57:08
1087546,400,0,20260629,545,30,,2026-06-29 18:57:39
1087546,400,0,20260629,545,31,,2026-06-29 18:58:24
1087546,400,0,20260629,545,32,,2026-06-29 18:59:13
1087554,400,1,20260629,955,30,,2026-06-29 18:28:11
1087554,400,1,20260629,955,31,,2026-06-29 18:28:33
1087554,400,1,20260629,955,32,,2026-06-29 18:29:06
1087554,400,1,20260629,955,33,,2026-06-29 18:29:42
1087554,400,1,20260629,955,34,,2026-06-29 18:30:16
1087554,400,1,20260629,955,35,,2026-06-29 18:30:53
1087554,400,1,20260629,955,36,,2026-06-29 18:31:40
1087554,400,1,20260629,955,37,,2026-06-29 18:32:23
1087554,400,1,20260629,955,38,,2026-06-29 18:32:47
1087554,400,1,20260629,955,39,,2026-06-29 18:33:17
1087554,400,1,20260629,955,40,,2026-06-29 18:34:19
1087554,400,1,20260629,955,41,,2026-06-29 18:34:42
1087554,400,1,20260629,955,42,,2026-06-29 18:36:13
1087554,400,1,20260629,955,43,,2026-06-29 18:36:46
1087554,400,1,20260629,955,44,,2026-06-29 18:37:11
1087554,400,1,20260629,955,45,,2026-06-29 18:37:56
1087554,400,1,20260629,955,46,,2026-06-29 18:38:30
1087554,400,1,20260629,955,47,,2026-06-29 18:39:08
1087554,400,1,20260629,955,48,,2026-06-29 18:40:16
1087554,400,1,20260629,955,49,,2026-06-29 18:42:32
1087554,400,1,20260629,955,50,,2026-06-29 18:43:27
1087554,400,1,20260629,955,999,,2026-06-29 18:45:27
1087608,401,1,20260629,549,27,,2026-06-29 18:28:39
1087608,401,1,20260629,549,999,,2026-06-29 18:28:29
1087609,401,0,20260629,550,1,,2026-06-29 18:34:00
1087609,401,0,20260629,550,2,,2026-06-29 18:35:19
1087609,401,0,20260629,550,3,,2026-06-29 18:37:18
1087609,401,0,20260629,550,4,,2026-06-29 18:43:40
1087609,401,0,20260629,550,5,,2026-06-29 18:44:00
1087609,401,0,20260629,550,6,,2026-06-29 18:44:43
1087609,401,0,20260629,550,7,,2026-06-29 18:46:04
1087609,401,0,20260629,550,8,,2026-06-29 18:47:24
1087609,401,0,20260629,550,9,,2026-06-29 18:47:35
1087609,401,0,20260629,550,10,,2026-06-29 18:48:00
1087609,401,0,20260629,550,11,,2026-06-29 18:48:41
1087609,401,0,20260629,550,12,,2026-06-29 18:49:32
1087609,401,0,20260629,550,13,,2026-06-29 18:50:02
1087609,401,0,20260629,550,14,,2026-06-29 18:50:42
1087609,401,0,20260629,550,15,,2026-06-29 18:51:51
1087609,401,0,20260629,550,16,,2026-06-29 18:52:47
1087609,401,0,20260629,550,17,,2026-06-29 18:53:25
1087609,401,0,20260629,550,18,,2026-06-29 18:53:52
1087609,401,0,20260629,550,19,,2026-06-29 18:54:40
1087609,401,0,20260629,550,20,,2026-06-29 18:55:40
1087609,401,0,20260629,550,21,,2026-06-29 18:56:12
1087609,401,0,20260629,550,22,,2026-06-29 18:56:57
1087609,401,0,20260629,550,23,,2026-06-29 18:57:32
1087609,401,0,20260629,550,24,,2026-06-29 18:58:07
1087609,401,0,20260629,550,25,,2026-06-29 18:58:42
1087609,401,0,20260629,550,26,,2026-06-29 18:59:16
1087614,401,1,20260629,550,1,,2026-06-29 18:53:49
1087614,401,1,20260629,550,2,,2026-06-29 18:54:18
1087614,401,1,20260629,550,3,,2026-06-29 18:55:05
1087614,401,1,20260629,550,4,,2026-06-29 18:55:27
1087614,401,1,20260629,550,5,,2026-06-29 18:55:56
1087614,401,1,20260629,550,6,,2026-06-29 18:56:25
1087614,401,1,20260629,550,7,,2026-06-29 18:56:58
1087653,404,1,20260629,849,25,,2026-06-29 18:28:06
1087653,404,1,20260629,849,26,,2026-06-29 18:28:43
1087653,404,1,20260629,849,27,,2026-06-29 18:29:27
1087653,404,1,20260629,849,28,,2026-06-29 18:30:40
1087653,404,1,20260629,849,29,,2026-06-29 18:30:53
1087653,404,1,20260629,849,30,,2026-06-29 18:32:14
1087653,404,1,20260629,849,31,,2026-06-29 18:33:31
1087653,404,1,20260629,849,32,,2026-06-29 18:33:48
1087653,404,1,20260629,849,33,,2026-06-29 18:34:32
1087653,404,1,20260629,849,34,,2026-06-29 18:34:57
1087653,404,1,20260629,849,35,,2026-06-29 18:35:32
1087653,404,1,20260629,849,999,,2026-06-29 18:39:02
1087663,405,0,20260629,525,1,,2026-06-29 18:34:00
1087663,405,0,20260629,525,2,,2026-06-29 18:36:01
1087663,405,0,20260629,525,3,,2026-06-29 18:38:00
1087663,405,0,20260629,525,4,,2026-06-29 18:42:37
1087663,405,0,20260629,525,5,,2026-06-29 18:44:17
1087663,405,0,20260629,525,6,,2026-06-29 18:44:43
1087663,405,0,20260629,525,7,,2026-06-29 18:45:10
1087663,405,0,20260629,525,8,,2026-06-29 18:45:54
1087663,405,0,20260629,525,9,,2026-06-29 18:47:32
1087663,405,0,20260629,525,10,,2026-06-29 18:48:10
1087663,405,0,20260629,525,11,,2026-06-29 18:48:40
1087663,405,0,20260629,525,12,,2026-06-29 18:48:41
1087663,405,0,20260629,525,13,,2026-06-29 18:49:21
1087663,405,0,20260629,525,14,,2026-06-29 18:49:58
1087663,405,0,20260629,525,15,,2026-06-29 18:50:55
1087663,405,0,20260629,525,16,,2026-06-29 18:51:27
1087663,405,0,20260629,525,17,,2026-06-29 18:51:47
1087663,405,0,20260629,525,18,,2026-06-29 18:52:39
1087663,405,0,20260629,525,19,,2026-06-29 18:53:12
1087663,405,0,20260629,525,20,,2026-06-29 18:53:56
1087663,405,0,20260629,525,21,,2026-06-29 18:54:22
1087663,405,0,20260629,525,22,,2026-06-29 18:55:00
1087663,405,0,20260629,525,23,,2026-06-29 18:56:03
1087663,405,0,20260629,525,24,,2026-06-29 18:56:38
1087663,405,0,20260629,525,25,,2026-06-29 18:57:31
1087678,411,0,20260629,405,23,,2026-06-29 18:28:55
1087678,411,0,20260629,405,24,,2026-06-29 18:29:17
1087678,411,0,20260629,405,25,,2026-06-29 18:29:40
1087678,411,0,20260629,405,26,,2026-06-29 18:30:02
1087678,411,0,20260629,405,27,,2026-06-29 18:30:48
1087678,411,0,20260629,405,28,,2026-06-29 18:31:30
1087678,411,0,20260629,405,29,,2026-06-29 18:31:49
1087678,411,0,20260629,405,30,,2026-06-29 18:32:57
1087678,411,0,20260629,405,31,,2026-06-29 18:33:31
1087678,411,0,20260629,405,32,,2026-06-29 18:34:21
1087678,411,0,20260629,405,33,,2026-06-29 18:34:58
1087678,411,0,20260629,405,34,,2026-06-29 18:35:32
1087678,411,0,20260629,405,35,,2026-06-29 18:35:46
1087678,411,0,20260629,405,36,,2026-06-29 18:37:04
1087678,411,0,20260629,405,37,,2026-06-29 18:37:59
1087678,411,0,20260629,405,38,,2026-06-29 18:38:48
1087678,411,0,20260629,405,39,,2026-06-29 18:39:56
1087678,411,0,20260629,405,40,,2026-06-29 18:40:25
1087678,411,0,20260629,405,41,,2026-06-29 18:40:49
1087678,411,0,20260629,405,42,,2026-06-29 18:41:03
1087678,411,0,20260629,405,43,,2026-06-29 18:41:40
1087678,411,0,20260629,405,44,,2026-06-29 18:42:51
1087678,411,0,20260629,405,45,,2026-06-29 18:43:30
1087678,411,0,20260629,405,46,,2026-06-29 18:44:14
1087678,411,0,20260629,405,47,,2026-06-29 18:45:29
1087678,411,0,20260629,405,48,,2026-06-29 18:46:40
1087678,411,0,20260629,405,999,,2026-06-29 18:48:08
1087682,411,1,20260629,1001,1,,2026-06-29 18:45:00
1087682,411,1,20260629,1001,2,,2026-06-29 18:47:08
1087682,411,1,20260629,1001,3,,2026-06-29 18:48:51
1087682,411,1,20260629,1001,4,,2026-06-29 18:50:03
1087682,411,1,20260629,1001,5,,2026-06-29 18:51:12
1087682,411,1,20260629,1001,6,,2026-06-29 18:52:08
1087682,411,1,20260629,1001,7,,2026-06-29 18:53:00
1087682,411,1,20260629,1001,8,,2026-06-29 18:54:21
1087682,411,1,20260629,1001,9,,2026-06-29 18:55:18
1087682,411,1,20260629,1001,10,,2026-06-29 18:55:40
1087682,411,1,20260629,1001,11,,2026-06-29 18:56:17
1087682,411,1,20260629,1001,12,,2026-06-29 18:57:28
1087682,411,1,20260629,1001,13,,2026-06-29 18:58:24
1087682,411,1,20260629,1001,14,,2026-06-29 18:59:22
1087682,411,1,20260629,1001,15,,2026-06-29 19:00:33
1087688,411,0,20260629,1208,45,,2026-06-29 18:28:13
1087688,411,0,20260629,1208,46,,2026-06-29 18:28:55
1087688,411,0,20260629,1208,47,,2026-06-29 18:30:07
1087688,411,0,20260629,1208,48,,2026-06-29 18:31:19
1087688,411,0,20260629,1208,999,,2026-06-29 18:33:18
1087727,411,1,20260629,1208,29,,2026-06-29 18:28:31
1087727,411,1,20260629,1208,30,,2026-06-29 18:29:03
1087727,411,1,20260629,1208,31,,2026-06-29 18:29:49
1087727,411,1,20260629,1208,32,,2026-06-29 18:31:04
1087727,411,1,20260629,1208,33,,2026-06-29 18:32:16
1087727,411,1,20260629,1208,34,,2026-06-29 18:32:46
1087727,411,1,20260629,1208,35,,2026-06-29 18:33:54
1087727,411,1,20260629,1208,36,,2026-06-29 18:34:30
1087727,411,1,20260629,1208,37,,2026-06-29 18:34:49
1087727,411,1,20260629,1208,38,,2026-06-29 18:35:20
1087727,411,1,20260629,1208,39,,2026-06-29 18:36:02
1087727,411,1,20260629,1208,40,,2026-06-29 18:36:36
1087727,411,1,20260629,1208,41,,2026-06-29 18:37:15
1087727,411,1,20260629,1208,42,,2026-06-29 18:38:19
1087727,411,1,20260629,1208,43,,2026-06-29 18:39:10
1087727,411,1,20260629,1208,44,,2026-06-29 18:39:45
1087727,411,1,20260629,1208,45,,2026-06-29 18:40:12
1087727,411,1,20260629,1208,46,,2026-06-29 18:41:48
1087727,411,1,20260629,1208,47,,2026-06-29 18:45:31
1087727,411,1,20260629,1208,48,,2026-06-29 18:47:38
1087727,411,1,20260629,1208,999,,2026-06-29 18:49:32
1087738,411,0,20260629,412,3,,2026-06-29 18:28:18
1087738,411,0,20260629,412,4,,2026-06-29 18:30:07
1087738,411,0,20260629,412,5,,2026-06-29 18:30:58
1087738,411,0,20260629,412,6,,2026-06-29 18:32:35
1087738,411,0,20260629,412,7,,2026-06-29 18:34:10
1087738,411,0,20260629,412,8,,2026-06-29 18:35:15
1087738,411,0,20260629,412,9,,2026-06-29 18:37:18
1087738,411,0,20260629,412,10,,2026-06-29 18:37:57
1087738,411,0,20260629,412,11,,2026-06-29 18:38:43
1087738,411,0,20260629,412,12,,2026-06-29 18:39:17
1087738,411,0,20260629,412,13,,2026-06-29 18:39:52
1087738,411,0,20260629,412,14,,2026-06-29 18:40:32
1087738,411,0,20260629,412,15,,2026-06-29 18:41:17
1087738,411,0,20260629,412,16,,2026-06-29 18:42:11
1087738,411,0,20260629,412,17,,2026-06-29 18:42:46
1087738,411,0,20260629,412,18,,2026-06-29 18:43:36
1087738,411,0,20260629,412,19,,2026-06-29 18:44:16
1087738,411,0,20260629,412,20,,2026-06-29 18:45:02
1087738,411,0,20260629,412,21,,2026-06-29 18:45:37
1087738,411,0,20260629,412,22,,2026-06-29 18:46:18
1087738,411,0,20260629,412,23,,2026-06-29 18:47:11
1087738,411,0,20260629,412,24,,2026-06-29 18:48:20
1087738,411,0,20260629,412,25,,2026-06-29 18:48:55
1087738,411,0,20260629,412,26,,2026-06-29 18:49:29
1087738,411,0,20260629,412,27,,2026-06-29 18:50:29
1087738,411,0,20260629,412,28,,2026-06-29 18:51:08
1087738,411,0,20260629,412,29,,2026-06-29 18:51:35
1087738,411,0,20260629,412,30,,2026-06-29 18:52:37
1087738,411,0,20260629,412,31,,2026-06-29 18:53:25
1087738,411,0,20260629,412,32,,2026-06-29 18:53:59
1087738,411,0,20260629,412,33,,2026-06-29 18:54:35
1087738,411,0,20260629,412,34,,2026-06-29 18:55:12
1087738,411,0,20260629,412,35,,2026-06-29 18:55:35
1087738,411,0,20260629,412,36,,2026-06-29 18:56:43
1087738,411,0,20260629,412,37,,2026-06-29 18:57:31
1087757,411,1,20260629,953,10,,2026-06-29 18:28:19
1087757,411,1,20260629,953,11,,2026-06-29 18:28:47
1087757,411,1,20260629,953,12,,2026-06-29 18:29:55
1087757,411,1,20260629,953,13,,2026-06-29 18:30:58
1087757,411,1,20260629,953,14,,2026-06-29 18:31:58
1087757,411,1,20260629,953,15,,2026-06-29 18:34:10
1087757,411,1,20260629,953,16,,2026-06-29 18:34:38
1087757,411,1,20260629,953,17,,2026-06-29 18:35:08
1087757,411,1,20260629,953,18,,2026-06-29 18:35:39
1087757,411,1,20260629,953,19,,2026-06-29 18:36:15
1087757,411,1,20260629,953,20,,2026-06-29 18:37:14
1087757,411,1,20260629,953,21,,2026-06-29 18:37:18
1087757,411,1,20260629,953,22,,2026-06-29 18:38:23
1087757,411,1,20260629,953,23,,2026-06-29 18:38:47
1087757,411,1,20260629,953,24,,2026-06-29 18:39:38
1087757,411,1,20260629,953,25,,2026-06-29 18:40:00
1087757,411,1,20260629,953,26,,2026-06-29 18:40:20
1087757,411,1,20260629,953,27,,2026-06-29 18:40:44
1087757,411,1,20260629,953,28,,2026-06-29 18:42:10
1087757,411,1,20260629,953,29,,2026-06-29 18:42:43
1087757,411,1,20260629,953,30,,2026-06-29 18:43:22
1087757,411,1,20260629,953,31,,2026-06-29 18:44:05
1087757,411,1,20260629,953,32,,2026-06-29 18:45:32
1087757,411,1,20260629,953,33,,2026-06-29 18:46:25
1087757,411,1,20260629,953,34,,2026-06-29 18:46:58
1087757,411,1,20260629,953,35,,2026-06-29 18:48:07
1087757,411,1,20260629,953,36,,2026-06-29 18:48:40
1087757,411,1,20260629,953,37,,2026-06-29 18:49:06
1087757,411,1,20260629,953,38,,2026-06-29 18:49:40
1087757,411,1,20260629,953,39,,2026-06-29 18:50:20
1087757,411,1,20260629,953,40,,2026-06-29 18:51:07
1087757,411,1,20260629,953,41,,2026-06-29 18:51:51
1087757,411,1,20260629,953,42,,2026-06-29 18:53:02
1087757,411,1,20260629,953,43,,2026-06-29 18:54:08
1087757,411,1,20260629,953,44,,2026-06-29 18:55:44
1087757,411,1,20260629,953,45,,2026-06-29 18:57:40
1087757,411,1,20260629,953,46,,2026-06-29 18:59:10
1087765,415,1,20260629,832,3,,2026-06-29 18:29:56
1087765,415,1,20260629,832,4,,2026-06-29 18:29:59
1087765,415,1,20260629,832,5,,2026-06-29 18:30:50
1087765,415,1,20260629,832,6,,2026-06-29 18:30:59
1087765,415,1,20260629,832,7,,2026-06-29 18:31:45
1087765,415,1,20260629,832,8,,2026-06-29 18:32:05
1087765,415,1,20260629,832,9,,2026-06-29 18:32:31
1087765,415,1,20260629,832,10,,2026-06-29 18:32:59
1087765,415,1,20260629,832,11,,2026-06-29 18:33:21
1087765,415,1,20260629,832,12,,2026-06-29 18:33:55
1087765,415,1,20260629,832,13,,2026-06-29 18:35:39
1087765,415,1,20260629,832,14,,2026-06-29 18:36:17
1087765,415,1,20260629,832,15,,2026-06-29 18:36:27
1087765,415,1,20260629,832,16,,2026-06-29 18:37:04
1087765,415,1,20260629,832,17,,2026-06-29 18:37:51
1087765,415,1,20260629,832,18,,2026-06-29 18:39:01
1087765,415,1,20260629,832,19,,2026-06-29 18:39:21
1087765,415,1,20260629,832,20,,2026-06-29 18:41:42
1087765,415,1,20260629,832,21,,2026-06-29 18:42:19
1087765,415,1,20260629,832,22,,2026-06-29 18:42:42
1087765,415,1,20260629,832,23,,2026-06-29 18:43:19
1087765,415,1,20260629,832,24,,2026-06-29 18:44:05
1087765,415,1,20260629,832,25,,2026-06-29 18:44:09
1087765,415,1,20260629,832,999,,2026-06-29 18:45:07
1087766,415,0,20260629,1523,1,,2026-06-29 18:53:00
1087766,415,0,20260629,1523,2,,2026-06-29 18:53:35
1087766,415,0,20260629,1523,3,,2026-06-29 18:54:12
1087766,415,0,20260629,1523,4,,2026-06-29 18:54:44
1087766,415,0,20260629,1523,5,,2026-06-29 18:55:30
1087766,415,0,20260629,1523,6,,2026-06-29 18:56:01
1087827,430,0,20260629,1523,26,,2026-06-29 18:29:28
1087827,430,0,20260629,1523,27,,2026-06-29 18:30:07
1087827,430,0,20260629,1523,28,,2026-06-29 18:30:33
1087827,430,0,20260629,1523,29,,2026-06-29 18:31:04
1087827,430,0,20260629,1523,30,,2026-06-29 18:31:36
1087827,430,0,20260629,1523,31,,2026-06-29 18:31:58
1087827,430,0,20260629,1523,999,,2026-06-29 18:33:19
1087835,430,1,20260629,405,1,,2026-06-29 18:39:02
1087835,430,1,20260629,405,2,,2026-06-29 18:42:02
1087835,430,1,20260629,405,3,,2026-06-29 18:43:34
1087835,430,1,20260629,405,4,,2026-06-29 18:43:56
1087835,430,1,20260629,405,5,,2026-06-29 18:44:26
1087835,430,1,20260629,405,6,,2026-06-29 18:44:56
1087835,430,1,20260629,405,7,,2026-06-29 18:45:33
1087835,430,1,20260629,405,8,,2026-06-29 18:45:51
1087835,430,1,20260629,405,9,,2026-06-29 18:46:21
1087835,430,1,20260629,405,10,,2026-06-29 18:47:11
1087835,430,1,20260629,405,11,,2026-06-29 18:47:49
1087835,430,1,20260629,405,12,,2026-06-29 18:48:37
1087835,430,1,20260629,405,13,,2026-06-29 18:49:36
1087835,430,1,20260629,405,14,,2026-06-29 18:50:46
1087835,430,1,20260629,405,15,,2026-06-29 18:51:24
1087835,430,1,20260629,405,16,,2026-06-29 18:52:01
1087835,430,1,20260629,405,17,,2026-06-29 18:52:28
1087835,430,1,20260629,405,18,,2026-06-29 18:53:01
1087835,430,1,20260629,405,19,,2026-06-29 18:53:27
1087835,430,1,20260629,405,20,,2026-06-29 18:54:21
1087835,430,1,20260629,405,21,,2026-06-29 18:55:14
1087835,430,1,20260629,405,22,,2026-06-29 18:56:10
1087840,440,1,20260629,525,4,,2026-06-29 18:28:14
1087840,440,1,20260629,525,5,,2026-06-29 18:28:46
1087840,440,1,20260629,525,6,,2026-06-29 18:29:43
1087840,440,1,20260629,525,7,,2026-06-29 18:30:34
1087840,440,1,20260629,525,8,,2026-06-29 18:30:57
1087840,440,1,20260629,525,9,,2026-06-29 18:31:55
1087840,440,1,20260629,525,10,,2026-06-29 18:32:56
1087840,440,1,20260629,525,11,,2026-06-29 18:35:18
1087840,440,1,20260629,525,12,,2026-06-29 18:35:48
1087840,440,1,20260629,525,13,,2026-06-29 18:36:39
1087840,440,1,20260629,525,14,,2026-06-29 18:37:15
1087840,440,1,20260629,525,15,,2026-06-29 18:37:52
1087840,440,1,20260629,525,16,,2026-06-29 18:38:34
1087840,440,1,20260629,525,17,,2026-06-29 18:38:53
1087840,440,1,20260629,525,18,,2026-06-29 18:39:24
1087840,440,1,20260629,525,19,,2026-06-29 18:41:34
1087840,440,1,20260629,525,20,,2026-06-29 18:42:47
1087840,440,1,20260629,525,21,,2026-06-29 18:43:26
1087840,440,1,20260629,525,22,,2026-06-29 18:45:50
1087840,440,1,20260629,525,23,,2026-06-29 18:47:17
1087840,440,1,20260629,525,24,,2026-06-29 18:47:36
1087840,440,1,20260629,525,25,,2026-06-29 18:48:44
1087840,440,1,20260629,525,26,,2026-06-29 18:49:08
1087840,440,1,20260629,525,27,,2026-06-29 18:50:12
1087840,440,1,20260629,525,28,,2026-06-29 18:50:14
1087840,440,1,20260629,525,29,,2026-06-29 18:51:07
1087840,440,1,20260629,525,30,,2026-06-29 18:51:50
1087840,440,1,20260629,525,31,,2026-06-29 18:52:21
1087840,440,1,20260629,525,32,,2026-06-29 18:52:53
1087840,440,1,20260629,525,33,,2026-06-29 18:53:34
1087840,440,1,20260629,525,34,,2026-06-29 18:54:31
1087840,440,1,20260629,525,35,,2026-06-29 18:55:02
1087840,440,1,20260629,525,36,,2026-06-29 18:55:55
1087840,440,1,20260629,525,37,,2026-06-29 18:57:12
1087840,440,1,20260629,525,999,,2026-06-29 18:58:01
1087869,440,0,20260629,857,4,,2026-06-29 18:28:19
1087869,440,0,20260629,857,5,,2026-06-29 18:28:51
1087869,440,0,20260629,857,6,,2026-06-29 18:29:14
1087869,440,0,20260629,857,7,,2026-06-29 18:29:54
1087869,440,0,20260629,857,8,,2026-06-29 18:30:43
1087869,440,0,20260629,857,9,,2026-06-29 18:30:55
1087869,440,0,20260629,857,10,,2026-06-29 18:31:22
1087869,440,0,20260629,857,11,,2026-06-29 18:32:09
1087869,440,0,20260629,857,12,,2026-06-29 18:32:42
1087869,440,0,20260629,857,13,,2026-06-29 18:33:17
1087869,440,0,20260629,857,14,,2026-06-29 18:35:08
1087869,440,0,20260629,857,15,,2026-06-29 18:35:56
1087869,440,0,20260629,857,16,,2026-06-29 18:37:18
1087869,440,0,20260629,857,17,,2026-06-29 18:38:40
1087869,440,0,20260629,857,18,,2026-06-29 18:39:46
1087869,440,0,20260629,857,19,,2026-06-29 18:40:15
1087869,440,0,20260629,857,20,,2026-06-29 18:43:40
1087869,440,0,20260629,857,21,,2026-06-29 18:44:15
1087869,440,0,20260629,857,22,,2026-06-29 18:44:26
1087869,440,0,20260629,857,23,,2026-06-29 18:45:12
1087869,440,0,20260629,857,24,,2026-06-29 18:45:20
1087869,440,0,20260629,857,25,,2026-06-29 18:45:42
1087869,440,0,20260629,857,26,,2026-06-29 18:46:55
1087869,440,0,20260629,857,27,,2026-06-29 18:47:22
1087869,440,0,20260629,857,28,,2026-06-29 18:48:11
1087869,440,0,20260629,857,29,,2026-06-29 18:48:58
1087869,440,0,20260629,857,30,,2026-06-29 18:49:57
1087869,440,0,20260629,857,31,,2026-06-29 18:51:08
1087869,440,0,20260629,857,32,,2026-06-29 18:51:51
1087869,440,0,20260629,857,33,,2026-06-29 18:52:39
1087869,440,0,20260629,857,34,,2026-06-29 18:54:01
1087869,440,0,20260629,857,35,,2026-06-29 18:54:41
1087869,440,0,20260629,857,36,,2026-06-29 18:55:19
1087869,440,0,20260629,857,37,,2026-06-29 18:55:50
1087869,440,0,20260629,857,999,,2026-06-29 18:57:09
1087921,441,0,20260629,524,1,,2026-06-29 18:37:16
1087921,441,0,20260629,524,2,,2026-06-29 18:37:48
1087921,441,0,20260629,524,3,,2026-06-29 18:38:15
1087921,441,0,20260629,524,4,,2026-06-29 18:41:07
1087921,441,0,20260629,524,5,,2026-06-29 18:41:31
1087921,441,0,20260629,524,6,,2026-06-29 18:41:48
1087921,441,0,20260629,524,7,,2026-06-29 18:42:11
1087921,441,0,20260629,524,8,,2026-06-29 18:43:04
1087921,441,0,20260629,524,9,,2026-06-29 18:44:09
1087921,441,0,20260629,524,10,,2026-06-29 18:44:40
1087921,441,0,20260629,524,11,,2026-06-29 18:45:41
1087921,441,0,20260629,524,12,,2026-06-29 18:46:27
1087921,441,0,20260629,524,13,,2026-06-29 18:47:13
1087921,441,0,20260629,524,14,,2026-06-29 18:47:09
1087921,441,0,20260629,524,15,,2026-06-29 18:47:39
1087921,441,0,20260629,524,16,,2026-06-29 18:47:59
1087921,441,0,20260629,524,17,,2026-06-29 18:48:32
1087921,441,0,20260629,524,18,,2026-06-29 18:49:21
1087921,441,0,20260629,524,19,,2026-06-29 18:49:55
1087921,441,0,20260629,524,20,,2026-06-29 18:50:26
1087921,441,0,20260629,524,21,,2026-06-29 18:51:09
1087921,441,0,20260629,524,22,,2026-06-29 18:51:42
1087921,441,0,20260629,524,23,,2026-06-29 18:52:31
1087921,441,0,20260629,524,24,,2026-06-29 18:53:21
1087921,441,0,20260629,524,25,,2026-06-29 18:54:10
1087921,441,0,20260629,524,26,,2026-06-29 18:54:38
1087921,441,0,20260629,524,27,,2026-06-29 18:55:21
1087921,441,0,20260629,524,28,,2026-06-29 18:56:14
1087921,441,0,20260629,524,29,,2026-06-29 18:56:57
1087921,441,0,20260629,524,30,,2026-06-29 18:57:31
1087921,441,0,20260629,524,31,,2026-06-29 18:58:07
1087924,441,1,20260629,2823,22,,2026-06-29 18:28:17
1087924,441,1,20260629,2823,23,,2026-06-29 18:28:57
1087924,441,1,20260629,2823,24,,2026-06-29 18:29:32
1087924,441,1,20260629,2823,25,,2026-06-29 18:30:30
1087924,441,1,20260629,2823,26,,2026-06-29 18:30:59
1087924,441,1,20260629,2823,27,,2026-06-29 18:31:47
1087924,441,1,20260629,2823,28,,2026-06-29 18:32:55
1087924,441,1,20260629,2823,29,,2026-06-29 18:33:14
1087924,441,1,20260629,2823,30,,2026-06-29 18:33:30
1087924,441,1,20260629,2823,31,,2026-06-29 18:33:50
1087924,441,1,20260629,2823,32,,2026-06-29 18:36:02
1087924,441,1,20260629,2823,33,,2026-06-29 18:36:35
1087924,441,1,20260629,2823,999,,2026-06-29 18:37:33
1087930,441,1,20260629,1215,1,,2026-06-29 18:47:59
1087930,441,1,20260629,1215,2,,2026-06-29 18:48:58
1087930,441,1,20260629,1215,3,,2026-06-29 18:50:17
1087930,441,1,20260629,1215,4,,2026-06-29 18:50:59
1087930,441,1,20260629,1215,5,,2026-06-29 18:51:25
1087930,441,1,20260629,1215,6,,2026-06-29 18:51:57
1087930,441,1,20260629,1215,7,,2026-06-29 18:52:48
1087930,441,1,20260629,1215,8,,2026-06-29 18:53:19
1087930,441,1,20260629,1215,9,,2026-06-29 18:54:07
1087930,441,1,20260629,1215,10,,2026-06-29 18:54:37
1087930,441,1,20260629,1215,11,,2026-06-29 18:55:16
1087930,441,1,20260629,1215,12,,2026-06-29 18:56:14
1087992,442,1,20260629,553,1,,2026-06-29 18:30:55
1087992,442,1,20260629,553,2,,2026-06-29 18:32:00
1087992,442,1,20260629,553,3,,2026-06-29 18:33:27
1087992,442,1,20260629,553,4,,2026-06-29 18:34:14
1087992,442,1,20260629,553,5,,2026-06-29 18:34:43
1087992,442,1,20260629,553,6,,2026-06-29 18:36:00
1087992,442,1,20260629,553,7,,2026-06-29 18:36:45
1087996,442,0,20260629,599,13,,2026-06-29 18:28:07
1087996,442,0,20260629,599,14,,2026-06-29 18:28:51
1087996,442,0,20260629,599,15,,2026-06-29 18:29:36
1087996,442,0,20260629,599,16,,2026-06-29 18:30:36
1087996,442,0,20260629,599,17,,2026-06-29 18:31:00
1087996,442,0,20260629,599,18,,2026-06-29 18:31:25
1087996,442,0,20260629,599,19,,2026-06-29 18:32:15
1087996,442,0,20260629,599,20,,2026-06-29 18:32:39
1087996,442,0,20260629,599,21,,2026-06-29 18:33:48
1087996,442,0,20260629,599,22,,2026-06-29 18:34:08
1087996,442,0,20260629,599,23,,2026-06-29 18:34:39
1087996,442,0,20260629,599,24,,2026-06-29 18:35:29
1087996,442,0,20260629,599,25,,2026-06-29 18:36:28
1087996,442,0,20260629,599,26,,2026-06-29 18:37:13
1087996,442,0,20260629,599,27,,2026-06-29 18:37:42
1087996,442,0,20260629,599,28,,2026-06-29 18:38:03
1087996,442,0,20260629,599,29,,2026-06-29 18:38:48
1087996,442,0,20260629,599,30,,2026-06-29 18:39:24
1087996,442,0,20260629,599,31,,2026-06-29 18:40:10
1087996,442,0,20260629,599,32,,2026-06-29 18:40:45
1087996,442,0,20260629,599,33,,2026-06-29 18:41:29
1087996,442,0,20260629,599,34,,2026-06-29 18:42:03
1087996,442,0,20260629,599,35,,2026-06-29 18:42:35
1087996,442,0,20260629,599,36,,2026-06-29 18:43:04
1087996,442,0,20260629,599,37,,2026-06-29 18:43:11
1087996,442,0,20260629,599,38,,2026-06-29 18:45:29
1087996,442,0,20260629,599,39,,2026-06-29 18:46:01
1087996,442,0,20260629,599,999,,2026-06-29 18:47:11
1088002,442,1,20260629,1203,34,,2026-06-29 18:28:32
1088002,442,1,20260629,1203,35,,2026-06-29 18:28:54
1088002,442,1,20260629,1203,36,,2026-06-29 18:31:45
1088002,442,1,20260629,1203,37,,2026-06-29 18:32:35
1088002,442,1,20260629,1203,999,,2026-06-29 18:33:06
1088003,442,0,20260629,844,1,,2026-06-29 18:43:00
1088003,442,0,20260629,844,2,,2026-06-29 18:43:55
1088003,442,0,20260629,844,3,,2026-06-29 18:44:26
1088003,442,0,20260629,844,4,,2026-06-29 18:47:12
1088003,442,0,20260629,844,5,,2026-06-29 18:47:35
1088003,442,0,20260629,844,6,,2026-06-29 18:48:14
1088003,442,0,20260629,844,7,,2026-06-29 18:48:56
1088003,442,0,20260629,844,8,,2026-06-29 18:48:51
1088003,442,0,20260629,844,9,,2026-06-29 18:49:38
1088003,442,0,20260629,844,10,,2026-06-29 18:50:26
1088003,442,0,20260629,844,11,,2026-06-29 18:51:56
1088003,442,0,20260629,844,12,,2026-06-29 18:52:50
1088003,442,0,20260629,844,13,,2026-06-29 18:53:27
1088003,442,0,20260629,844,14,,2026-06-29 18:54:06
1088003,442,0,20260629,844,15,,2026-06-29 18:54:53
1088003,442,0,20260629,844,16,,2026-06-29 18:55:48
1088003,442,0,20260629,844,17,,2026-06-29 18:56:17
1088003,442,0,20260629,844,18,,2026-06-29 18:56:52
1088003,442,0,20260629,844,19,,2026-06-29 18:57:46
1088003,442,0,20260629,844,20,,2026-06-29 18:58:23
1088014,450,1,20260629,1215,15,,2026-06-29 18:32:16
1088014,450,1,20260629,1215,16,,2026-06-29 18:33:24
1088014,450,1,20260629,1215,17,,2026-06-29 18:34:23
1088014,450,1,20260629,1215,18,,2026-06-29 18:36:00
1088014,450,1,20260629,1215,19,,2026-06-29 18:41:30
1088014,450,1,20260629,1215,20,,2026-06-29 18:42:14
1088014,450,1,20260629,1215,21,,2026-06-29 18:42:43
1088014,450,1,20260629,1215,22,,2026-06-29 18:43:56
1088014,450,1,20260629,1215,999,,2026-06-29 18:44:43
1088066,451,0,20260629,1109,1,,2026-06-29 18:56:57
1088066,451,0,20260629,1109,2,,2026-06-29 18:57:39
1088079,451,1,20260629,1054,4,,2026-06-29 18:28:53
1088079,451,1,20260629,1054,5,,2026-06-29 18:29:37
1088079,451,1,20260629,1054,6,,2026-06-29 18:30:03
1088079,451,1,20260629,1054,7,,2026-06-29 18:30:42
1088079,451,1,20260629,1054,8,,2026-06-29 18:31:20
1088079,451,1,20260629,1054,9,,2026-06-29 18:32:02
1088079,451,1,20260629,1054,10,,2026-06-29 18:33:02
1088079,451,1,20260629,1054,11,,2026-06-29 18:34:18
1088079,451,1,20260629,1054,12,,2026-06-29 18:35:00
1088079,451,1,20260629,1054,13,,2026-06-29 18:35:24
1088079,451,1,20260629,1054,14,,2026-06-29 18:36:18
1088079,451,1,20260629,1054,15,,2026-06-29 18:37:38
1088079,451,1,20260629,1054,16,,2026-06-29 18:38:44
1088079,451,1,20260629,1054,17,,2026-06-29 18:39:29
1088079,451,1,20260629,1054,18,,2026-06-29 18:40:28
1088079,451,1,20260629,1054,19,,2026-06-29 18:41:25
1088079,451,1,20260629,1054,20,,2026-06-29 18:42:08
1088079,451,1,20260629,1054,21,,2026-06-29 18:43:27
1088079,451,1,20260629,1054,22,,2026-06-29 18:43:51
1088079,451,1,20260629,1054,23,,2026-06-29 18:44:16
1088079,451,1,20260629,1054,24,,2026-06-29 18:45:45
1088079,451,1,20260629,1054,25,,2026-06-29 18:46:41
1088079,451,1,20260629,1054,26,,2026-06-29 18:47:44
1088079,451,1,20260629,1054,27,,2026-06-29 18:48:59
1088079,451,1,20260629,1054,28,,2026-06-29 18:50:36
1088079,451,1,20260629,1054,29,,2026-06-29 18:51:03
1088079,451,1,20260629,1054,30,,2026-06-29 18:51:54
1088079,451,1,20260629,1054,31,,2026-06-29 18:52:27
1088079,451,1,20260629,1054,32,,2026-06-29 18:53:35
1088079,451,1,20260629,1054,33,,2026-06-29 18:54:17
1088079,451,1,20260629,1054,34,,2026-06-29 18:55:33
1088079,451,1,20260629,1054,35,,2026-06-29 18:56:23
1088079,451,1,20260629,1054,999,,2026-06-29 18:56:57
1088095,451A,0,20260629,1054,11,,2026-06-29 18:28:32
1088095,451A,0,20260629,1054,12,,2026-06-29 18:29:19
1088095,451A,0,20260629,1054,13,,2026-06-29 18:30:02
1088095,451A,0,20260629,1054,14,,2026-06-29 18:30:42
1088095,451A,0,20260629,1054,15,,2026-06-29 18:31:06
1088095,451A,0,20260629,1054,16,,2026-06-29 18:31:32
1088095,451A,0,20260629,1054,17,,2026-06-29 18:31:55
1088095,451A,0,20260629,1054,18,,2026-06-29 18:32:59
1088095,451A,0,20260629,1054,19,,2026-06-29 18:33:52
1088095,451A,0,20260629,1054,20,,2026-06-29 18:34:45
1088095,451A,0,20260629,1054,21,,2026-06-29 18:35:27
1088095,451A,0,20260629,1054,22,,2026-06-29 18:36:23
1088095,451A,0,20260629,1054,999,,2026-06-29 18:37:16
1088130,452,1,20260629,584,24,,2026-06-29 18:28:14
1088130,452,1,20260629,584,25,,2026-06-29 18:29:05
1088130,452,1,20260629,584,26,,2026-06-29 18:29:38
1088130,452,1,20260629,584,27,,2026-06-29 18:31:04
1088130,452,1,20260629,584,28,,2026-06-29 18:32:21
1088130,452,1,20260629,584,29,,2026-06-29 18:33:10
1088130,452,1,20260629,584,30,,2026-06-29 18:34:45
1088130,452,1,20260629,584,31,,2026-06-29 18:36:40
1088130,452,1,20260629,584,999,,2026-06-29 18:37:16
1088131,452,0,20260629,547,1,,2026-06-29 18:48:00
1088131,452,0,20260629,547,2,,2026-06-29 18:48:42
1088131,452,0,20260629,547,3,,2026-06-29 18:50:00
1088131,452,0,20260629,547,4,,2026-06-29 18:51:19
1088131,452,0,20260629,547,5,,2026-06-29 18:52:32
1088131,452,0,20260629,547,6,,2026-06-29 18:54:38
1088131,452,0,20260629,547,7,,2026-06-29 18:56:00
1088131,452,0,20260629,547,8,,2026-06-29 18:56:24
1088131,452,0,20260629,547,9,,2026-06-29 18:56:57
1088131,452,0,20260629,547,10,,2026-06-29 18:57:33
1088131,452,0,20260629,547,11,,2026-06-29 18:57:59
1088131,452,0,20260629,547,12,,2026-06-29 18:59:00
1088141,452,0,20260629,547,25,,2026-06-29 18:28:44
1088141,452,0,20260629,547,26,,2026-06-29 18:29:45
1088141,452,0,20260629,547,27,,2026-06-29 18:30:41
1088141,452,0,20260629,547,28,,2026-06-29 18:31:18
1088141,452,0,20260629,547,29,,2026-06-29 18:32:06
1088141,452,0,20260629,547,30,,2026-06-29 18:32:40
1088141,452,0,20260629,547,31,,2026-06-29 18:33:22
1088141,452,0,20260629,547,32,,2026-06-29 18:33:54
1088141,452,0,20260629,547,999,,2026-06-29 18:35:38
1088146,452,1,20260629,1224,1,,2026-06-29 18:30:00
1088146,452,1,20260629,1224,2,,2026-06-29 18:31:35
1088146,452,1,20260629,1224,3,,2026-06-29 18:33:17
1088146,452,1,20260629,1224,4,,2026-06-29 18:34:10
1088146,452,1,20260629,1224,5,,2026-06-29 18:34:34
1088146,452,1,20260629,1224,6,,2026-06-29 18:35:46
1088146,452,1,20260629,1224,7,,2026-06-29 18:36:41
1088146,452,1,20260629,1224,8,,2026-06-29 18:37:26
1088146,452,1,20260629,1224,9,,2026-06-29 18:38:14
1088146,452,1,20260629,1224,10,,2026-06-29 18:39:04
1088146,452,1,20260629,1224,11,,2026-06-29 18:39:50
1088146,452,1,20260629,1224,12,,2026-06-29 18:40:21
1088146,452,1,20260629,1224,13,,2026-06-29 18:40:56
1088146,452,1,20260629,1224,14,,2026-06-29 18:41:41
1088146,452,1,20260629,1224,15,,2026-06-29 18:42:13
1088146,452,1,20260629,1224,16,,2026-06-29 18:43:10
1088146,452,1,20260629,1224,17,,2026-06-29 18:44:09
1088146,452,1,20260629,1224,18,,2026-06-29 18:44:52
1088146,452,1,20260629,1224,19,,2026-06-29 18:45:12
1088146,452,1,20260629,1224,20,,2026-06-29 18:46:03
1088146,452,1,20260629,1224,21,,2026-06-29 18:46:57
1088146,452,1,20260629,1224,22,,2026-06-29 18:47:34
1088146,452,1,20260629,1224,23,,2026-06-29 18:48:28
1088146,452,1,20260629,1224,24,,2026-06-29 18:49:02
1088146,452,1,20260629,1224,25,,2026-06-29 18:49:49
1088146,452,1,20260629,1224,26,,2026-06-29 18:50:32
1088146,452,1,20260629,1224,27,,2026-06-29 18:52:30
1088146,452,1,20260629,1224,28,,2026-06-29 18:54:45
1088146,452,1,20260629,1224,29,,2026-06-29 18:56:13
1088146,452,1,20260629,1224,30,,2026-06-29 18:57:51
1088159,452W,0,20260629,569,1,,2026-06-29 18:33:00
1088159,452W,0,20260629,569,2,,2026-06-29 18:33:42
1088159,452W,0,20260629,569,3,,2026-06-29 18:34:11
1088159,452W,0,20260629,569,4,,2026-06-29 18:36:01
1088159,452W,0,20260629,569,5,,2026-06-29 18:37:15
1088159,452W,0,20260629,569,6,,2026-06-29 18:38:36
1088159,452W,0,20260629,569,7,,2026-06-29 18:39:59
1088159,452W,0,20260629,569,8,,2026-06-29 18:40:24
1088159,452W,0,20260629,569,9,,2026-06-29 18:40:59
1088159,452W,0,20260629,569,10,,2026-06-29 18:41:36
1088159,452W,0,20260629,569,11,,2026-06-29 18:42:59
1088159,452W,0,20260629,569,12,,2026-06-29 18:43:43
1088159,452W,0,20260629,569,13,,2026-06-29 18:44:30
1088159,452W,0,20260629,569,14,,2026-06-29 18:45:48
1088159,452W,0,20260629,569,15,,2026-06-29 18:45:49
1088159,452W,0,20260629,569,16,,2026-06-29 18:46:50
1088159,452W,0,20260629,569,17,,2026-06-29 18:47:37
1088159,452W,0,20260629,569,18,,2026-06-29 18:48:41
1088159,452W,0,20260629,569,19,,2026-06-29 18:48:58
1088159,452W,0,20260629,569,20,,2026-06-29 18:49:43
1088159,452W,0,20260629,569,21,,2026-06-29 18:50:28
1088159,452W,0,20260629,569,22,,2026-06-29 18:50:58
1088159,452W,0,20260629,569,23,,2026-06-29 18:51:30
1088159,452W,0,20260629,569,999,,2026-06-29 18:52:51
1088175,461,0,20260629,568,30,,2026-06-29 18:29:00
1088175,461,0,20260629,568,31,,2026-06-29 18:31:23
1088175,461,0,20260629,568,32,,2026-06-29 18:32:44
1088175,461,0,20260629,568,999,,2026-06-29 18:33:16
1088177,461,0,20260629,2823,9,,2026-06-29 18:28:14
1088177,461,0,20260629,2823,10,,2026-06-29 18:28:53
1088177,461,0,20260629,2823,11,,2026-06-29 18:30:19
1088177,461,0,20260629,2823,12,,2026-06-29 18:31:32
1088177,461,0,20260629,2823,13,,2026-06-29 18:32:45
1088177,461,0,20260629,2823,14,,2026-06-29 18:33:15
1088177,461,0,20260629,2823,15,,2026-06-29 18:34:17
1088177,461,0,20260629,2823,16,,2026-06-29 18:34:59
1088177,461,0,20260629,2823,17,,2026-06-29 18:35:32
1088177,461,0,20260629,2823,18,,2026-06-29 18:36:36
1088177,461,0,20260629,2823,19,,2026-06-29 18:37:42
1088177,461,0,20260629,2823,20,,2026-06-29 18:38:03
1088177,461,0,20260629,2823,21,,2026-06-29 18:38:46
1088177,461,0,20260629,2823,22,,2026-06-29 18:40:02
1088177,461,0,20260629,2823,23,,2026-06-29 18:40:34
1088177,461,0,20260629,2823,24,,2026-06-29 18:41:12
1088177,461,0,20260629,2823,25,,2026-06-29 18:41:45
1088177,461,0,20260629,2823,26,,2026-06-29 18:42:30
1088177,461,0,20260629,2823,27,,2026-06-29 18:42:55
1088177,461,0,20260629,2823,28,,2026-06-29 18:44:21
1088177,461,0,20260629,2823,29,,2026-06-29 18:45:08
1088177,461,0,20260629,2823,30,,2026-06-29 18:46:33
1088177,461,0,20260629,2823,31,,2026-06-29 18:48:07
1088177,461,0,20260629,2823,32,,2026-06-29 18:48:43
1088177,461,0,20260629,2823,999,,2026-06-29 18:49:07
1088184,462,0,20260629,410,999,,2026-06-29 18:49:00
1088184,462,0,20260629,410,2,,2026-06-29 18:49:47
1088184,462,0,20260629,410,3,,2026-06-29 18:50:08
1088184,462,0,20260629,410,4,,2026-06-29 18:51:04
1088184,462,0,20260629,410,5,,2026-06-29 18:51:55
1088184,462,0,20260629,410,6,,2026-06-29 18:54:03
1088184,462,0,20260629,410,7,,2026-06-29 18:54:37
1088184,462,0,20260629,410,8,,2026-06-29 18:55:39
1088184,462,0,20260629,410,9,,2026-06-29 18:56:20
1088184,462,0,20260629,410,10,,2026-06-29 18:56:47
1088184,462,0,20260629,410,11,,2026-06-29 18:59:26
1088188,462,0,20260629,1211,25,,2026-06-29 18:30:59
1088188,462,0,20260629,1211,26,,2026-06-29 18:31:23
1088188,462,0,20260629,1211,27,,2026-06-29 18:31:40
1088188,462,0,20260629,1211,28,,2026-06-29 18:32:14
1088188,462,0,20260629,1211,29,,2026-06-29 18:32:55
1088188,462,0,20260629,1211,30,,2026-06-29 18:35:10
1088188,462,0,20260629,1211,31,,2026-06-29 18:36:00
1088188,462,0,20260629,1211,32,,2026-06-29 18:37:38
1088188,462,0,20260629,1211,33,,2026-06-29 18:38:56
1088188,462,0,20260629,1211,999,,2026-06-29 18:39:28
1088204,491,0,20260629,1211,999,,2026-06-29 18:32:00
1088204,491,0,20260629,1211,2,,2026-06-29 18:33:00
1088204,491,0,20260629,1211,3,,2026-06-29 18:34:08
1088204,491,0,20260629,1211,4,,2026-06-29 18:34:40
1088204,491,0,20260629,1211,5,,2026-06-29 18:35:14
1088204,491,0,20260629,1211,6,,2026-06-29 18:37:04
1088204,491,0,20260629,1211,7,,2026-06-29 18:37:48
1088204,491,0,20260629,1211,8,,2026-06-29 18:38:34
1088204,491,0,20260629,1211,9,,2026-06-29 18:39:03
1088204,491,0,20260629,1211,10,,2026-06-29 18:39:35
1088204,491,0,20260629,1211,11,,2026-06-29 18:40:27
1088204,491,0,20260629,1211,12,,2026-06-29 18:41:18
1088204,491,0,20260629,1211,13,,2026-06-29 18:42:02
1088204,491,0,20260629,1211,14,,2026-06-29 18:42:31
1088204,491,0,20260629,1211,15,,2026-06-29 18:43:22
1088204,491,0,20260629,1211,16,,2026-06-29 18:44:07
1088204,491,0,20260629,1211,17,,2026-06-29 18:44:43
1088204,491,0,20260629,1211,18,,2026-06-29 18:46:19
1088204,491,0,20260629,1211,19,,2026-06-29 18:47:15
1088204,491,0,20260629,1211,20,,2026-06-29 18:48:18
1088204,491,0,20260629,1211,21,,2026-06-29 18:49:23
1088204,491,0,20260629,1211,22,,2026-06-29 18:50:22
1088204,491,0,20260629,1211,23,,2026-06-29 18:51:02
1088204,491,0,20260629,1211,24,,2026-06-29 18:51:58
1088204,491,0,20260629,1211,25,,2026-06-29 18:53:00
1088204,491,0,20260629,1211,26,,2026-06-29 18:53:56
1088204,491,0,20260629,1211,27,,2026-06-29 18:54:43
1088204,491,0,20260629,1211,28,,2026-06-29 18:55:56
1088204,491,0,20260629,1211,29,,2026-06-29 18:56:41
1088204,491,0,20260629,1211,30,,2026-06-29 18:57:59
1088204,491,0,20260629,1211,31,,2026-06-29 18:59:02
1088204,491,0,20260629,1211,32,,2026-06-29 19:00:23
1088204,491,0,20260629,1211,33,,2026-06-29 19:01:50
1088204,491,0,20260629,1211,999,,2026-06-29 19:02:59
1088219,492A,1,20260629,408,6,,2026-06-29 18:28:50
1088219,492A,1,20260629,408,7,,2026-06-29 18:29:16
1088219,492A,1,20260629,408,8,,2026-06-29 18:30:01
1088219,492A,1,20260629,408,9,,2026-06-29 18:31:00
1088219,492A,1,20260629,408,10,,2026-06-29 18:31:46
1088219,492A,1,20260629,408,11,,2026-06-29 18:32:23
1088219,492A,1,20260629,408,12,,2026-06-29 18:33:18
1088219,492A,1,20260629,408,13,,2026-06-29 18:33:59
1088219,492A,1,20260629,408,14,,2026-06-29 18:35:04
1088219,492A,1,20260629,408,15,,2026-06-29 18:35:35
1088219,492A,1,20260629,408,16,,2026-06-29 18:35:58
1088219,492A,1,20260629,408,17,,2026-06-29 18:36:53
1088219,492A,1,20260629,408,18,,2026-06-29 18:37:19
1088219,492A,1,20260629,408,19,,2026-06-29 18:37:42
1088219,492A,1,20260629,408,20,,2026-06-29 18:38:01
1088219,492A,1,20260629,408,21,,2026-06-29 18:38:20
1088219,492A,1,20260629,408,22,,2026-06-29 18:39:07
1088219,492A,1,20260629,408,23,,2026-06-29 18:39:51
1088219,492A,1,20260629,408,24,,2026-06-29 18:40:36
1088219,492A,1,20260629,408,25,,2026-06-29 18:41:24
1088219,492A,1,20260629,408,999,,2026-06-29 18:42:42
1088220,492A,1,20260629,544,999,,2026-06-29 18:46:00
1088220,492A,1,20260629,544,2,,2026-06-29 18:48:07
1088220,492A,1,20260629,544,3,,2026-06-29 18:49:15
1088220,492A,1,20260629,544,4,,2026-06-29 18:50:27
1088220,492A,1,20260629,544,5,,2026-06-29 18:51:07
1088220,492A,1,20260629,544,6,,2026-06-29 18:51:55
1088220,492A,1,20260629,544,7,,2026-06-29 18:52:30
1088220,492A,1,20260629,544,8,,2026-06-29 18:53:00
1088220,492A,1,20260629,544,9,,2026-06-29 18:53:54
1088220,492A,1,20260629,544,10,,2026-06-29 18:54:35
1088220,492A,1,20260629,544,11,,2026-06-29 18:55:18
1088220,492A,1,20260629,544,12,,2026-06-29 18:56:05
1088220,492A,1,20260629,544,13,,2026-06-29 18:56:36
1088220,492A,1,20260629,544,14,,2026-06-29 18:57:13
1088220,492A,1,20260629,544,15,,2026-06-29 18:58:07
1088220,492A,1,20260629,544,16,,2026-06-29 18:58:40
1088220,492A,1,20260629,544,17,,2026-06-29 18:59:29
1088277,H22,0,20260629,544,1,,2026-06-29 18:42:00
1088277,H22,0,20260629,544,2,,2026-06-29 18:42:35
1088277,H22,0,20260629,544,3,,2026-06-29 18:42:51
1088277,H22,0,20260629,544,4,,2026-06-29 18:43:20
1088277,H22,0,20260629,544,5,,2026-06-29 18:43:51
1088277,H22,0,20260629,544,6,,2026-06-29 18:44:22
1088277,H22,0,20260629,544,7,,2026-06-29 18:45:24
1088277,H22,0,20260629,544,8,,2026-06-29 18:45:59
1088277,H22,0,20260629,544,9,,2026-06-29 18:46:35
1088277,H22,0,20260629,544,10,,2026-06-29 18:47:03
1088277,H22,0,20260629,544,11,,2026-06-29 18:48:00
1088277,H22,0,20260629,544,12,,2026-06-29 18:48:24
1088277,H22,0,20260629,544,13,,2026-06-29 18:48:55
1088277,H22,0,20260629,544,14,,2026-06-29 18:49:06
1088277,H22,0,20260629,544,15,,2026-06-29 18:50:09
1088277,H22,0,20260629,544,16,,2026-06-29 18:51:00
1088277,H22,0,20260629,544,17,,2026-06-29 18:52:00
1088277,H22,0,20260629,544,18,,2026-06-29 18:52:36
1088277,H22,0,20260629,544,19,,2026-06-29 18:53:25
1088277,H22,0,20260629,544,20,,2026-06-29 18:54:10
1088277,H22,0,20260629,544,21,,2026-06-29 18:56:11
1088277,H22,0,20260629,544,22,,2026-06-29 18:57:15
1088277,H22,0,20260629,544,23,,2026-06-29 18:57:56
1088277,H22,0,20260629,544,24,,2026-06-29 18:58:40
1088277,H22,0,20260629,544,25,,2026-06-29 18:59:33
1088277,H22,0,20260629,544,26,,2026-06-29 19:00:18
1088277,H22,0,20260629,544,27,,2026-06-29 19:01:22
1088277,H22,0,20260629,544,28,,2026-06-29 19:01:45
1088277,H22,0,20260629,544,29,,2026-06-29 19:02:37
1088277,H22,0,20260629,544,30,,2026-06-29 19:05:08
1088277,H22,0,20260629,544,31,,2026-06-29 19:05:55
1088277,H22,0,20260629,544,32,,2026-06-29 19:06:37
1088277,H22,0,20260629,544,33,,2026-06-29 19:08:30
1088277,H22,0,20260629,544,34,,2026-06-29 19:10:59
1088277,H22,0,20260629,544,35,,2026-06-29 19:12:25
1088284,H22,0,20260629,1957,28,,2026-06-29 18:28:17
1088284,H22,0,20260629,1957,29,,2026-06-29 18:28:50
1088284,H22,0,20260629,1957,30,,2026-06-29 18:29:59
1088284,H22,0,20260629,1957,31,,2026-06-29 18:31:12
1088284,H22,0,20260629,1957,32,,2026-06-29 18:32:10
1088284,H22,0,20260629,1957,33,,2026-06-29 18:34:13
1088284,H22,0,20260629,1957,34,,2026-06-29 18:37:50
1088284,H22,0,20260629,1957,35,,2026-06-29 18:39:34
1088284,H22,0,20260629,1957,36,,2026-06-29 18:41:47
1088284,H22,0,20260629,1957,37,,2026-06-29 18:42:07
1088284,H22,0,20260629,1957,38,,2026-06-29 18:43:02
1088284,H22,0,20260629,1957,39,,2026-06-29 18:44:31
1088284,H22,0,20260629,1957,40,,2026-06-29 18:45:02
1088284,H22,0,20260629,1957,41,,2026-06-29 18:45:22
1088284,H22,0,20260629,1957,42,,2026-06-29 18:45:52
1088284,H22,0,20260629,1957,43,,2026-06-29 18:47:18
1088284,H22,0,20260629,1957,44,,2026-06-29 18:48:11
1088284,H22,0,20260629,1957,45,,2026-06-29 18:49:25
1088284,H22,0,20260629,1957,46,,2026-06-29 18:49:58
1088284,H22,0,20260629,1957,47,,2026-06-29 18:51:00
1088284,H22,0,20260629,1957,48,,2026-06-29 18:52:09
1088284,H22,0,20260629,1957,49,,2026-06-29 18:53:33
1088284,H22,0,20260629,1957,50,,2026-06-29 18:54:53
1088284,H22,0,20260629,1957,51,,2026-06-29 18:56:22
1088288,H22,0,20260629,451,28,,2026-06-29 18:29:55
1088288,H22,0,20260629,451,29,,2026-06-29 18:31:57
1088288,H22,0,20260629,451,30,,2026-06-29 18:32:32
1088288,H22,0,20260629,451,31,,2026-06-29 18:33:19
1088288,H22,0,20260629,451,32,,2026-06-29 18:34:06
1088288,H22,0,20260629,451,33,,2026-06-29 18:35:14
1088288,H22,0,20260629,451,34,,2026-06-29 18:36:07
1088288,H22,0,20260629,451,35,,2026-06-29 18:37:06
1088288,H22,0,20260629,451,36,,2026-06-29 18:37:46
1088288,H22,0,20260629,451,37,,2026-06-29 18:38:35
1088288,H22,0,20260629,451,38,,2026-06-29 18:39:04
1088288,H22,0,20260629,451,39,,2026-06-29 18:40:01
1088288,H22,0,20260629,451,999,,2026-06-29 18:40:25
1088292,H22,1,20260629,1031,23,,2026-06-29 18:28:05
1088292,H22,1,20260629,1031,24,,2026-06-29 18:30:17
1088292,H22,1,20260629,1031,25,,2026-06-29 18:32:46
1088292,H22,1,20260629,1031,26,,2026-06-29 18:33:18
1088292,H22,1,20260629,1031,27,,2026-06-29 18:34:24
1088292,H22,1,20260629,1031,28,,2026-06-29 18:36:03
1088292,H22,1,20260629,1031,29,,2026-06-29 18:37:08
1088292,H22,1,20260629,1031,30,,2026-06-29 18:38:33
1088292,H22,1,20260629,1031,31,,2026-06-29 18:39:07
1088292,H22,1,20260629,1031,32,,2026-06-29 18:39:56
1088292,H22,1,20260629,1031,33,,2026-06-29 18:40:41
1088292,H22,1,20260629,1031,34,,2026-06-29 18:41:13
1088292,H22,1,20260629,1031,35,,2026-06-29 18:43:08
1088292,H22,1,20260629,1031,36,,2026-06-29 18:43:48
1088292,H22,1,20260629,1031,37,,2026-06-29 18:44:51
1088292,H22,1,20260629,1031,38,,2026-06-29 18:45:40
1088292,H22,1,20260629,1031,39,,2026-06-29 18:46:18
1088292,H22,1,20260629,1031,40,,2026-06-29 18:47:55
1088292,H22,1,20260629,1031,41,,2026-06-29 18:48:36
1088292,H22,1,20260629,1031,42,,2026-06-29 18:50:07
1088292,H22,1,20260629,1031,43,,2026-06-29 18:50:26
1088292,H22,1,20260629,1031,44,,2026-06-29 18:50:41
1088292,H22,1,20260629,1031,45,,2026-06-29 18:50:43
1088292,H22,1,20260629,1031,46,,2026-06-29 18:51:48
1088292,H22,1,20260629,1031,47,,2026-06-29 18:52:28
1088292,H22,1,20260629,1031,48,,2026-06-29 18:53:02
1088292,H22,1,20260629,1031,49,,2026-06-29 18:53:46
1088292,H22,1,20260629,1031,50,,2026-06-29 18:54:40
1088292,H22,1,20260629,1031,51,,2026-06-29 18:55:22
1088292,H22,1,20260629,1031,52,,2026-06-29 18:56:22
1088292,H22,1,20260629,1031,53,,2026-06-29 18:57:00
1088292,H22,1,20260629,1031,54,,2026-06-29 18:57:38
1088292,H22,1,20260629,1031,55,,2026-06-29 18:58:04
1088292,H22,1,20260629,1031,999,,2026-06-29 18:58:48
1091702,200,1,20260629,1974,1,,2026-06-29 18:51:00
1091702,200,1,20260629,1974,2,,2026-06-29 18:52:06
1091702,200,1,20260629,1974,3,,2026-06-29 18:54:16
1091702,200,1,20260629,1974,4,,2026-06-29 18:56:00
1091702,200,1,20260629,1974,5,,2026-06-29 18:58:00
1091706,200,0,20260629,5849,17,,2026-06-29 18:28:52
1091706,200,0,20260629,5849,18,,2026-06-29 18:29:35
1091706,200,0,20260629,5849,999,,2026-06-29 18:30:16
1091748,200,1,20260629,1232,3,,2026-06-29 18:28:52
1091748,200,1,20260629,1232,4,,2026-06-29 18:30:59
1091748,200,1,20260629,1232,5,,2026-06-29 18:33:49
1091748,200,1,20260629,1232,6,,2026-06-29 18:35:02
1091748,200,1,20260629,1232,7,,2026-06-29 18:36:08
1091748,200,1,20260629,1232,8,,2026-06-29 18:39:12
1091748,200,1,20260629,1232,9,,2026-06-29 18:39:52
1091748,200,1,20260629,1232,10,,2026-06-29 18:40:32
1091748,200,1,20260629,1232,11,,2026-06-29 18:41:21
1091748,200,1,20260629,1232,12,,2026-06-29 18:42:25
1091748,200,1,20260629,1232,13,,2026-06-29 18:43:01
1091748,200,1,20260629,1232,14,,2026-06-29 18:43:26
1091748,200,1,20260629,1232,15,,2026-06-29 18:44:11
1091748,200,1,20260629,1232,16,,2026-06-29 18:44:39
1091748,200,1,20260629,1232,17,,2026-06-29 18:45:14
1091748,200,1,20260629,1232,18,,2026-06-29 18:46:49
1091748,200,1,20260629,1232,19,,2026-06-29 18:47:17
1091748,200,1,20260629,1232,20,,2026-06-29 18:48:07
1091748,200,1,20260629,1232,21,,2026-06-29 18:48:38
1091748,200,1,20260629,1232,22,,2026-06-29 18:49:19
1091748,200,1,20260629,1232,23,,2026-06-29 18:50:11
1091748,200,1,20260629,1232,24,,2026-06-29 18:50:44
1091748,200,1,20260629,1232,25,,2026-06-29 18:51:20
1091748,200,1,20260629,1232,26,,2026-06-29 18:52:09
1091748,200,1,20260629,1232,27,,2026-06-29 18:52:32
1091748,200,1,20260629,1232,28,,2026-06-29 18:53:18
1091748,200,1,20260629,1232,29,,2026-06-29 18:53:56
1091748,200,1,20260629,1232,30,,2026-06-29 18:54:34
1091748,200,1,20260629,1232,31,,2026-06-29 18:55:10
1091748,200,1,20260629,1232,32,,2026-06-29 18:55:49
1091748,200,1,20260629,1232,33,,2026-06-29 18:56:13
1091748,200,1,20260629,1232,34,,2026-06-29 18:56:34
1091750,200,1,20260629,5002,31,,2026-06-29 18:28:50
1091750,200,1,20260629,5002,32,,2026-06-29 18:29:18
1091750,200,1,20260629,5002,33,,2026-06-29 18:29:55
1091750,200,1,20260629,5002,34,,2026-06-29 18:30:16
1091750,200,1,20260629,5002,35,,2026-06-29 18:31:24
1091750,200,1,20260629,5002,36,,2026-06-29 18:31:59
1091750,200,1,20260629,5002,37,,2026-06-29 18:32:21
1091750,200,1,20260629,5002,38,,2026-06-29 18:32:42
1091750,200,1,20260629,5002,39,,2026-06-29 18:33:04
1091750,200,1,20260629,5002,40,,2026-06-29 18:33:35
1091750,200,1,20260629,5002,41,,2026-06-29 18:34:28
1091750,200,1,20260629,5002,42,,2026-06-29 18:35:03
1091750,200,1,20260629,5002,43,,2026-06-29 18:36:35
1091750,200,1,20260629,5002,44,,2026-06-29 18:37:11
1091750,200,1,20260629,5002,45,,2026-06-29 18:37:41
1091750,200,1,20260629,5002,46,,2026-06-29 18:39:57
1091750,200,1,20260629,5002,47,,2026-06-29 18:40:40
1091750,200,1,20260629,5002,48,,2026-06-29 18:41:13
1091750,200,1,20260629,5002,49,,2026-06-29 18:42:06
1091750,200,1,20260629,5002,50,,2026-06-29 18:42:35
1091750,200,1,20260629,5002,51,,2026-06-29 18:42:35
1091750,200,1,20260629,5002,999,,2026-06-29 18:43:42
1091777,200B,0,20260629,5753,12,,2026-06-29 18:29:30
1091777,200B,0,20260629,5753,13,,2026-06-29 18:29:48
1091777,200B,0,20260629,5753,14,,2026-06-29 18:30:09
1091777,200B,0,20260629,5753,15,,2026-06-29 18:30:31
1091777,200B,0,20260629,5753,16,,2026-06-29 18:31:00
1091777,200B,0,20260629,5753,17,,2026-06-29 18:31:45
1091777,200B,0,20260629,5753,18,,2026-06-29 18:33:20
1091777,200B,0,20260629,5753,19,,2026-06-29 18:33:42
1091777,200B,0,20260629,5753,20,,2026-06-29 18:34:13
1091777,200B,0,20260629,5753,21,,2026-06-29 18:34:49
1091777,200B,0,20260629,5753,22,,2026-06-29 18:35:24
1091777,200B,0,20260629,5753,23,,2026-06-29 18:35:51
1091777,200B,0,20260629,5753,24,,2026-06-29 18:37:43
1091777,200B,0,20260629,5753,25,,2026-06-29 18:39:06
1091777,200B,0,20260629,5753,26,,2026-06-29 18:39:42
1091777,200B,0,20260629,5753,27,,2026-06-29 18:40:27
1091777,200B,0,20260629,5753,28,,2026-06-29 18:41:08
1091777,200B,0,20260629,5753,29,,2026-06-29 18:41:20
1091777,200B,0,20260629,5753,30,,2026-06-29 18:42:02
1091777,200B,0,20260629,5753,31,,2026-06-29 18:42:42
1091777,200B,0,20260629,5753,32,,2026-06-29 18:43:30
1091777,200B,0,20260629,5753,33,,2026-06-29 18:44:09
1091777,200B,0,20260629,5753,34,,2026-06-29 18:45:05
1091777,200B,0,20260629,5753,35,,2026-06-29 18:46:44
1091777,200B,0,20260629,5753,36,,2026-06-29 18:47:13
1091777,200B,0,20260629,5753,37,,2026-06-29 18:47:47
1091777,200B,0,20260629,5753,38,,2026-06-29 18:48:28
1091777,200B,0,20260629,5753,39,,2026-06-29 18:49:04
1091777,200B,0,20260629,5753,40,,2026-06-29 18:49:48
1091777,200B,0,20260629,5753,41,,2026-06-29 18:50:44
1091777,200B,0,20260629,5753,42,,2026-06-29 18:51:12
1091777,200B,0,20260629,5753,999,,2026-06-29 18:51:51
1091819,200C,1,20260629,1077,1,,2026-06-29 18:36:00
1091819,200C,1,20260629,1077,2,,2026-06-29 18:36:24
1091819,200C,1,20260629,1077,3,,2026-06-29 18:37:49
1091819,200C,1,20260629,1077,4,,2026-06-29 18:39:34
1091819,200C,1,20260629,1077,5,,2026-06-29 18:42:31
1091819,200C,1,20260629,1077,6,,2026-06-29 18:43:41
1091819,200C,1,20260629,1077,7,,2026-06-29 18:44:41
1091819,200C,1,20260629,1077,8,,2026-06-29 18:48:34
1091819,200C,1,20260629,1077,9,,2026-06-29 18:49:32
1091819,200C,1,20260629,1077,10,,2026-06-29 18:50:23
1091819,200C,1,20260629,1077,11,,2026-06-29 18:51:02
1091819,200C,1,20260629,1077,12,,2026-06-29 18:51:59
1091819,200C,1,20260629,1077,13,,2026-06-29 18:52:43
1091819,200C,1,20260629,1077,14,,2026-06-29 18:53:17
1091819,200C,1,20260629,1077,15,,2026-06-29 18:53:47
1091819,200C,1,20260629,1077,16,,2026-06-29 18:54:25
1091819,200C,1,20260629,1077,17,,2026-06-29 18:54:54
1091819,200C,1,20260629,1077,18,,2026-06-29 18:55:17
1091819,200C,1,20260629,1077,19,,2026-06-29 18:55:49
1091819,200C,1,20260629,1077,20,,2026-06-29 18:56:45
1091819,200C,1,20260629,1077,21,,2026-06-29 18:57:20
1091820,200C,1,20260629,5747,20,,2026-06-29 18:28:49
1091820,200C,1,20260629,5747,21,,2026-06-29 18:29:18
1091820,200C,1,20260629,5747,22,,2026-06-29 18:30:09
1091820,200C,1,20260629,5747,23,,2026-06-29 18:31:03
1091820,200C,1,20260629,5747,24,,2026-06-29 18:31:28
1091820,200C,1,20260629,5747,25,,2026-06-29 18:32:04
1091820,200C,1,20260629,5747,26,,2026-06-29 18:33:01
1091820,200C,1,20260629,5747,27,,2026-06-29 18:33:23
1091820,200C,1,20260629,5747,28,,2026-06-29 18:34:03
1091820,200C,1,20260629,5747,29,,2026-06-29 18:34:31
1091820,200C,1,20260629,5747,30,,2026-06-29 18:34:51
1091820,200C,1,20260629,5747,999,,2026-06-29 18:35:17
1091956,206,0,20260629,5755,1,,2026-06-29 19:14:00
1091956,206,0,20260629,5755,2,,2026-06-29 19:14:44
1091956,206,0,20260629,5755,3,,2026-06-29 19:15:55
1091956,206,0,20260629,5755,4,,2026-06-29 19:17:17
1091956,206,0,20260629,5755,5,,2026-06-29 19:18:20
1091956,206,0,20260629,5755,6,,2026-06-29 19:18:47
1091956,206,0,20260629,5755,7,,2026-06-29 19:19:47
1091956,206,0,20260629,5755,8,,2026-06-29 19:20:22
1091956,206,0,20260629,5755,9,,2026-06-29 19:21:28
1091956,206,0,20260629,5755,10,,2026-06-29 19:22:10
1091956,206,0,20260629,5755,11,,2026-06-29 19:23:00
1091956,206,0,20260629,5755,12,,2026-06-29 19:23:34
1091956,206,0,20260629,5755,13,,2026-06-29 19:24:14
1091956,206,0,20260629,5755,14,,2026-06-29 19:25:02
1091956,206,0,20260629,5755,15,,2026-06-29 19:25:47
1091956,206,0,20260629,5755,16,,2026-06-29 19:26:45
1091956,206,0,20260629,5755,17,,2026-06-29 19:27:28
1091956,206,0,20260629,5755,18,,2026-06-29 19:28:05
1091956,206,0,20260629,5755,19,,2026-06-29 19:29:00
1091956,206,0,20260629,5755,20,,2026-06-29 19:30:23
1091956,206,0,20260629,5755,21,,2026-06-29 19:31:23
1091956,206,0,20260629,5755,22,,2026-06-29 19:32:06
1091956,206,0,20260629,5755,23,,2026-06-29 19:33:41
1091956,206,0,20260629,5755,24,,2026-06-29 19:34:25
1091959,206,1,20260629,1998,34,,2026-06-29 18:29:30
1091959,206,1,20260629,1998,999,,2026-06-29 18:30:45
1091960,206,0,20260629,1259,3,,2026-06-29 18:28:56
1091960,206,0,20260629,1259,4,,2026-06-29 18:30:18
1091960,206,0,20260629,1259,5,,2026-06-29 18:31:24
1091960,206,0,20260629,1259,6,,2026-06-29 18:32:24
1091960,206,0,20260629,1259,7,,2026-06-29 18:32:38
1091960,206,0,20260629,1259,8,,2026-06-29 18:32:43
1091960,206,0,20260629,1259,9,,2026-06-29 18:34:29
1091960,206,0,20260629,1259,10,,2026-06-29 18:35:07
1091960,206,0,20260629,1259,11,,2026-06-29 18:35:51
1091960,206,0,20260629,1259,12,,2026-06-29 18:35:55
1091960,206,0,20260629,1259,13,,2026-06-29 18:36:35
1091960,206,0,20260629,1259,14,,2026-06-29 18:37:22
1091960,206,0,20260629,1259,15,,2026-06-29 18:38:02
1091960,206,0,20260629,1259,16,,2026-06-29 18:39:47
1091960,206,0,20260629,1259,17,,2026-06-29 18:40:29
1091960,206,0,20260629,1259,18,,2026-06-29 18:40:26
1091960,206,0,20260629,1259,19,,2026-06-29 18:41:21
1091960,206,0,20260629,1259,20,,2026-06-29 18:42:44
1091960,206,0,20260629,1259,21,,2026-06-29 18:43:32
1091960,206,0,20260629,1259,22,,2026-06-29 18:44:12
1091960,206,0,20260629,1259,23,,2026-06-29 18:46:02
1091960,206,0,20260629,1259,24,,2026-06-29 18:46:42
1091960,206,0,20260629,1259,25,,2026-06-29 18:47:51
1091960,206,0,20260629,1259,26,,2026-06-29 18:48:28
1091960,206,0,20260629,1259,27,,2026-06-29 18:49:07
1091960,206,0,20260629,1259,999,,2026-06-29 18:50:18
1091962,206,1,20260629,5849,1,,2026-06-29 18:30:16
1091962,206,1,20260629,5849,2,,2026-06-29 18:32:52
1091962,206,1,20260629,5849,3,,2026-06-29 18:34:15
1091962,206,1,20260629,5849,4,,2026-06-29 18:36:03
1091962,206,1,20260629,5849,5,,2026-06-29 18:37:55
1091962,206,1,20260629,5849,6,,2026-06-29 18:39:49
1091962,206,1,20260629,5849,7,,2026-06-29 18:42:06
1091962,206,1,20260629,5849,8,,2026-06-29 18:45:04
1091962,206,1,20260629,5849,9,,2026-06-29 18:45:38
1091962,206,1,20260629,5849,10,,2026-06-29 18:46:50
1091962,206,1,20260629,5849,11,,2026-06-29 18:47:23
1091962,206,1,20260629,5849,12,,2026-06-29 18:47:59
1091962,206,1,20260629,5849,13,,2026-06-29 18:48:39
1091962,206,1,20260629,5849,14,,2026-06-29 18:49:16
1091962,206,1,20260629,5849,15,,2026-06-29 18:50:53
1091962,206,1,20260629,5849,16,,2026-06-29 18:51:27
1091962,206,1,20260629,5849,17,,2026-06-29 18:52:24
1091962,206,1,20260629,5849,18,,2026-06-29 18:53:32
1091962,206,1,20260629,5849,19,,2026-06-29 18:54:14
1091962,206,1,20260629,5849,20,,2026-06-29 18:55:23
1091962,206,1,20260629,5849,21,,2026-06-29 18:56:18
1091962,206,1,20260629,5849,22,,2026-06-29 18:57:09
1091962,206,1,20260629,5849,23,,2026-06-29 18:57:55
1091962,206,1,20260629,5849,24,,2026-06-29 18:58:41
1091962,206,1,20260629,5849,25,,2026-06-29 18:59:16
1091962,206,1,20260629,5849,26,,2026-06-29 19:00:26
1091975,206,1,20260629,1232,6,,2026-06-29 18:29:14
1091975,206,1,20260629,1232,7,,2026-06-29 18:31:25
1091975,206,1,20260629,1232,8,,2026-06-29 18:34:38
1091975,206,1,20260629,1232,9,,2026-06-29 18:34:54
1091975,206,1,20260629,1232,10,,2026-06-29 18:36:18
1091975,206,1,20260629,1232,11,,2026-06-29 18:36:36
1091975,206,1,20260629,1232,12,,2026-06-29 18:36:58
1091975,206,1,20260629,1232,13,,2026-06-29 18:38:00
1091975,206,1,20260629,1232,14,,2026-06-29 18:38:29
1091975,206,1,20260629,1232,15,,2026-06-29 18:39:45
1091975,206,1,20260629,1232,16,,2026-06-29 18:40:08
1091975,206,1,20260629,1232,17,,2026-06-29 18:40:36
1091975,206,1,20260629,1232,18,,2026-06-29 18:41:40
1091975,206,1,20260629,1232,19,,2026-06-29 18:42:33
1091975,206,1,20260629,1232,20,,2026-06-29 18:44:06
1091975,206,1,20260629,1232,21,,2026-06-29 18:45:49
1091975,206,1,20260629,1232,22,,2026-06-29 18:46:32
1091975,206,1,20260629,1232,23,,2026-06-29 18:47:26
1091975,206,1,20260629,1232,24,,2026-06-29 18:47:40
1091975,206,1,20260629,1232,25,,2026-06-29 18:48:18
1091975,206,1,20260629,1232,26,,2026-06-29 18:49:38
1091975,206,1,20260629,1232,27,,2026-06-29 18:50:33
1091975,206,1,20260629,1232,28,,2026-06-29 18:51:05
1091975,206,1,20260629,1232,29,,2026-06-29 18:51:53
1091975,206,1,20260629,1232,30,,2026-06-29 18:53:14
1091975,206,1,20260629,1232,31,,2026-06-29 18:55:08
1091975,206,1,20260629,1232,32,,2026-06-29 18:56:25
1091975,206,1,20260629,1232,33,,2026-06-29 18:57:54
1091982,206,1,20260629,1064,19,,2026-06-29 18:28:42
1091982,206,1,20260629,1064,20,,2026-06-29 18:29:44
1091982,206,1,20260629,1064,21,,2026-06-29 18:31:36
1091982,206,1,20260629,1064,22,,2026-06-29 18:32:25
1091982,206,1,20260629,1064,23,,2026-06-29 18:33:25
1091982,206,1,20260629,1064,24,,2026-06-29 18:34:06
1091982,206,1,20260629,1064,25,,2026-06-29 18:34:48
1091982,206,1,20260629,1064,26,,2026-06-29 18:35:53
1091982,206,1,20260629,1064,27,,2026-06-29 18:37:29
1091982,206,1,20260629,1064,28,,2026-06-29 18:37:38
1091982,206,1,20260629,1064,29,,2026-06-29 18:38:55
1091982,206,1,20260629,1064,30,,2026-06-29 18:39:33
1091982,206,1,20260629,1064,31,,2026-06-29 18:41:28
1091982,206,1,20260629,1064,32,,2026-06-29 18:42:53
1091982,206,1,20260629,1064,33,,2026-06-29 18:43:59
1091982,206,1,20260629,1064,34,,2026-06-29 18:45:41
1091982,206,1,20260629,1064,999,,2026-06-29 18:47:25
1092003,206,1,20260629,1379,21,,2026-06-29 18:29:24
1092003,206,1,20260629,1379,22,,2026-06-29 18:30:10
1092003,206,1,20260629,1379,23,,2026-06-29 18:31:08
1092003,206,1,20260629,1379,24,,2026-06-29 18:31:45
1092003,206,1,20260629,1379,25,,2026-06-29 18:32:31
1092003,206,1,20260629,1379,26,,2026-06-29 18:33:31
1092003,206,1,20260629,1379,27,,2026-06-29 18:35:10
1092003,206,1,20260629,1379,28,,2026-06-29 18:35:40
1092003,206,1,20260629,1379,29,,2026-06-29 18:36:07
1092003,206,1,20260629,1379,30,,2026-06-29 18:36:58
1092003,206,1,20260629,1379,31,,2026-06-29 18:38:36
1092003,206,1,20260629,1379,32,,2026-06-29 18:39:56
1092003,206,1,20260629,1379,33,,2026-06-29 18:41:05
1092003,206,1,20260629,1379,34,,2026-06-29 18:42:43
1092003,206,1,20260629,1379,999,,2026-06-29 18:43:56
1092006,206,1,20260629,1387,1,,2026-06-29 18:51:51
1092006,206,1,20260629,1387,2,,2026-06-29 18:55:59
1092006,206,1,20260629,1387,3,,2026-06-29 18:57:29
1092029,206,0,20260629,1077,20,,2026-06-29 18:28:21
1092029,206,0,20260629,1077,21,,2026-06-29 18:28:52
1092029,206,0,20260629,1077,22,,2026-06-29 18:29:14
1092029,206,0,20260629,1077,23,,2026-06-29 18:31:39
1092029,206,0,20260629,1077,24,,2026-06-29 18:32:08
1092029,206,0,20260629,1077,25,,2026-06-29 18:33:05
1092029,206,0,20260629,1077,26,,2026-06-29 18:33:29
1092029,206,0,20260629,1077,27,,2026-06-29 18:33:55
1092029,206,0,20260629,1077,999,,2026-06-29 18:35:03
1092099,208,0,20260629,5747,2,,2026-06-29 18:28:29
1092099,208,0,20260629,5747,3,,2026-06-29 18:29:38
1092099,208,0,20260629,5747,4,,2026-06-29 18:30:47
1092099,208,0,20260629,5747,5,,2026-06-29 18:32:14
1092099,208,0,20260629,5747,6,,2026-06-29 18:33:00
1092099,208,0,20260629,5747,7,,2026-06-29 18:34:01
1092099,208,0,20260629,5747,8,,2026-06-29 18:35:07
1092099,208,0,20260629,5747,9,,2026-06-29 18:36:08
1092099,208,0,20260629,5747,10,,2026-06-29 18:37:00
1092099,208,0,20260629,5747,11,,2026-06-29 18:37:49
1092099,208,0,20260629,5747,12,,2026-06-29 18:38:40
1092099,208,0,20260629,5747,13,,2026-06-29 18:39:33
1092099,208,0,20260629,5747,14,,2026-06-29 18:40:42
1092099,208,0,20260629,5747,15,,2026-06-29 18:42:00
1092099,208,0,20260629,5747,16,,2026-06-29 18:40:45
1092099,208,0,20260629,5747,17,,2026-06-29 18:41:40
1092099,208,0,20260629,5747,18,,2026-06-29 18:42:05
1092099,208,0,20260629,5747,19,,2026-06-29 18:42:34
1092099,208,0,20260629,5747,20,,2026-06-29 18:43:41
1092099,208,0,20260629,5747,21,,2026-06-29 18:44:31
1092099,208,0,20260629,5747,22,,2026-06-29 18:45:11
1092099,208,0,20260629,5747,23,,2026-06-29 18:45:48
1092099,208,0,20260629,5747,24,,2026-06-29 18:46:32
1092099,208,0,20260629,5747,25,,2026-06-29 18:47:21
1092099,208,0,20260629,5747,26,,2026-06-29 18:48:15
1092099,208,0,20260629,5747,27,,2026-06-29 18:48:57
1092099,208,0,20260629,5747,28,,2026-06-29 18:49:36
1092099,208,0,20260629,5747,29,,2026-06-29 18:50:25
1092099,208,0,20260629,5747,30,,2026-06-29 18:50:59
1092099,208,0,20260629,5747,31,,2026-06-29 18:51:39
1092099,208,0,20260629,5747,32,,2026-06-29 18:52:27
1092099,208,0,20260629,5747,33,,2026-06-29 18:53:12
1092099,208,0,20260629,5747,34,,2026-06-29 18:54:10
1092099,208,0,20260629,5747,35,,2026-06-29 18:54:53
1092099,208,0,20260629,5747,36,,2026-06-29 18:55:30
1092099,208,0,20260629,5747,37,,2026-06-29 18:56:25
1092099,208,0,20260629,5747,38,,2026-06-29 18:57:48
1092111,208,0,20260629,1979,1,,2026-06-29 19:15:00
1092111,208,0,20260629,1979,2,,2026-06-29 19:16:20
1092111,208,0,20260629,1979,3,,2026-06-29 19:17:22
1092111,208,0,20260629,1979,4,,2026-06-29 19:18:24
1092111,208,0,20260629,1979,5,,2026-06-29 19:19:42
1092111,208,0,20260629,1979,6,,2026-06-29 19:20:24
1092111,208,0,20260629,1979,7,,2026-06-29 19:21:19
1092111,208,0,20260629,1979,8,,2026-06-29 19:22:19
1092111,208,0,20260629,1979,9,,2026-06-29 19:23:14
1092111,208,0,20260629,1979,10,,2026-06-29 19:24:00
1092111,208,0,20260629,1979,11,,2026-06-29 19:24:49
1092111,208,0,20260629,1979,12,,2026-06-29 19:25:40
1092111,208,0,20260629,1979,13,,2026-06-29 19:26:33
1092111,208,0,20260629,1979,14,,2026-06-29 19:27:42
1092111,208,0,20260629,1979,15,,2026-06-29 19:29:00
1092111,208,0,20260629,1979,16,,2026-06-29 19:29:34
1092111,208,0,20260629,1979,17,,2026-06-29 19:30:35
1092111,208,0,20260629,1979,18,,2026-06-29 19:31:10
1092111,208,0,20260629,1979,19,,2026-06-29 19:31:54
1092111,208,0,20260629,1979,20,,2026-06-29 19:32:32
1092111,208,0,20260629,1979,21,,2026-06-29 19:33:13
1092111,208,0,20260629,1979,22,,2026-06-29 19:33:33
1092111,208,0,20260629,1979,23,,2026-06-29 19:34:06
1092111,208,0,20260629,1979,24,,2026-06-29 19:34:30
1092111,208,0,20260629,1979,25,,2026-06-29 19:35:16
1092113,208,1,20260629,1085,12,,2026-06-29 18:28:26
1092113,208,1,20260629,1085,13,,2026-06-29 18:28:52
1092113,208,1,20260629,1085,14,,2026-06-29 18:29:25
1092113,208,1,20260629,1085,15,,2026-06-29 18:30:45
1092113,208,1,20260629,1085,16,,2026-06-29 18:31:46
1092113,208,1,20260629,1085,17,,2026-06-29 18:32:52
1092113,208,1,20260629,1085,18,,2026-06-29 18:34:35
1092113,208,1,20260629,1085,19,,2026-06-29 18:35:19
1092113,208,1,20260629,1085,20,,2026-06-29 18:36:18
1092113,208,1,20260629,1085,21,,2026-06-29 18:36:58
1092113,208,1,20260629,1085,22,,2026-06-29 18:37:44
1092113,208,1,20260629,1085,23,,2026-06-29 18:38:46
1092113,208,1,20260629,1085,24,,2026-06-29 18:40:15
1092113,208,1,20260629,1085,25,,2026-06-29 18:42:06
1092113,208,1,20260629,1085,26,,2026-06-29 18:42:40
1092113,208,1,20260629,1085,27,,2026-06-29 18:43:09
1092113,208,1,20260629,1085,28,,2026-06-29 18:43:51
1092113,208,1,20260629,1085,29,,2026-06-29 18:44:32
1092113,208,1,20260629,1085,30,,2026-06-29 18:45:11
1092113,208,1,20260629,1085,31,,2026-06-29 18:46:00
1092113,208,1,20260629,1085,32,,2026-06-29 18:47:17
1092113,208,1,20260629,1085,33,,2026-06-29 18:47:33
1092113,208,1,20260629,1085,34,,2026-06-29 18:48:08
1092113,208,1,20260629,1085,35,,2026-06-29 18:49:33
1092113,208,1,20260629,1085,36,,2026-06-29 18:50:21
1092113,208,1,20260629,1085,37,,2026-06-29 18:51:32
1092113,208,1,20260629,1085,38,,2026-06-29 18:52:36
1092113,208,1,20260629,1085,39,,2026-06-29 18:53:28
1092113,208,1,20260629,1085,40,,2026-06-29 18:54:31
1092113,208,1,20260629,1085,41,,2026-06-29 18:55:21
1092113,208,1,20260629,1085,42,,2026-06-29 18:56:25
1092113,208,1,20260629,1085,43,,2026-06-29 18:57:20
1092113,208,1,20260629,1085,44,,2026-06-29 18:58:18
1092113,208,1,20260629,1085,45,,2026-06-29 18:59:02
1092125,208,0,20260629,1438,48,,2026-06-29 18:28:50
1092125,208,0,20260629,1438,49,,2026-06-29 18:30:40
1092125,208,0,20260629,1438,999,,2026-06-29 18:32:07
1092129,208N,1,20260629,1025,2,,2026-06-29 18:28:23
1092129,208N,1,20260629,1025,3,,2026-06-29 18:30:12
1092129,208N,1,20260629,1025,4,,2026-06-29 18:32:30
1092129,208N,1,20260629,1025,5,,2026-06-29 18:35:23
1092129,208N,1,20260629,1025,6,,2026-06-29 18:35:51
1092129,208N,1,20260629,1025,7,,2026-06-29 18:37:02
1092129,208N,1,20260629,1025,8,,2026-06-29 18:37:36
1092129,208N,1,20260629,1025,9,,2026-06-29 18:37:58
1092129,208N,1,20260629,1025,10,,2026-06-29 18:38:48
1092129,208N,1,20260629,1025,11,,2026-06-29 18:39:18
1092129,208N,1,20260629,1025,12,,2026-06-29 18:40:54
1092129,208N,1,20260629,1025,13,,2026-06-29 18:41:17
1092129,208N,1,20260629,1025,14,,2026-06-29 18:41:46
1092129,208N,1,20260629,1025,15,,2026-06-29 18:42:36
1092129,208N,1,20260629,1025,16,,2026-06-29 18:43:32
1092129,208N,1,20260629,1025,17,,2026-06-29 18:44:37
1092129,208N,1,20260629,1025,18,,2026-06-29 18:46:23
1092129,208N,1,20260629,1025,19,,2026-06-29 18:47:09
1092129,208N,1,20260629,1025,20,,2026-06-29 18:48:31
1092129,208N,1,20260629,1025,21,,2026-06-29 18:48:42
1092129,208N,1,20260629,1025,22,,2026-06-29 18:49:52
1092129,208N,1,20260629,1025,23,,2026-06-29 18:51:02
1092129,208N,1,20260629,1025,24,,2026-06-29 18:51:50
1092129,208N,1,20260629,1025,25,,2026-06-29 18:52:44
1092129,208N,1,20260629,1025,26,,2026-06-29 18:53:44
1092129,208N,1,20260629,1025,27,,2026-06-29 18:54:33
1092129,208N,1,20260629,1025,28,,2026-06-29 18:55:14
1092129,208N,1,20260629,1025,29,,2026-06-29 18:55:51
1092129,208N,1,20260629,1025,30,,2026-06-29 18:56:19
1092129,208N,1,20260629,1025,31,,2026-06-29 18:57:06
1092129,208N,1,20260629,1025,32,,2026-06-29 18:57:50
1092129,208N,1,20260629,1025,33,,2026-06-29 18:58:51
1092129,208N,1,20260629,1025,34,,2026-06-29 18:59:25
1092130,208N,1,20260629,1814,28,,2026-06-29 18:28:13
1092130,208N,1,20260629,1814,29,,2026-06-29 18:28:52
1092130,208N,1,20260629,1814,30,,2026-06-29 18:29:32
1092130,208N,1,20260629,1814,31,,2026-06-29 18:30:16
1092130,208N,1,20260629,1814,32,,2026-06-29 18:31:14
1092130,208N,1,20260629,1814,33,,2026-06-29 18:31:53
1092130,208N,1,20260629,1814,34,,2026-06-29 18:32:25
1092130,208N,1,20260629,1814,35,,2026-06-29 18:33:17
1092130,208N,1,20260629,1814,36,,2026-06-29 18:33:52
1092130,208N,1,20260629,1814,37,,2026-06-29 18:34:28
1092130,208N,1,20260629,1814,38,,2026-06-29 18:35:20
1092130,208N,1,20260629,1814,39,,2026-06-29 18:36:16
1092130,208N,1,20260629,1814,40,,2026-06-29 18:36:54
1092130,208N,1,20260629,1814,999,,2026-06-29 18:37:29
1092501,254X,1,20260629,1098,7,,2026-06-29 18:31:43
1092501,254X,1,20260629,1098,8,,2026-06-29 18:33:42
1092501,254X,1,20260629,1098,9,,2026-06-29 18:34:04
1092501,254X,1,20260629,1098,10,,2026-06-29 18:34:36
1092501,254X,1,20260629,1098,11,,2026-06-29 18:34:58
1092501,254X,1,20260629,1098,12,,2026-06-29 18:35:50
1092501,254X,1,20260629,1098,13,,2026-06-29 18:36:23
1092501,254X,1,20260629,1098,14,,2026-06-29 18:36:48
1092501,254X,1,20260629,1098,15,,2026-06-29 18:37:24
1092501,254X,1,20260629,1098,16,,2026-06-29 18:37:49
1092501,254X,1,20260629,1098,17,,2026-06-29 18:37:54
1092501,254X,1,20260629,1098,18,,2026-06-29 18:38:52
1092501,254X,1,20260629,1098,19,,2026-06-29 18:39:29
1092501,254X,1,20260629,1098,20,,2026-06-29 18:40:04
1092501,254X,1,20260629,1098,21,,2026-06-29 18:40:47
1092501,254X,1,20260629,1098,22,,2026-06-29 18:41:58
1092501,254X,1,20260629,1098,23,,2026-06-29 18:42:36
1092501,254X,1,20260629,1098,24,,2026-06-29 18:43:03
1092501,254X,1,20260629,1098,25,,2026-06-29 18:43:25
1092501,254X,1,20260629,1098,26,,2026-06-29 18:45:01
1092501,254X,1,20260629,1098,27,,2026-06-29 18:45:31
1092501,254X,1,20260629,1098,28,,2026-06-29 18:45:53
1092501,254X,1,20260629,1098,999,,2026-06-29 18:46:58
1092554,254X,1,20260629,1008,22,,2026-06-29 18:29:06
1092554,254X,1,20260629,1008,23,,2026-06-29 18:29:43
1092554,254X,1,20260629,1008,24,,2026-06-29 18:30:10
1092554,254X,1,20260629,1008,25,,2026-06-29 18:30:32
1092554,254X,1,20260629,1008,26,,2026-06-29 18:32:01
1092554,254X,1,20260629,1008,27,,2026-06-29 18:32:32
1092554,254X,1,20260629,1008,28,,2026-06-29 18:32:54
1092554,254X,1,20260629,1008,999,,2026-06-29 18:33:59
1127432,720,1,20260629,1514,66,,2026-06-29 18:28:11
1127432,720,1,20260629,1514,67,,2026-06-29 18:29:53
1127432,720,1,20260629,1514,68,,2026-06-29 18:30:17
1127432,720,1,20260629,1514,69,,2026-06-29 18:30:42
1127432,720,1,20260629,1514,70,,2026-06-29 18:31:36
1127432,720,1,20260629,1514,71,,2026-06-29 18:32:55
1127432,720,1,20260629,1514,72,,2026-06-29 18:33:36
1127432,720,1,20260629,1514,999,,2026-06-29 18:35:14
1127434,720,1,20260629,2417,54,,2026-06-29 18:28:19
1127434,720,1,20260629,2417,55,,2026-06-29 18:30:10
1127434,720,1,20260629,2417,56,,2026-06-29 18:30:33
1127434,720,1,20260629,2417,57,,2026-06-29 18:30:57
1127434,720,1,20260629,2417,58,,2026-06-29 18:31:55
1127434,720,1,20260629,2417,59,,2026-06-29 18:32:22
1127434,720,1,20260629,2417,60,,2026-06-29 18:32:58
1127434,720,1,20260629,2417,61,,2026-06-29 18:33:32
1127434,720,1,20260629,2417,62,,2026-06-29 18:34:14
1127434,720,1,20260629,2417,63,,2026-06-29 18:34:59
1127434,720,1,20260629,2417,64,,2026-06-29 18:36:03
1127434,720,1,20260629,2417,65,,2026-06-29 18:38:58
1127434,720,1,20260629,2417,66,,2026-06-29 18:40:26
1127434,720,1,20260629,2417,67,,2026-06-29 18:42:07
1127434,720,1,20260629,2417,68,,2026-06-29 18:42:33
1127434,720,1,20260629,2417,69,,2026-06-29 18:42:43
1127434,720,1,20260629,2417,70,,2026-06-29 18:43:58
1127434,720,1,20260629,2417,71,,2026-06-29 18:46:50
1127434,720,1,20260629,2417,72,,2026-06-29 18:47:55
1127434,720,1,20260629,2417,999,,2026-06-29 18:48:50
1127485,720,1,20260629,2725,34,,2026-06-29 18:28:35
1127485,720,1,20260629,2725,35,,2026-06-29 18:28:58
1127485,720,1,20260629,2725,36,,2026-06-29 18:29:19
1127485,720,1,20260629,2725,37,,2026-06-29 18:30:52
1127485,720,1,20260629,2725,38,,2026-06-29 18:32:51
1127485,720,1,20260629,2725,39,,2026-06-29 18:33:35
1127485,720,1,20260629,2725,40,,2026-06-29 18:34:03
1127485,720,1,20260629,2725,41,,2026-06-29 18:34:33
1127485,720,1,20260629,2725,42,,2026-06-29 18:35:08
1127485,720,1,20260629,2725,43,,2026-06-29 18:35:33
1127485,720,1,20260629,2725,44,,2026-06-29 18:36:20
1127485,720,1,20260629,2725,45,,2026-06-29 18:37:05
1127485,720,1,20260629,2725,46,,2026-06-29 18:37:15
1127485,720,1,20260629,2725,47,,2026-06-29 18:37:36
1127485,720,1,20260629,2725,48,,2026-06-29 18:38:07
1127485,720,1,20260629,2725,49,,2026-06-29 18:38:34
1127485,720,1,20260629,2725,50,,2026-06-29 18:39:12
1127485,720,1,20260629,2725,51,,2026-06-29 18:39:12
1127485,720,1,20260629,2725,52,,2026-06-29 18:40:01
1127485,720,1,20260629,2725,53,,2026-06-29 18:40:23
1127485,720,1,20260629,2725,54,,2026-06-29 18:42:10
1127485,720,1,20260629,2725,55,,2026-06-29 18:44:01
1127485,720,1,20260629,2725,56,,2026-06-29 18:44:25
1127485,720,1,20260629,2725,57,,2026-06-29 18:44:50
1127485,720,1,20260629,2725,58,,2026-06-29 18:45:59
1127485,720,1,20260629,2725,59,,2026-06-29 18:46:24
1127485,720,1,20260629,2725,60,,2026-06-29 18:46:58
1127485,720,1,20260629,2725,61,,2026-06-29 18:47:20
1127485,720,1,20260629,2725,62,,2026-06-29 18:48:40
1127485,720,1,20260629,2725,63,,2026-06-29 18:49:36
1127485,720,1,20260629,2725,64,,2026-06-29 18:50:27
1127485,720,1,20260629,2725,65,,2026-06-29 18:51:25
1127485,720,1,20260629,2725,66,,2026-06-29 18:54:42
1127485,720,1,20260629,2725,67,,2026-06-29 18:56:57
1127485,720,1,20260629,2725,68,,2026-06-29 18:57:35
1127486,T721,1,20260629,2817,52,,2026-06-29 18:29:20
1127486,T721,1,20260629,2817,53,,2026-06-29 18:29:41
1127486,T721,1,20260629,2817,54,,2026-06-29 18:29:59
1127486,T721,1,20260629,2817,55,,2026-06-29 18:30:30
1127486,T721,1,20260629,2817,56,,2026-06-29 18:31:38
1127486,T721,1,20260629,2817,57,,2026-06-29 18:32:48
1127486,T721,1,20260629,2817,58,,2026-06-29 18:33:37
1127486,T721,1,20260629,2817,999,,2026-06-29 18:35:02
1127535,T722,1,20260629,2517,40,,2026-06-29 18:28:23
1127535,T722,1,20260629,2517,41,,2026-06-29 18:28:52
1127535,T722,1,20260629,2517,42,,2026-06-29 18:29:36
1127535,T722,1,20260629,2517,43,,2026-06-29 18:30:12
1127535,T722,1,20260629,2517,44,,2026-06-29 18:30:43
1127535,T722,1,20260629,2517,45,,2026-06-29 18:31:00
1127535,T722,1,20260629,2517,46,,2026-06-29 18:31:16
1127535,T722,1,20260629,2517,47,,2026-06-29 18:31:32
1127535,T722,1,20260629,2517,48,,2026-06-29 18:32:01
1127535,T722,1,20260629,2517,49,,2026-06-29 18:32:22
1127535,T722,1,20260629,2517,50,,2026-06-29 18:32:43
1127535,T722,1,20260629,2517,51,,2026-06-29 18:33:38
1127535,T722,1,20260629,2517,52,,2026-06-29 18:34:37
1127535,T722,1,20260629,2517,53,,2026-06-29 18:34:57
1127535,T722,1,20260629,2517,54,,2026-06-29 18:35:26
1127535,T722,1,20260629,2517,55,,2026-06-29 18:35:48
1127535,T722,1,20260629,2517,56,,2026-06-29 18:36:07
1127535,T722,1,20260629,2517,57,,2026-06-29 18:36:25
1127535,T722,1,20260629,2517,58,,2026-06-29 18:36:51
1127535,T722,1,20260629,2517,59,,2026-06-29 18:37:13
1127535,T722,1,20260629,2517,60,,2026-06-29 18:37:38
1127535,T722,1,20260629,2517,61,,2026-06-29 18:38:13
1127535,T722,1,20260629,2517,62,,2026-06-29 18:39:11
1127535,T722,1,20260629,2517,63,,2026-06-29 18:39:51
1127535,T722,1,20260629,2517,64,,2026-06-29 18:40:12
1127535,T722,1,20260629,2517,65,,2026-06-29 18:40:35
1127535,T722,1,20260629,2517,66,,2026-06-29 18:41:07
1127535,T722,1,20260629,2517,67,,2026-06-29 18:46:40
1127535,T722,1,20260629,2517,68,,2026-06-29 18:47:13
1127535,T722,1,20260629,2517,69,,2026-06-29 18:47:36
1127535,T722,1,20260629,2517,70,,2026-06-29 18:48:53
1127535,T722,1,20260629,2517,71,,2026-06-29 18:50:17
1127535,T722,1,20260629,2517,72,,2026-06-29 18:51:18
1127535,T722,1,20260629,2517,73,,2026-06-29 18:52:24
1127535,T722,1,20260629,2517,74,,2026-06-29 18:53:14
1127535,T722,1,20260629,2517,75,,2026-06-29 18:54:21
1127535,T722,1,20260629,2517,999,,2026-06-29 18:55:46
1127559,T721,1,20260629,2801,37,,2026-06-29 18:29:03
1127559,T721,1,20260629,2801,38,,2026-06-29 18:29:28
1127559,T721,1,20260629,2801,39,,2026-06-29 18:29:56
1127559,T721,1,20260629,2801,40,,2026-06-29 18:30:25
1127559,T721,1,20260629,2801,41,,2026-06-29 18:31:20
1127559,T721,1,20260629,2801,42,,2026-06-29 18:31:37
1127559,T721,1,20260629,2801,43,,2026-06-29 18:32:07
1127559,T721,1,20260629,2801,44,,2026-06-29 18:32:25
1127559,T721,1,20260629,2801,45,,2026-06-29 18:33:13
1127559,T721,1,20260629,2801,46,,2026-06-29 18:33:21
1127559,T721,1,20260629,2801,47,,2026-06-29 18:33:49
1127559,T721,1,20260629,2801,48,,2026-06-29 18:34:20
1127559,T721,1,20260629,2801,49,,2026-06-29 18:34:57
1127559,T721,1,20260629,2801,50,,2026-06-29 18:35:16
1127559,T721,1,20260629,2801,51,,2026-06-29 18:36:26
1127559,T721,1,20260629,2801,52,,2026-06-29 18:37:31
1127559,T721,1,20260629,2801,53,,2026-06-29 18:37:54
1127559,T721,1,20260629,2801,54,,2026-06-29 18:38:14
1127559,T721,1,20260629,2801,55,,2026-06-29 18:38:42
1127559,T721,1,20260629,2801,56,,2026-06-29 18:39:47
1127559,T721,1,20260629,2801,57,,2026-06-29 18:40:55
1127559,T721,1,20260629,2801,58,,2026-06-29 18:41:45
1127559,T721,1,20260629,2801,999,,2026-06-29 18:43:12
1127575,720B,0,20260629,2451,1,,2026-06-29 18:41:54
1127575,720B,0,20260629,2451,2,,2026-06-29 18:43:22
1127575,720B,0,20260629,2451,3,,2026-06-29 18:43:57
1127575,720B,0,20260629,2451,4,,2026-06-29 18:45:16
1127575,720B,0,20260629,2451,5,,2026-06-29 18:46:08
1127575,720B,0,20260629,2451,6,,2026-06-29 18:46:40
1127575,720B,0,20260629,2451,7,,2026-06-29 18:47:03
1127575,720B,0,20260629,2451,8,,2026-06-29 18:48:33
1127575,720B,0,20260629,2451,9,,2026-06-29 18:50:22
1127575,720B,0,20260629,2451,10,,2026-06-29 18:51:12
1127575,720B,0,20260629,2451,11,,2026-06-29 18:51:44
1127575,720B,0,20260629,2451,12,,2026-06-29 18:52:17
1127575,720B,0,20260629,2451,13,,2026-06-29 18:52:58
1127575,720B,0,20260629,2451,14,,2026-06-29 18:53:35
1127575,720B,0,20260629,2451,15,,2026-06-29 18:54:10
1127575,720B,0,20260629,2451,16,,2026-06-29 18:54:46
1127575,720B,0,20260629,2451,17,,2026-06-29 18:55:12
1127575,720B,0,20260629,2451,18,,2026-06-29 18:55:44
1127575,720B,0,20260629,2451,19,,2026-06-29 18:56:07
1127575,720B,0,20260629,2451,20,,2026-06-29 18:58:12
1127582,T722,1,20260629,2603,37,,2026-06-29 18:33:00
1127582,T722,1,20260629,2603,38,,2026-06-29 18:33:41
1127582,T722,1,20260629,2603,39,,2026-06-29 18:34:19
1127582,T722,1,20260629,2603,40,,2026-06-29 18:35:13
1127582,T722,1,20260629,2603,41,,2026-06-29 18:35:38
1127582,T722,1,20260629,2603,42,,2026-06-29 18:36:26
1127582,T722,1,20260629,2603,43,,2026-06-29 18:36:59
1127582,T722,1,20260629,2603,44,,2026-06-29 18:37:28
1127582,T722,1,20260629,2603,45,,2026-06-29 18:37:44
1127582,T722,1,20260629,2603,46,,2026-06-29 18:38:00
1127582,T722,1,20260629,2603,47,,2026-06-29 18:38:16
1127582,T722,1,20260629,2603,48,,2026-06-29 18:38:45
1127582,T722,1,20260629,2603,49,,2026-06-29 18:39:08
1127582,T722,1,20260629,2603,50,,2026-06-29 18:39:29
1127582,T722,1,20260629,2603,51,,2026-06-29 18:40:27
1127582,T722,1,20260629,2603,52,,2026-06-29 18:41:24
1127582,T722,1,20260629,2603,53,,2026-06-29 18:41:44
1127582,T722,1,20260629,2603,54,,2026-06-29 18:42:14
1127582,T722,1,20260629,2603,55,,2026-06-29 18:42:35
1127582,T722,1,20260629,2603,56,,2026-06-29 18:42:54
1127582,T722,1,20260629,2603,57,,2026-06-29 18:43:13
1127582,T722,1,20260629,2603,58,,2026-06-29 18:43:35
1127582,T722,1,20260629,2603,59,,2026-06-29 18:43:58
1127582,T722,1,20260629,2603,60,,2026-06-29 18:44:24
1127582,T722,1,20260629,2603,61,,2026-06-29 18:45:00
1127582,T722,1,20260629,2603,62,,2026-06-29 18:45:58
1127582,T722,1,20260629,2603,63,,2026-06-29 18:46:39
1127582,T722,1,20260629,2603,64,,2026-06-29 18:47:01
1127582,T722,1,20260629,2603,65,,2026-06-29 18:47:21
1127582,T722,1,20260629,2603,66,,2026-06-29 18:47:59
1127582,T722,1,20260629,2603,67,,2026-06-29 18:53:24
1127582,T722,1,20260629,2603,68,,2026-06-29 18:53:58
1127582,T722,1,20260629,2603,69,,2026-06-29 18:54:54
1127582,T722,1,20260629,2603,70,,2026-06-29 18:56:04
1127582,T722,1,20260629,2603,71,,2026-06-29 18:57:21
1127582,T722,1,20260629,2603,72,,2026-06-29 18:58:17
1127582,T722,1,20260629,2603,73,,2026-06-29 18:59:17
1127582,T722,1,20260629,2603,74,,2026-06-29 19:00:03
1127582,T722,1,20260629,2603,75,,2026-06-29 19:01:04
1127582,T722,1,20260629,2603,999,,2026-06-29 19:02:23
1127586,T721,1,20260629,2463,25,,2026-06-29 18:28:35
1127586,T721,1,20260629,2463,26,,2026-06-29 18:29:37
1127586,T721,1,20260629,2463,27,,2026-06-29 18:30:13
1127586,T721,1,20260629,2463,28,,2026-06-29 18:30:33
1127586,T721,1,20260629,2463,29,,2026-06-29 18:30:59
1127586,T721,1,20260629,2463,30,,2026-06-29 18:31:23
1127586,T721,1,20260629,2463,31,,2026-06-29 18:32:08
1127586,T721,1,20260629,2463,32,,2026-06-29 18:32:50
1127586,T721,1,20260629,2463,33,,2026-06-29 18:34:04
1127586,T721,1,20260629,2463,34,,2026-06-29 18:34:48
1127586,T721,1,20260629,2463,35,,2026-06-29 18:35:35
1127586,T721,1,20260629,2463,36,,2026-06-29 18:36:45
1127586,T721,1,20260629,2463,37,,2026-06-29 18:38:15
1127586,T721,1,20260629,2463,38,,2026-06-29 18:38:41
1127586,T721,1,20260629,2463,39,,2026-06-29 18:39:10
1127586,T721,1,20260629,2463,40,,2026-06-29 18:39:51
1127586,T721,1,20260629,2463,41,,2026-06-29 18:40:36
1127586,T721,1,20260629,2463,42,,2026-06-29 18:40:57
1127586,T721,1,20260629,2463,43,,2026-06-29 18:41:14
1127586,T721,1,20260629,2463,44,,2026-06-29 18:41:57
1127586,T721,1,20260629,2463,45,,2026-06-29 18:42:39
1127586,T721,1,20260629,2463,46,,2026-06-29 18:43:01
1127586,T721,1,20260629,2463,47,,2026-06-29 18:43:43
1127586,T721,1,20260629,2463,48,,2026-06-29 18:43:52
1127586,T721,1,20260629,2463,49,,2026-06-29 18:44:15
1127586,T721,1,20260629,2463,50,,2026-06-29 18:44:42
1127586,T721,1,20260629,2463,51,,2026-06-29 18:46:14
1127586,T721,1,20260629,2463,52,,2026-06-29 18:47:27
1127586,T721,1,20260629,2463,53,,2026-06-29 18:48:35
1127586,T721,1,20260629,2463,54,,2026-06-29 18:49:31
1127586,T721,1,20260629,2463,55,,2026-06-29 18:50:51
1127586,T721,1,20260629,2463,56,,2026-06-29 18:52:34
1127586,T721,1,20260629,2463,57,,2026-06-29 18:53:46
1127586,T721,1,20260629,2463,58,,2026-06-29 18:54:52
1127586,T721,1,20260629,2463,999,,2026-06-29 18:56:15
1127604,720,1,20260629,2512,16,,2026-06-29 18:28:08
1127604,720,1,20260629,2512,17,,2026-06-29 18:28:49
1127604,720,1,20260629,2512,18,,2026-06-29 18:31:36
1127604,720,1,20260629,2512,19,,2026-06-29 18:32:43
1127604,720,1,20260629,2512,20,,2026-06-29 18:34:19
1127604,720,1,20260629,2512,21,,2026-06-29 18:34:49
1127604,720,1,20260629,2512,22,,2026-06-29 18:35:34
1127604,720,1,20260629,2512,23,,2026-06-29 18:36:12
1127604,720,1,20260629,2512,24,,2026-06-29 18:36:49
1127604,720,1,20260629,2512,25,,2026-06-29 18:38:34
1127604,720,1,20260629,2512,26,,2026-06-29 18:39:01
1127604,720,1,20260629,2512,27,,2026-06-29 18:39:28
1127604,720,1,20260629,2512,28,,2026-06-29 18:40:14
1127604,720,1,20260629,2512,29,,2026-06-29 18:41:01
1127604,720,1,20260629,2512,30,,2026-06-29 18:42:05
1127604,720,1,20260629,2512,31,,2026-06-29 18:44:20
1127604,720,1,20260629,2512,32,,2026-06-29 18:44:57
1127604,720,1,20260629,2512,33,,2026-06-29 18:45:06
1127604,720,1,20260629,2512,34,,2026-06-29 18:46:30
1127604,720,1,20260629,2512,35,,2026-06-29 18:47:15
1127604,720,1,20260629,2512,36,,2026-06-29 18:48:04
1127604,720,1,20260629,2512,37,,2026-06-29 18:49:39
1127604,720,1,20260629,2512,38,,2026-06-29 18:50:00
1127604,720,1,20260629,2512,39,,2026-06-29 18:50:24
1127604,720,1,20260629,2512,40,,2026-06-29 18:50:48
1127604,720,1,20260629,2512,41,,2026-06-29 18:51:14
1127604,720,1,20260629,2512,42,,2026-06-29 18:51:42
1127604,720,1,20260629,2512,43,,2026-06-29 18:52:03
1127604,720,1,20260629,2512,44,,2026-06-29 18:52:17
1127604,720,1,20260629,2512,45,,2026-06-29 18:52:38
1127604,720,1,20260629,2512,46,,2026-06-29 18:53:01
1127604,720,1,20260629,2512,47,,2026-06-29 18:53:24
1127604,720,1,20260629,2512,48,,2026-06-29 18:53:45
1127604,720,1,20260629,2512,49,,2026-06-29 18:54:12
1127604,720,1,20260629,2512,50,,2026-06-29 18:54:27
1127604,720,1,20260629,2512,51,,2026-06-29 18:54:52
1127604,720,1,20260629,2512,52,,2026-06-29 18:55:34
1127607,T723,1,20260629,2586,59,,2026-06-29 18:28:17
1127607,T723,1,20260629,2586,60,,2026-06-29 18:28:47
1127607,T723,1,20260629,2586,61,,2026-06-29 18:29:13
1127607,T723,1,20260629,2586,62,,2026-06-29 18:29:45
1127607,T723,1,20260629,2586,63,,2026-06-29 18:30:26
1127607,T723,1,20260629,2586,64,,2026-06-29 18:31:06
1127607,T723,1,20260629,2586,65,,2026-06-29 18:31:39
1127607,T723,1,20260629,2586,66,,2026-06-29 18:32:08
1127607,T723,1,20260629,2586,67,,2026-06-29 18:32:58
1127607,T723,1,20260629,2586,68,,2026-06-29 18:33:27
1127607,T723,1,20260629,2586,69,,2026-06-29 18:33:53
1127607,T723,1,20260629,2586,70,,2026-06-29 18:34:38
1127607,T723,1,20260629,2586,71,,2026-06-29 18:35:00
1127607,T723,1,20260629,2586,72,,2026-06-29 18:35:27
1127607,T723,1,20260629,2586,73,,2026-06-29 18:36:19
1127607,T723,1,20260629,2586,74,,2026-06-29 18:36:56
1127607,T723,1,20260629,2586,75,,2026-06-29 18:37:23
1127607,T723,1,20260629,2586,76,,2026-06-29 18:37:37
1127607,T723,1,20260629,2586,77,,2026-06-29 18:38:06
1127607,T723,1,20260629,2586,78,,2026-06-29 18:38:25
1127607,T723,1,20260629,2586,79,,2026-06-29 18:38:47
1127607,T723,1,20260629,2586,80,,2026-06-29 18:39:12
1127607,T723,1,20260629,2586,81,,2026-06-29 18:39:33
1127607,T723,1,20260629,2586,82,,2026-06-29 18:39:48
1127607,T723,1,20260629,2586,83,,2026-06-29 18:40:30
1127607,T723,1,20260629,2586,84,,2026-06-29 18:41:28
1127607,T723,1,20260629,2586,999,,2026-06-29 18:44:29
1127623,721X,1,20260629,2723,22,,2026-06-29 18:28:10
1127623,721X,1,20260629,2723,23,,2026-06-29 18:28:33
1127623,721X,1,20260629,2723,24,,2026-06-29 18:28:54
1127623,721X,1,20260629,2723,25,,2026-06-29 18:29:45
1127623,721X,1,20260629,2723,26,,2026-06-29 18:30:52
1127623,721X,1,20260629,2723,27,,2026-06-29 18:31:16
1127623,721X,1,20260629,2723,28,,2026-06-29 18:31:36
1127623,721X,1,20260629,2723,29,,2026-06-29 18:32:04
1127623,721X,1,20260629,2723,30,,2026-06-29 18:32:50
1127623,721X,1,20260629,2723,31,,2026-06-29 18:34:02
1127623,721X,1,20260629,2723,32,,2026-06-29 18:34:51
1127623,721X,1,20260629,2723,999,,2026-06-29 18:36:16
1127632,T722,1,20260629,2601,16,,2026-06-29 18:28:27
1127632,T722,1,20260629,2601,17,,2026-06-29 18:29:25
1127632,T722,1,20260629,2601,18,,2026-06-29 18:31:03
1127632,T722,1,20260629,2601,19,,2026-06-29 18:32:24
1127632,T722,1,20260629,2601,20,,2026-06-29 18:32:53
1127632,T722,1,20260629,2601,21,,2026-06-29 18:33:39
1127632,T722,1,20260629,2601,22,,2026-06-29 18:34:02
1127632,T722,1,20260629,2601,23,,2026-06-29 18:36:16
1127632,T722,1,20260629,2601,24,,2026-06-29 18:36:43
1127632,T722,1,20260629,2601,25,,2026-06-29 18:37:16
1127632,T722,1,20260629,2601,26,,2026-06-29 18:38:26
1127632,T722,1,20260629,2601,27,,2026-06-29 18:39:04
1127632,T722,1,20260629,2601,28,,2026-06-29 18:39:24
1127632,T722,1,20260629,2601,29,,2026-06-29 18:39:41
1127632,T722,1,20260629,2601,30,,2026-06-29 18:40:05
1127632,T722,1,20260629,2601,31,,2026-06-29 18:40:54
1127632,T722,1,20260629,2601,32,,2026-06-29 18:41:39
1127632,T722,1,20260629,2601,33,,2026-06-29 18:42:48
1127632,T722,1,20260629,2601,34,,2026-06-29 18:43:33
1127632,T722,1,20260629,2601,35,,2026-06-29 18:44:37
1127632,T722,1,20260629,2601,36,,2026-06-29 18:45:31
1127632,T722,1,20260629,2601,37,,2026-06-29 18:46:08
1127632,T722,1,20260629,2601,38,,2026-06-29 18:46:31
1127632,T722,1,20260629,2601,39,,2026-06-29 18:47:06
1127632,T722,1,20260629,2601,40,,2026-06-29 18:47:44
1127632,T722,1,20260629,2601,41,,2026-06-29 18:48:10
1127632,T722,1,20260629,2601,42,,2026-06-29 18:48:39
1127632,T722,1,20260629,2601,43,,2026-06-29 18:49:05
1127632,T722,1,20260629,2601,44,,2026-06-29 18:49:43
1127632,T722,1,20260629,2601,45,,2026-06-29 18:50:04
1127632,T722,1,20260629,2601,46,,2026-06-29 18:50:31
1127632,T722,1,20260629,2601,47,,2026-06-29 18:50:53
1127632,T722,1,20260629,2601,48,,2026-06-29 18:51:29
1127632,T722,1,20260629,2601,49,,2026-06-29 18:52:01
1127632,T722,1,20260629,2601,50,,2026-06-29 18:52:34
1127634,721,1,20260629,2703,1,,2026-06-29 18:46:00
1127634,721,1,20260629,2703,2,,2026-06-29 18:46:44
1127634,721,1,20260629,2703,3,,2026-06-29 18:50:16
1127634,721,1,20260629,2703,4,,2026-06-29 18:52:34
1127634,721,1,20260629,2703,5,,2026-06-29 18:53:12
1127634,721,1,20260629,2703,6,,2026-06-29 18:54:09
1127634,721,1,20260629,2703,7,,2026-06-29 18:55:04
1127634,721,1,20260629,2703,8,,2026-06-29 18:56:19
1127634,721,1,20260629,2703,9,,2026-06-29 18:56:42
1127634,721,1,20260629,2703,10,,2026-06-29 18:57:53
1127634,721,1,20260629,2703,11,,2026-06-29 18:58:34
1127634,721,1,20260629,2703,12,,2026-06-29 18:59:24
1127634,721,1,20260629,2703,13,,2026-06-29 18:59:53
1127634,721,1,20260629,2703,14,,2026-06-29 19:00:20
1127634,721,1,20260629,2703,15,,2026-06-29 19:01:00
1127634,721,1,20260629,2703,16,,2026-06-29 19:01:33
1127634,721,1,20260629,2703,17,,2026-06-29 19:02:06
1127634,721,1,20260629,2703,18,,2026-06-29 19:03:47
1127634,721,1,20260629,2703,19,,2026-06-29 19:04:46
1127634,721,1,20260629,2703,20,,2026-06-29 19:06:09
1127634,721,1,20260629,2703,21,,2026-06-29 19:06:39
1127634,721,1,20260629,2703,22,,2026-06-29 19:07:28
1127634,721,1,20260629,2703,23,,2026-06-29 19:07:56
1127634,721,1,20260629,2703,24,,2026-06-29 19:08:34
1127634,721,1,20260629,2703,25,,2026-06-29 19:09:22
1127634,721,1,20260629,2703,26,,2026-06-29 19:09:48
1127634,721,1,20260629,2703,27,,2026-06-29 19:10:21
1127634,721,1,20260629,2703,28,,2026-06-29 19:11:00
1127634,721,1,20260629,2703,29,,2026-06-29 19:11:55
1127634,721,1,20260629,2703,30,,2026-06-29 19:13:02
1127634,721,1,20260629,2703,31,,2026-06-29 19:14:18
1127634,721,1,20260629,2703,32,,2026-06-29 19:15:10
1127634,721,1,20260629,2703,33,,2026-06-29 19:15:59
1127634,721,1,20260629,2703,34,,2026-06-29 19:17:33
1127635,T721,1,20260629,2406,1,,2026-06-29 18:36:45
1127635,T721,1,20260629,2406,2,,2026-06-29 18:38:45
1127635,T721,1,20260629,2406,3,,2026-06-29 18:39:47
1127635,T721,1,20260629,2406,4,,2026-06-29 18:41:09
1127635,T721,1,20260629,2406,5,,2026-06-29 18:41:51
1127635,T721,1,20260629,2406,6,,2026-06-29 18:42:27
1127636,T721,1,20260629,2582,3,,2026-06-29 18:28:42
1127636,T721,1,20260629,2582,4,,2026-06-29 18:30:55
1127636,T721,1,20260629,2582,5,,2026-06-29 18:31:34
1127636,T721,1,20260629,2582,6,,2026-06-29 18:32:40
1127636,T721,1,20260629,2582,7,,2026-06-29 18:33:25
1127636,T721,1,20260629,2582,8,,2026-06-29 18:34:50
1127636,T721,1,20260629,2582,9,,2026-06-29 18:36:49
1127636,T721,1,20260629,2582,10,,2026-06-29 18:38:48
1127636,T721,1,20260629,2582,11,,2026-06-29 18:43:32
1127636,T721,1,20260629,2582,12,,2026-06-29 18:46:34
1127636,T721,1,20260629,2582,13,,2026-06-29 18:48:37
1127636,T721,1,20260629,2582,14,,2026-06-29 18:51:54
1127636,T721,1,20260629,2582,15,,2026-06-29 18:53:10
1127636,T721,1,20260629,2582,16,,2026-06-29 18:54:21
1127636,T721,1,20260629,2582,17,,2026-06-29 18:56:38
1127636,T721,1,20260629,2582,18,,2026-06-29 18:58:37
1127636,T721,1,20260629,2582,19,,2026-06-29 18:59:25
1127637,T721,1,20260629,2733,12,,2026-06-29 18:30:11
1127637,T721,1,20260629,2733,13,,2026-06-29 18:32:15
1127637,T721,1,20260629,2733,14,,2026-06-29 18:34:05
1127637,T721,1,20260629,2733,15,,2026-06-29 18:35:47
1127637,T721,1,20260629,2733,16,,2026-06-29 18:36:33
1127637,T721,1,20260629,2733,17,,2026-06-29 18:37:36
1127637,T721,1,20260629,2733,18,,2026-06-29 18:39:34
1127637,T721,1,20260629,2733,19,,2026-06-29 18:41:02
1127637,T721,1,20260629,2733,20,,2026-06-29 18:41:20
1127637,T721,1,20260629,2733,21,,2026-06-29 18:42:14
1127637,T721,1,20260629,2733,22,,2026-06-29 18:42:42
1127637,T721,1,20260629,2733,23,,2026-06-29 18:45:17
1127637,T721,1,20260629,2733,24,,2026-06-29 18:45:50
1127637,T721,1,20260629,2733,25,,2026-06-29 18:46:43
1127637,T721,1,20260629,2733,26,,2026-06-29 18:47:58
1127637,T721,1,20260629,2733,27,,2026-06-29 18:49:12
1127637,T721,1,20260629,2733,28,,2026-06-29 18:49:44
1127637,T721,1,20260629,2733,29,,2026-06-29 18:50:33
1127637,T721,1,20260629,2733,30,,2026-06-29 18:51:22
1127637,T721,1,20260629,2733,31,,2026-06-29 18:52:38
1127637,T721,1,20260629,2733,32,,2026-06-29 18:53:52
1127637,T721,1,20260629,2733,33,,2026-06-29 18:55:01
1127637,T721,1,20260629,2733,34,,2026-06-29 18:55:46
1127637,T721,1,20260629,2733,35,,2026-06-29 18:56:50
1127643,721X,1,20260629,2708,14,,2026-06-29 18:28:04
1127643,721X,1,20260629,2708,15,,2026-06-29 18:28:52
1127643,721X,1,20260629,2708,16,,2026-06-29 18:29:39
1127643,721X,1,20260629,2708,17,,2026-06-29 18:30:11
1127643,721X,1,20260629,2708,18,,2026-06-29 18:30:29
1127643,721X,1,20260629,2708,19,,2026-06-29 18:31:08
1127643,721X,1,20260629,2708,20,,2026-06-29 18:31:32
1127643,721X,1,20260629,2708,21,,2026-06-29 18:32:05
1127643,721X,1,20260629,2708,22,,2026-06-29 18:32:45
1127643,721X,1,20260629,2708,23,,2026-06-29 18:33:10
1127643,721X,1,20260629,2708,24,,2026-06-29 18:33:33
1127643,721X,1,20260629,2708,25,,2026-06-29 18:34:47
1127643,721X,1,20260629,2708,26,,2026-06-29 18:35:20
1127643,721X,1,20260629,2708,27,,2026-06-29 18:35:43
1127643,721X,1,20260629,2708,28,,2026-06-29 18:36:04
1127643,721X,1,20260629,2708,29,,2026-06-29 18:36:31
1127643,721X,1,20260629,2708,30,,2026-06-29 18:38:06
1127643,721X,1,20260629,2708,31,,2026-06-29 18:39:16
1127643,721X,1,20260629,2708,32,,2026-06-29 18:40:03
1127643,721X,1,20260629,2708,999,,2026-06-29 18:41:34
1127658,721,0,20260629,2709,5,,2026-06-29 18:28:25
1127658,721,0,20260629,2709,6,,2026-06-29 18:28:48
1127658,721,0,20260629,2709,7,,2026-06-29 18:29:11
1127658,721,0,20260629,2709,8,,2026-06-29 18:29:39
1127658,721,0,20260629,2709,9,,2026-06-29 18:30:04
1127658,721,0,20260629,2709,10,,2026-06-29 18:30:34
1127658,721,0,20260629,2709,11,,2026-06-29 18:31:05
1127658,721,0,20260629,2709,12,,2026-06-29 18:31:27
1127658,721,0,20260629,2709,13,,2026-06-29 18:32:26
1127658,721,0,20260629,2709,14,,2026-06-29 18:33:02
1127658,721,0,20260629,2709,15,,2026-06-29 18:33:31
1127658,721,0,20260629,2709,16,,2026-06-29 18:34:07
1127658,721,0,20260629,2709,17,,2026-06-29 18:34:26
1127658,721,0,20260629,2709,18,,2026-06-29 18:34:52
1127658,721,0,20260629,2709,19,,2026-06-29 18:35:12
1127658,721,0,20260629,2709,20,,2026-06-29 18:35:59
1127658,721,0,20260629,2709,21,,2026-06-29 18:36:31
1127658,721,0,20260629,2709,22,,2026-06-29 18:36:48
1127658,721,0,20260629,2709,23,,2026-06-29 18:37:52
1127658,721,0,20260629,2709,24,,2026-06-29 18:39:25
1127658,721,0,20260629,2709,25,,2026-06-29 18:42:46
1127658,721,0,20260629,2709,26,,2026-06-29 18:43:37
1127658,721,0,20260629,2709,27,,2026-06-29 18:44:11
1127658,721,0,20260629,2709,28,,2026-06-29 18:45:12
1127658,721,0,20260629,2709,29,,2026-06-29 18:46:05
1127658,721,0,20260629,2709,30,,2026-06-29 18:46:57
1127658,721,0,20260629,2709,31,,2026-06-29 18:47:40
1127658,721,0,20260629,2709,32,,2026-06-29 18:48:20
1127658,721,0,20260629,2709,33,,2026-06-29 18:48:49
1127658,721,0,20260629,2709,34,,2026-06-29 18:49:53
1127658,721,0,20260629,2709,35,,2026-06-29 18:51:05
1127658,721,0,20260629,2709,36,,2026-06-29 18:52:09
1127658,721,0,20260629,2709,37,,2026-06-29 18:53:15
1127660,721,0,20260629,2730,1,,2026-06-29 19:07:05
1127660,721,0,20260629,2730,2,,2026-06-29 19:07:57
1127660,721,0,20260629,2730,3,,2026-06-29 19:08:35
1127660,721,0,20260629,2730,4,,2026-06-29 19:09:15
1127660,721,0,20260629,2730,5,,2026-06-29 19:10:32
1127660,721,0,20260629,2730,6,,2026-06-29 19:11:06
1127660,721,0,20260629,2730,7,,2026-06-29 19:11:42
1127662,721,0,20260629,2598,41,,2026-06-29 18:29:30
1127662,721,0,20260629,2598,42,,2026-06-29 18:30:54
1127662,721,0,20260629,2598,43,,2026-06-29 18:31:21
1127662,721,0,20260629,2598,44,,2026-06-29 18:33:40
1127662,721,0,20260629,2598,45,,2026-06-29 18:35:00
1127662,721,0,20260629,2598,46,,2026-06-29 18:37:09
1127662,721,0,20260629,2598,47,,2026-06-29 18:38:33
1127662,721,0,20260629,2598,48,,2026-06-29 18:39:56
1127662,721,0,20260629,2598,49,,2026-06-29 18:40:49
1127662,721,0,20260629,2598,50,,2026-06-29 18:41:16
1127662,721,0,20260629,2598,51,,2026-06-29 18:41:45
1127662,721,0,20260629,2598,52,,2026-06-29 18:42:23
1127662,721,0,20260629,2598,53,,2026-06-29 18:43:18
1127662,721,0,20260629,2598,54,,2026-06-29 18:44:46
1127662,721,0,20260629,2598,55,,2026-06-29 18:45:34
1127662,721,0,20260629,2598,56,,2026-06-29 18:46:01
1127662,721,0,20260629,2598,57,,2026-06-29 18:47:03
1127662,721,0,20260629,2598,58,,2026-06-29 18:47:38
1127662,721,0,20260629,2598,59,,2026-06-29 18:48:41
1127662,721,0,20260629,2598,60,,2026-06-29 18:49:46
1127662,721,0,20260629,2598,61,,2026-06-29 18:50:23
1127662,721,0,20260629,2598,62,,2026-06-29 18:51:34
1127662,721,0,20260629,2598,63,,2026-06-29 18:52:21
1127662,721,0,20260629,2598,64,,2026-06-29 18:53:15
1127662,721,0,20260629,2598,65,,2026-06-29 18:55:12
1127662,721,0,20260629,2598,66,,2026-06-29 18:56:27
1127662,721,0,20260629,2598,67,,2026-06-29 18:57:17
1127662,721,0,20260629,2598,68,,2026-06-29 18:58:09
1127662,721,0,20260629,2598,69,,2026-06-29 18:58:34
1127662,721,0,20260629,2598,70,,2026-06-29 18:59:17
1127662,721,0,20260629,2598,71,,2026-06-29 19:00:13
1127662,721,0,20260629,2598,999,,2026-06-29 19:01:13
1127668,T722,0,20260629,2605,63,,2026-06-29 18:28:41
1127668,T722,0,20260629,2605,64,,2026-06-29 18:31:24
1127668,T722,0,20260629,2605,65,,2026-06-29 18:34:54
1127668,T722,0,20260629,2605,66,,2026-06-29 18:36:07
1127668,T722,0,20260629,2605,67,,2026-06-29 18:38:02
1127668,T722,0,20260629,2605,68,,2026-06-29 18:39:43
1127668,T722,0,20260629,2605,69,,2026-06-29 18:41:17
1127668,T722,0,20260629,2605,70,,2026-06-29 18:43:45
1127668,T722,0,20260629,2605,71,,2026-06-29 18:44:20
1127668,T722,0,20260629,2605,72,,2026-06-29 18:45:38
1127668,T722,0,20260629,2605,73,,2026-06-29 18:46:01
1127668,T722,0,20260629,2605,74,,2026-06-29 18:47:44
1127668,T722,0,20260629,2605,75,,2026-06-29 18:49:38
1127668,T722,0,20260629,2605,999,,2026-06-29 18:51:08
1127699,724X,1,20260629,2593,31,,2026-06-29 18:28:12
1127699,724X,1,20260629,2593,32,,2026-06-29 18:28:42
1127699,724X,1,20260629,2593,33,,2026-06-29 18:29:41
1127699,724X,1,20260629,2593,34,,2026-06-29 18:30:16
1127699,724X,1,20260629,2593,35,,2026-06-29 18:30:58
1127699,724X,1,20260629,2593,36,,2026-06-29 18:31:28
1127699,724X,1,20260629,2593,999,,2026-06-29 18:32:02
1127701,721X,1,20260629,2588,31,,2026-06-29 18:29:19
1127701,721X,1,20260629,2588,32,,2026-06-29 18:30:05
1127701,721X,1,20260629,2588,999,,2026-06-29 18:31:29
1127707,724X,1,20260629,2726,6,,2026-06-29 18:33:31
1127707,724X,1,20260629,2726,7,,2026-06-29 18:34:34
1127707,724X,1,20260629,2726,8,,2026-06-29 18:34:53
1127707,724X,1,20260629,2726,9,,2026-06-29 18:35:34
1127707,724X,1,20260629,2726,10,,2026-06-29 18:36:06
1127707,724X,1,20260629,2726,11,,2026-06-29 18:36:43
1127707,724X,1,20260629,2726,12,,2026-06-29 18:36:58
1127707,724X,1,20260629,2726,13,,2026-06-29 18:38:04
1127707,724X,1,20260629,2726,14,,2026-06-29 18:40:03
1127707,724X,1,20260629,2726,15,,2026-06-29 18:41:53
1127707,724X,1,20260629,2726,16,,2026-06-29 18:42:20
1127707,724X,1,20260629,2726,17,,2026-06-29 18:42:59
1127707,724X,1,20260629,2726,18,,2026-06-29 18:43:24
1127707,724X,1,20260629,2726,19,,2026-06-29 18:43:44
1127707,724X,1,20260629,2726,20,,2026-06-29 18:44:55
1127707,724X,1,20260629,2726,21,,2026-06-29 18:45:28
1127707,724X,1,20260629,2726,22,,2026-06-29 18:45:47
1127707,724X,1,20260629,2726,23,,2026-06-29 18:46:19
1127707,724X,1,20260629,2726,24,,2026-06-29 18:46:41
1127707,724X,1,20260629,2726,25,,2026-06-29 18:47:03
1127707,724X,1,20260629,2726,26,,2026-06-29 18:47:20
1127707,724X,1,20260629,2726,27,,2026-06-29 18:47:51
1127707,724X,1,20260629,2726,28,,2026-06-29 18:48:22
1127707,724X,1,20260629,2726,29,,2026-06-29 18:49:16
1127707,724X,1,20260629,2726,30,,2026-06-29 18:51:01
1127707,724X,1,20260629,2726,31,,2026-06-29 18:57:37
1127707,724X,1,20260629,2726,32,,2026-06-29 18:58:25
1127707,724X,1,20260629,2726,33,,2026-06-29 18:58:57
1127707,724X,1,20260629,2726,34,,2026-06-29 18:59:56
1127707,724X,1,20260629,2726,35,,2026-06-29 19:00:11
1127707,724X,1,20260629,2726,36,,2026-06-29 19:00:34
1127707,724X,1,20260629,2726,999,,2026-06-29 19:01:01
1127713,721X,1,20260629,2707,6,,2026-06-29 18:40:25
1127713,721X,1,20260629,2707,7,,2026-06-29 18:42:22
1127713,721X,1,20260629,2707,8,,2026-06-29 18:42:52
1127713,721X,1,20260629,2707,9,,2026-06-29 18:43:41
1127713,721X,1,20260629,2707,10,,2026-06-29 18:44:53
1127713,721X,1,20260629,2707,11,,2026-06-29 18:45:54
1127713,721X,1,20260629,2707,12,,2026-06-29 18:46:19
1127713,721X,1,20260629,2707,13,,2026-06-29 18:47:00
1127713,721X,1,20260629,2707,14,,2026-06-29 18:47:30
1127713,721X,1,20260629,2707,15,,2026-06-29 18:48:33
1127713,721X,1,20260629,2707,16,,2026-06-29 18:48:53
1127713,721X,1,20260629,2707,17,,2026-06-29 18:49:31
1127713,721X,1,20260629,2707,18,,2026-06-29 18:50:09
1127713,721X,1,20260629,2707,19,,2026-06-29 18:50:54
1127713,721X,1,20260629,2707,20,,2026-06-29 18:51:18
1127713,721X,1,20260629,2707,21,,2026-06-29 18:51:52
1127713,721X,1,20260629,2707,22,,2026-06-29 18:52:07
1127713,721X,1,20260629,2707,23,,2026-06-29 18:52:32
1127713,721X,1,20260629,2707,24,,2026-06-29 18:53:10
1127713,721X,1,20260629,2707,25,,2026-06-29 18:54:23
1127713,721X,1,20260629,2707,26,,2026-06-29 18:55:00
1127713,721X,1,20260629,2707,27,,2026-06-29 18:55:23
1127713,721X,1,20260629,2707,28,,2026-06-29 18:55:41
1127713,721X,1,20260629,2707,29,,2026-06-29 18:56:07
1127713,721X,1,20260629,2707,30,,2026-06-29 18:57:29
1127713,721X,1,20260629,2707,31,,2026-06-29 18:58:39
1127713,721X,1,20260629,2707,32,,2026-06-29 18:58:59
1127713,721X,1,20260629,2707,999,,2026-06-29 19:00:31
1127732,722,0,20260629,2598,1,,2026-06-29 18:29:00
1127732,722,0,20260629,2598,2,,2026-06-29 18:30:59
1127732,722,0,20260629,2598,3,,2026-06-29 18:32:07
1127732,722,0,20260629,2598,4,,2026-06-29 18:34:10
1127732,722,0,20260629,2598,5,,2026-06-29 18:35:00
1127732,722,0,20260629,2598,6,,2026-06-29 18:35:22
1127732,722,0,20260629,2598,7,,2026-06-29 18:36:03
1127732,722,0,20260629,2598,8,,2026-06-29 18:36:42
1127732,722,0,20260629,2598,9,,2026-06-29 18:37:09
1127732,722,0,20260629,2598,10,,2026-06-29 18:37:44
1127732,722,0,20260629,2598,11,,2026-06-29 18:38:22
1127732,722,0,20260629,2598,12,,2026-06-29 18:38:45
1127732,722,0,20260629,2598,13,,2026-06-29 18:39:30
1127732,722,0,20260629,2598,14,,2026-06-29 18:39:57
1127732,722,0,20260629,2598,15,,2026-06-29 18:40:29
1127732,722,0,20260629,2598,16,,2026-06-29 18:40:50
1127732,722,0,20260629,2598,17,,2026-06-29 18:41:43
1127732,722,0,20260629,2598,18,,2026-06-29 18:42:18
1127732,722,0,20260629,2598,19,,2026-06-29 18:42:44
1127732,722,0,20260629,2598,20,,2026-06-29 18:43:17
1127732,722,0,20260629,2598,21,,2026-06-29 18:43:43
1127732,722,0,20260629,2598,22,,2026-06-29 18:44:04
1127732,722,0,20260629,2598,23,,2026-06-29 18:44:27
1127732,722,0,20260629,2598,24,,2026-06-29 18:44:44
1127732,722,0,20260629,2598,25,,2026-06-29 18:45:04
1127732,722,0,20260629,2598,26,,2026-06-29 18:45:32
1127732,722,0,20260629,2598,27,,2026-06-29 18:45:58
1127732,722,0,20260629,2598,28,,2026-06-29 18:46:46
1127732,722,0,20260629,2598,29,,2026-06-29 18:47:07
1127732,722,0,20260629,2598,30,,2026-06-29 18:47:30
1127732,722,0,20260629,2598,31,,2026-06-29 18:48:10
1127732,722,0,20260629,2598,32,,2026-06-29 18:48:42
1127732,722,0,20260629,2598,33,,2026-06-29 18:49:10
1127732,722,0,20260629,2598,34,,2026-06-29 18:50:08
1127732,722,0,20260629,2598,35,,2026-06-29 18:50:55
1127732,722,0,20260629,2598,36,,2026-06-29 18:51:23
1127732,722,0,20260629,2598,37,,2026-06-29 18:52:08
1127732,722,0,20260629,2598,38,,2026-06-29 18:52:43
1127732,722,0,20260629,2598,39,,2026-06-29 18:53:40
1127732,722,0,20260629,2598,40,,2026-06-29 18:54:09
1127732,722,0,20260629,2598,999,,2026-06-29 18:55:00
1127734,722,0,20260629,2805,34,,2026-06-29 18:28:07
1127734,722,0,20260629,2805,35,,2026-06-29 18:28:48
1127734,722,0,20260629,2805,36,,2026-06-29 18:29:19
1127734,722,0,20260629,2805,37,,2026-06-29 18:29:45
1127734,722,0,20260629,2805,38,,2026-06-29 18:30:12
1127734,722,0,20260629,2805,39,,2026-06-29 18:30:54
1127734,722,0,20260629,2805,40,,2026-06-29 18:31:23
1127734,722,0,20260629,2805,999,,2026-06-29 18:32:41
1132320,BTANIC,0,20260629,2722,7,,2026-06-29 18:28:38
1132320,BTANIC,0,20260629,2722,8,,2026-06-29 18:29:52
1132320,BTANIC,0,20260629,2722,999,,2026-06-29 18:32:11
1132321,GLNELG,0,20260629,207,23,,2026-06-29 18:28:55
1132321,GLNELG,0,20260629,207,24,,2026-06-29 18:30:51
1132321,GLNELG,0,20260629,207,999,,2026-06-29 18:32:23
1132322,BTANIC,0,20260629,102,3,,2026-06-29 18:28:37
1132322,BTANIC,0,20260629,102,4,,2026-06-29 18:32:00
1132322,BTANIC,0,20260629,102,5,,2026-06-29 18:33:58
1132322,BTANIC,0,20260629,102,6,,2026-06-29 18:36:00
1132322,BTANIC,0,20260629,102,7,,2026-06-29 18:39:37
1132322,BTANIC,0,20260629,102,8,,2026-06-29 18:41:25
1132322,BTANIC,0,20260629,102,999,,2026-06-29 18:44:00
1132323,GLNELG,0,20260629,105,15,,2026-06-29 18:29:25
1132323,GLNELG,0,20260629,105,16,,2026-06-29 18:30:13
1132323,GLNELG,0,20260629,105,17,,2026-06-29 18:31:27
1132323,GLNELG,0,20260629,105,18,,2026-06-29 18:34:19
1132323,GLNELG,0,20260629,105,19,,2026-06-29 18:37:33
1132323,GLNELG,0,20260629,105,20,,2026-06-29 18:39:15
1132323,GLNELG,0,20260629,105,21,,2026-06-29 18:41:39
1132323,GLNELG,0,20260629,105,22,,2026-06-29 18:43:55
1132323,GLNELG,0,20260629,105,23,,2026-06-29 18:47:00
1132323,GLNELG,0,20260629,105,24,,2026-06-29 18:48:58
1132323,GLNELG,0,20260629,105,999,,2026-06-29 18:51:00
1132324,BTANIC,0,20260629,202,1,,2026-06-29 18:35:07
1132324,BTANIC,0,20260629,202,2,,2026-06-29 18:35:57
1132324,BTANIC,0,20260629,202,3,,2026-06-29 18:37:45
1132324,BTANIC,0,20260629,202,4,,2026-06-29 18:40:25
1132324,BTANIC,0,20260629,202,5,,2026-06-29 18:42:21
1132324,BTANIC,0,20260629,202,6,,2026-06-29 18:44:08
1132324,BTANIC,0,20260629,202,7,,2026-06-29 18:47:46
1132324,BTANIC,0,20260629,202,8,,2026-06-29 18:49:34
1132324,BTANIC,0,20260629,202,999,,2026-06-29 18:52:09
1132325,GLNELG,0,20260629,205,10,,2026-06-29 18:28:50
1132325,GLNELG,0,20260629,205,11,,2026-06-29 18:29:41
1132325,GLNELG,0,20260629,205,12,,2026-06-29 18:29:56
1132325,GLNELG,0,20260629,205,13,,2026-06-29 18:31:27
1132325,GLNELG,0,20260629,205,14,,2026-06-29 18:32:17
1132325,GLNELG,0,20260629,205,15,,2026-06-29 18:33:44
1132325,GLNELG,0,20260629,205,16,,2026-06-29 18:34:33
1132325,GLNELG,0,20260629,205,17,,2026-06-29 18:35:45
1132325,GLNELG,0,20260629,205,18,,2026-06-29 18:38:34
1132325,GLNELG,0,20260629,205,19,,2026-06-29 18:41:17
1132325,GLNELG,0,20260629,205,20,,2026-06-29 18:43:37
1132325,GLNELG,0,20260629,205,21,,2026-06-29 18:46:33
1132325,GLNELG,0,20260629,205,22,,2026-06-29 18:48:49
1132325,GLNELG,0,20260629,205,23,,2026-06-29 18:50:26
1132325,GLNELG,0,20260629,205,24,,2026-06-29 18:52:24
1132325,GLNELG,0,20260629,205,999,,2026-06-29 18:54:26
1132326,BTANIC,0,20260629,208,1,,2026-06-29 18:44:51
1132326,BTANIC,0,20260629,208,2,,2026-06-29 18:45:42
1132326,BTANIC,0,20260629,208,3,,2026-06-29 18:47:26
1132326,BTANIC,0,20260629,208,4,,2026-06-29 18:50:50
1132326,BTANIC,0,20260629,208,5,,2026-06-29 18:52:48
1132326,BTANIC,0,20260629,208,6,,2026-06-29 18:54:50
1132326,BTANIC,0,20260629,208,7,,2026-06-29 18:58:27
1132327,GLNELG,0,20260629,108,5,,2026-06-29 18:29:56
1132327,GLNELG,0,20260629,108,6,,2026-06-29 18:31:46
1132327,GLNELG,0,20260629,108,7,,2026-06-29 18:32:45
1132327,GLNELG,0,20260629,108,8,,2026-06-29 18:34:09
1132327,GLNELG,0,20260629,108,9,,2026-06-29 18:34:57
1132327,GLNELG,0,20260629,108,10,,2026-06-29 18:35:46
1132327,GLNELG,0,20260629,108,11,,2026-06-29 18:36:36
1132327,GLNELG,0,20260629,108,12,,2026-06-29 18:37:21
1132327,GLNELG,0,20260629,108,13,,2026-06-29 18:38:25
1132327,GLNELG,0,20260629,108,14,,2026-06-29 18:39:19
1132327,GLNELG,0,20260629,108,15,,2026-06-29 18:40:46
1132327,GLNELG,0,20260629,108,16,,2026-06-29 18:41:38
1132327,GLNELG,0,20260629,108,17,,2026-06-29 18:43:51
1132327,GLNELG,0,20260629,108,18,,2026-06-29 18:45:24
1132327,GLNELG,0,20260629,108,19,,2026-06-29 18:48:05
1132327,GLNELG,0,20260629,108,20,,2026-06-29 18:51:35
1132328,BTANIC,0,20260629,115,1,,2026-06-29 18:54:00
1132328,BTANIC,0,20260629,115,2,,2026-06-29 18:56:07
1132328,BTANIC,0,20260629,115,3,,2026-06-29 18:58:37
1132328,BTANIC,0,20260629,115,4,,2026-06-29 19:02:00
1132331,GLNELG,0,20260629,112,1,,2026-06-29 18:41:32
1132331,GLNELG,0,20260629,112,2,,2026-06-29 18:42:28
1132331,GLNELG,0,20260629,112,3,,2026-06-29 18:44:26
1132331,GLNELG,0,20260629,112,4,,2026-06-29 18:45:58
1132331,GLNELG,0,20260629,112,5,,2026-06-29 18:49:14
1132331,GLNELG,0,20260629,112,6,,2026-06-29 18:51:14
1132331,GLNELG,0,20260629,112,7,,2026-06-29 18:52:41
1132331,GLNELG,0,20260629,112,8,,2026-06-29 18:54:14
1132331,GLNELG,0,20260629,112,9,,2026-06-29 18:55:34
1132331,GLNELG,0,20260629,112,10,,2026-06-29 18:56:49
1132331,GLNELG,0,20260629,112,11,,2026-06-29 18:58:05
1132331,GLNELG,0,20260629,112,12,,2026-06-29 18:59:14
1132531,GLNELG,1,20260629,101,27,,2026-06-29 18:29:57
1132531,GLNELG,1,20260629,101,999,,2026-06-29 18:32:19
1132533,GLNELG,1,20260629,107,21,,2026-06-29 18:29:19
1132533,GLNELG,1,20260629,107,22,,2026-06-29 18:31:06
1132533,GLNELG,1,20260629,107,23,,2026-06-29 18:32:08
1132533,GLNELG,1,20260629,107,24,,2026-06-29 18:34:23
1132533,GLNELG,1,20260629,107,999,,2026-06-29 18:36:32
1132537,GLNELG,1,20260629,101,9,,2026-06-29 18:30:10
1132537,GLNELG,1,20260629,101,10,,2026-06-29 18:31:32
1132537,GLNELG,1,20260629,101,11,,2026-06-29 18:32:29
1132537,GLNELG,1,20260629,101,12,,2026-06-29 18:34:08
1132537,GLNELG,1,20260629,101,13,,2026-06-29 18:35:01
1132537,GLNELG,1,20260629,101,14,,2026-06-29 18:35:53
1132537,GLNELG,1,20260629,101,15,,2026-06-29 18:37:13
1132537,GLNELG,1,20260629,101,16,,2026-06-29 18:38:33
1132537,GLNELG,1,20260629,101,17,,2026-06-29 18:39:09
1132537,GLNELG,1,20260629,101,18,,2026-06-29 18:40:32
1132537,GLNELG,1,20260629,101,19,,2026-06-29 18:41:53
1132537,GLNELG,1,20260629,101,20,,2026-06-29 18:43:15
1132537,GLNELG,1,20260629,101,21,,2026-06-29 18:45:22
1132537,GLNELG,1,20260629,101,22,,2026-06-29 18:48:07
1132537,GLNELG,1,20260629,101,23,,2026-06-29 18:49:41
1132537,GLNELG,1,20260629,101,24,,2026-06-29 18:50:46
1132537,GLNELG,1,20260629,101,999,,2026-06-29 18:52:23
1132538,BTANIC,1,20260629,209,7,,2026-06-29 18:28:05
1132538,BTANIC,1,20260629,209,8,,2026-06-29 18:29:50
1132538,BTANIC,1,20260629,209,999,,2026-06-29 18:31:55
1132539,GLNELG,1,20260629,205,4,,2026-06-29 18:30:17
1132539,GLNELG,1,20260629,205,5,,2026-06-29 18:31:23
1132539,GLNELG,1,20260629,205,6,,2026-06-29 18:33:24
1132539,GLNELG,1,20260629,205,7,,2026-06-29 18:35:40
1132539,GLNELG,1,20260629,205,8,,2026-06-29 18:38:11
1132539,GLNELG,1,20260629,205,9,,2026-06-29 18:40:34
1132539,GLNELG,1,20260629,205,10,,2026-06-29 18:41:55
1132539,GLNELG,1,20260629,205,11,,2026-06-29 18:42:50
1132539,GLNELG,1,20260629,205,12,,2026-06-29 18:44:32
1132539,GLNELG,1,20260629,205,13,,2026-06-29 18:45:44
1132539,GLNELG,1,20260629,205,14,,2026-06-29 18:47:01
1132539,GLNELG,1,20260629,205,15,,2026-06-29 18:47:52
1132539,GLNELG,1,20260629,205,16,,2026-06-29 18:49:06
1132539,GLNELG,1,20260629,205,17,,2026-06-29 18:49:46
1132539,GLNELG,1,20260629,205,18,,2026-06-29 18:51:01
1132539,GLNELG,1,20260629,205,19,,2026-06-29 18:52:52
1132539,GLNELG,1,20260629,205,20,,2026-06-29 18:55:01
1132540,BTANIC,1,20260629,114,4,,2026-06-29 18:31:18
1132540,BTANIC,1,20260629,114,5,,2026-06-29 18:32:46
1132540,BTANIC,1,20260629,114,6,,2026-06-29 18:34:57
1132540,BTANIC,1,20260629,114,7,,2026-06-29 18:37:55
1132540,BTANIC,1,20260629,114,8,,2026-06-29 18:39:49
1132540,BTANIC,1,20260629,114,999,,2026-06-29 18:41:51
1132541,GLNELG,1,20260629,108,1,,2026-06-29 18:31:00
1132541,GLNELG,1,20260629,108,2,,2026-06-29 18:33:00
1132541,GLNELG,1,20260629,108,3,,2026-06-29 18:35:00
1132541,GLNELG,1,20260629,108,4,,2026-06-29 18:36:42
1132541,GLNELG,1,20260629,108,5,,2026-06-29 18:38:57
1132541,GLNELG,1,20260629,108,6,,2026-06-29 18:41:55
1132541,GLNELG,1,20260629,108,7,,2026-06-29 18:45:14
1132541,GLNELG,1,20260629,108,8,,2026-06-29 18:48:00
1132541,GLNELG,1,20260629,108,9,,2026-06-29 18:49:32
1132541,GLNELG,1,20260629,108,10,,2026-06-29 18:51:42
1132541,GLNELG,1,20260629,108,11,,2026-06-29 18:53:10
1132541,GLNELG,1,20260629,108,12,,2026-06-29 18:55:32
1132541,GLNELG,1,20260629,108,13,,2026-06-29 18:56:43
1132541,GLNELG,1,20260629,108,14,,2026-06-29 18:58:00
1132541,GLNELG,1,20260629,108,15,,2026-06-29 18:58:51
1132541,GLNELG,1,20260629,108,16,,2026-06-29 19:00:05
1132541,GLNELG,1,20260629,108,17,,2026-06-29 19:00:45
1132541,GLNELG,1,20260629,108,18,,2026-06-29 19:02:00
1132542,BTANIC,1,20260629,106,1,,2026-06-29 18:31:00
1132542,BTANIC,1,20260629,106,2,,2026-06-29 18:33:27
1132542,BTANIC,1,20260629,106,3,,2026-06-29 18:35:22
1132542,BTANIC,1,20260629,106,4,,2026-06-29 18:39:00
1132542,BTANIC,1,20260629,106,5,,2026-06-29 18:41:00
1132542,BTANIC,1,20260629,106,6,,2026-06-29 18:43:00
1132542,BTANIC,1,20260629,106,7,,2026-06-29 18:46:27
1132542,BTANIC,1,20260629,106,8,,2026-06-29 18:48:54
1132542,BTANIC,1,20260629,106,999,,2026-06-29 18:51:00
1132543,GLNELG,1,20260629,112,1,,2026-06-29 18:41:00
1132543,GLNELG,1,20260629,112,2,,2026-06-29 18:42:05
1132543,GLNELG,1,20260629,112,3,,2026-06-29 18:44:06
1132543,GLNELG,1,20260629,112,4,,2026-06-29 18:46:40
1132543,GLNELG,1,20260629,112,5,,2026-06-29 18:47:49
1132543,GLNELG,1,20260629,112,6,,2026-06-29 18:50:48
1132543,GLNELG,1,20260629,112,7,,2026-06-29 18:54:07
1132543,GLNELG,1,20260629,112,8,,2026-06-29 18:56:53
1132543,GLNELG,1,20260629,112,9,,2026-06-29 18:58:25
1132544,BTANIC,1,20260629,102,1,,2026-06-29 18:41:00
1132544,BTANIC,1,20260629,102,2,,2026-06-29 18:42:36
1132544,BTANIC,1,20260629,102,3,,2026-06-29 18:43:55
1132544,BTANIC,1,20260629,102,4,,2026-06-29 18:47:34
1132544,BTANIC,1,20260629,102,5,,2026-06-29 18:49:34
1132544,BTANIC,1,20260629,102,6,,2026-06-29 18:51:34
1132544,BTANIC,1,20260629,102,7,,2026-06-29 18:55:01
1132544,BTANIC,1,20260629,102,8,,2026-06-29 18:57:28
1133872,106,1,20260629,207,1,,2026-06-29 18:37:00
1133872,106,1,20260629,207,2,,2026-06-29 18:37:21
1133872,106,1,20260629,207,3,,2026-06-29 18:38:36
1133872,106,1,20260629,207,4,,2026-06-29 18:39:13
1133872,106,1,20260629,207,5,,2026-06-29 18:39:55
1133872,106,1,20260629,207,6,,2026-06-29 18:42:00
1133872,106,1,20260629,207,7,,2026-06-29 18:43:12
1133872,106,1,20260629,207,8,,2026-06-29 18:45:12
1133872,106,1,20260629,207,9,,2026-06-29 18:50:15
1133872,106,1,20260629,207,10,,2026-06-29 18:53:12
1133872,106,1,20260629,207,11,,2026-06-29 18:54:35
1133872,106,1,20260629,207,12,,2026-06-29 18:55:31
1133872,106,1,20260629,207,13,,2026-06-29 18:56:24
1133872,106,1,20260629,207,14,,2026-06-29 18:57:35
1133881,106,0,20260629,1089,11,,2026-06-29 18:28:24
1133881,106,0,20260629,1089,12,,2026-06-29 18:28:46
1133881,106,0,20260629,1089,13,,2026-06-29 18:29:50
1133881,106,0,20260629,1089,14,,2026-06-29 18:30:24
1133881,106,0,20260629,1089,15,,2026-06-29 18:30:47
1133881,106,0,20260629,1089,16,,2026-06-29 18:31:13
1133881,106,0,20260629,1089,17,,2026-06-29 18:31:38
1133881,106,0,20260629,1089,18,,2026-06-29 18:33:03
1133881,106,0,20260629,1089,19,,2026-06-29 18:33:09
1133881,106,0,20260629,1089,20,,2026-06-29 18:33:47
1133881,106,0,20260629,1089,21,,2026-06-29 18:34:32
1133881,106,0,20260629,1089,22,,2026-06-29 18:35:19
1133881,106,0,20260629,1089,23,,2026-06-29 18:36:33
1133881,106,0,20260629,1089,24,,2026-06-29 18:37:03
1133881,106,0,20260629,1089,999,,2026-06-29 18:37:58
1133906,106,1,20260629,5760,8,,2026-06-29 18:28:42
1133906,106,1,20260629,5760,9,,2026-06-29 18:32:04
1133906,106,1,20260629,5760,10,,2026-06-29 18:35:38
1133906,106,1,20260629,5760,11,,2026-06-29 18:36:50
1133906,106,1,20260629,5760,12,,2026-06-29 18:37:39
1133906,106,1,20260629,5760,13,,2026-06-29 18:38:27
1133906,106,1,20260629,5760,14,,2026-06-29 18:39:31
1133906,106,1,20260629,5760,15,,2026-06-29 18:40:25
1133906,106,1,20260629,5760,16,,2026-06-29 18:41:09
1133906,106,1,20260629,5760,17,,2026-06-29 18:42:07
1133906,106,1,20260629,5760,18,,2026-06-29 18:42:37
1133906,106,1,20260629,5760,19,,2026-06-29 18:44:46
1133906,106,1,20260629,5760,20,,2026-06-29 18:45:20
1133906,106,1,20260629,5760,21,,2026-06-29 18:45:53
1133906,106,1,20260629,5760,22,,2026-06-29 18:46:30
1133906,106,1,20260629,5760,23,,2026-06-29 18:47:12
1133906,106,1,20260629,5760,24,,2026-06-29 18:48:04
1133906,106,1,20260629,5760,25,,2026-06-29 18:48:40
1133906,106,1,20260629,5760,26,,2026-06-29 18:49:37
1133906,106,1,20260629,5760,27,,2026-06-29 18:50:26
1133906,106,1,20260629,5760,28,,2026-06-29 18:51:36
1133906,106,1,20260629,5760,29,,2026-06-29 18:52:45
1133906,106,1,20260629,5760,30,,2026-06-29 18:53:33
1133906,106,1,20260629,5760,31,,2026-06-29 18:54:14
1133906,106,1,20260629,5760,32,,2026-06-29 18:54:50
1133906,106,1,20260629,5760,33,,2026-06-29 18:55:40
1133906,106,1,20260629,5760,34,,2026-06-29 18:56:30
1133906,106,1,20260629,5760,999,,2026-06-29 18:57:29
1133911,106,1,20260629,1175,19,,2026-06-29 18:28:50
1133911,106,1,20260629,1175,20,,2026-06-29 18:29:26
1133911,106,1,20260629,1175,21,,2026-06-29 18:29:56
1133911,106,1,20260629,1175,22,,2026-06-29 18:30:34
1133911,106,1,20260629,1175,23,,2026-06-29 18:31:20
1133911,106,1,20260629,1175,24,,2026-06-29 18:32:56
1133911,106,1,20260629,1175,25,,2026-06-29 18:33:28
1133911,106,1,20260629,1175,26,,2026-06-29 18:34:19
1133911,106,1,20260629,1175,27,,2026-06-29 18:34:54
1133911,106,1,20260629,1175,28,,2026-06-29 18:35:48
1133911,106,1,20260629,1175,29,,2026-06-29 18:37:32
1133911,106,1,20260629,1175,30,,2026-06-29 18:38:06
1133911,106,1,20260629,1175,31,,2026-06-29 18:38:55
1133911,106,1,20260629,1175,32,,2026-06-29 18:39:35
1133911,106,1,20260629,1175,33,,2026-06-29 18:40:13
1133911,106,1,20260629,1175,34,,2026-06-29 18:40:53
1133911,106,1,20260629,1175,999,,2026-06-29 18:41:37
1133933,106,1,20260629,1376,1,,2026-06-29 19:06:00
1133933,106,1,20260629,1376,2,,2026-06-29 19:06:53
1134000,167,1,20260629,1529,13,,2026-06-29 18:28:40
1134000,167,1,20260629,1529,14,,2026-06-29 18:44:06
1134000,167,1,20260629,1529,15,,2026-06-29 18:45:00
1134000,167,1,20260629,1529,16,,2026-06-29 18:45:33
1134000,167,1,20260629,1529,17,,2026-06-29 18:46:00
1134000,167,1,20260629,1529,18,,2026-06-29 18:46:53
1134000,167,1,20260629,1529,19,,2026-06-29 18:47:25
1134000,167,1,20260629,1529,20,,2026-06-29 18:47:52
1134000,167,1,20260629,1529,21,,2026-06-29 18:48:50
1134000,167,1,20260629,1529,22,,2026-06-29 18:49:49
1134000,167,1,20260629,1529,23,,2026-06-29 18:50:31
1134000,167,1,20260629,1529,24,,2026-06-29 18:51:20
1134000,167,1,20260629,1529,25,,2026-06-29 18:51:45
1134000,167,1,20260629,1529,26,,2026-06-29 18:52:14
1134000,167,1,20260629,1529,27,,2026-06-29 18:53:10
1134000,167,1,20260629,1529,28,,2026-06-29 18:53:56
1134000,167,1,20260629,1529,29,,2026-06-29 18:54:49
1134000,167,1,20260629,1529,30,,2026-06-29 18:55:34
1134000,167,1,20260629,1529,31,,2026-06-29 18:56:33
1134000,167,1,20260629,1529,32,,2026-06-29 18:57:25
1134005,167,1,20260629,5840,1,,2026-06-29 18:39:00
1134005,167,1,20260629,5840,2,,2026-06-29 18:40:09
1134005,167,1,20260629,5840,3,,2026-06-29 18:42:02
1134005,167,1,20260629,5840,4,,2026-06-29 18:45:03
1134005,167,1,20260629,5840,5,,2026-06-29 18:46:29
1134005,167,1,20260629,5840,6,,2026-06-29 18:48:26
1134005,167,1,20260629,5840,7,,2026-06-29 18:49:08
1134005,167,1,20260629,5840,8,,2026-06-29 18:50:26
1134005,167,1,20260629,5840,9,,2026-06-29 18:51:25
1134005,167,1,20260629,5840,10,,2026-06-29 18:52:27
1134005,167,1,20260629,5840,11,,2026-06-29 18:54:26
1134005,167,1,20260629,5840,12,,2026-06-29 18:55:58
1134005,167,1,20260629,5840,13,,2026-06-29 18:57:05
1134014,167,1,20260629,5760,46,,2026-06-29 18:28:44
1134014,167,1,20260629,5760,47,,2026-06-29 18:29:33
1134014,167,1,20260629,5760,48,,2026-06-29 18:30:16
1134014,167,1,20260629,5760,49,,2026-06-29 18:31:37
1134014,167,1,20260629,5760,999,,2026-06-29 18:33:46
1134025,167,0,20260629,1972,1,,2026-06-29 18:37:00
1134025,167,0,20260629,1972,2,,2026-06-29 18:38:50
1134025,167,0,20260629,1972,3,,2026-06-29 18:39:27
1134025,167,0,20260629,1972,4,,2026-06-29 18:40:30
1134025,167,0,20260629,1972,5,,2026-06-29 18:41:15
1134025,167,0,20260629,1972,6,,2026-06-29 18:41:39
1134025,167,0,20260629,1972,7,,2026-06-29 18:42:08
1134025,167,0,20260629,1972,8,,2026-06-29 18:42:34
1134025,167,0,20260629,1972,9,,2026-06-29 18:42:57
1134025,167,0,20260629,1972,10,,2026-06-29 18:43:28
1134025,167,0,20260629,1972,11,,2026-06-29 18:43:57
1134025,167,0,20260629,1972,12,,2026-06-29 18:44:37
1134025,167,0,20260629,1972,13,,2026-06-29 18:45:25
1134025,167,0,20260629,1972,14,,2026-06-29 18:46:16
1134025,167,0,20260629,1972,15,,2026-06-29 18:46:52
1134025,167,0,20260629,1972,16,,2026-06-29 18:47:24
1134025,167,0,20260629,1972,17,,2026-06-29 18:48:05
1134025,167,0,20260629,1972,18,,2026-06-29 18:48:50
1134025,167,0,20260629,1972,19,,2026-06-29 18:49:09
1134025,167,0,20260629,1972,20,,2026-06-29 18:50:00
1134025,167,0,20260629,1972,21,,2026-06-29 18:50:49
1134025,167,0,20260629,1972,22,,2026-06-29 18:51:27
1134025,167,0,20260629,1972,23,,2026-06-29 18:52:01
1134025,167,0,20260629,1972,24,,2026-06-29 18:52:45
1134025,167,0,20260629,1972,25,,2026-06-29 18:53:33
1134025,167,0,20260629,1972,26,,2026-06-29 18:54:54
1134025,167,0,20260629,1972,27,,2026-06-29 18:55:10
1134025,167,0,20260629,1972,28,,2026-06-29 18:55:23
1134025,167,0,20260629,1972,29,,2026-06-29 18:55:43
1134025,167,0,20260629,1972,30,,2026-06-29 18:56:06
1134025,167,0,20260629,1972,31,,2026-06-29 18:56:45
1134025,167,0,20260629,1972,32,,2026-06-29 18:57:22
1134025,167,0,20260629,1972,33,,2026-06-29 18:57:54
1134025,167,0,20260629,1972,34,,2026-06-29 18:59:00
1134025,167,0,20260629,1972,35,,2026-06-29 18:59:47
1134025,167,0,20260629,1972,36,,2026-06-29 19:00:34
1134025,167,0,20260629,1972,37,,2026-06-29 19:01:01
1134025,167,0,20260629,1972,38,,2026-06-29 19:02:50
1134025,167,0,20260629,1972,39,,2026-06-29 19:03:50
1134025,167,0,20260629,1972,40,,2026-06-29 19:05:14
1134025,167,0,20260629,1972,999,,2026-06-29 19:05:55
1134062,168,0,20260629,1529,29,,2026-06-29 18:28:06
1134062,168,0,20260629,1529,30,,2026-06-29 18:28:32
1134062,168,0,20260629,1529,31,,2026-06-29 18:29:20
1134062,168,0,20260629,1529,32,,2026-06-29 18:30:11
1134062,168,0,20260629,1529,33,,2026-06-29 18:31:07
1134062,168,0,20260629,1529,34,,2026-06-29 18:31:39
1134062,168,0,20260629,1529,35,,2026-06-29 18:32:17
1134062,168,0,20260629,1529,36,,2026-06-29 18:33:05
1134062,168,0,20260629,1529,37,,2026-06-29 18:33:27
1134062,168,0,20260629,1529,38,,2026-06-29 18:34:47
1134062,168,0,20260629,1529,39,,2026-06-29 18:35:03
1134062,168,0,20260629,1529,40,,2026-06-29 18:36:25
1134062,168,0,20260629,1529,999,,2026-06-29 18:37:13
1134063,168,0,20260629,1089,1,,2026-06-29 19:07:00
1134063,168,0,20260629,1089,2,,2026-06-29 19:08:16
1134063,168,0,20260629,1089,3,,2026-06-29 19:08:53
1134063,168,0,20260629,1089,4,,2026-06-29 19:09:29
1134063,168,0,20260629,1089,5,,2026-06-29 19:10:31
1134063,168,0,20260629,1089,6,,2026-06-29 19:11:16
1134063,168,0,20260629,1089,7,,2026-06-29 19:11:40
1134063,168,0,20260629,1089,8,,2026-06-29 19:12:09
1134063,168,0,20260629,1089,9,,2026-06-29 19:12:35
1134063,168,0,20260629,1089,10,,2026-06-29 19:12:58
1134063,168,0,20260629,1089,11,,2026-06-29 19:13:29
1134063,168,0,20260629,1089,12,,2026-06-29 19:13:57
1134063,168,0,20260629,1089,13,,2026-06-29 19:14:37
1134063,168,0,20260629,1089,14,,2026-06-29 19:15:24
1134063,168,0,20260629,1089,15,,2026-06-29 19:16:15
1134063,168,0,20260629,1089,16,,2026-06-29 19:16:51
1134063,168,0,20260629,1089,17,,2026-06-29 19:17:23
1134063,168,0,20260629,1089,18,,2026-06-29 19:18:04
1134063,168,0,20260629,1089,19,,2026-06-29 19:18:49
1134063,168,0,20260629,1089,20,,2026-06-29 19:19:08
1134063,168,0,20260629,1089,21,,2026-06-29 19:20:00
1134063,168,0,20260629,1089,22,,2026-06-29 19:20:50
1134063,168,0,20260629,1089,23,,2026-06-29 19:21:28
1134063,168,0,20260629,1089,24,,2026-06-29 19:22:05
1134063,168,0,20260629,1089,25,,2026-06-29 19:22:42
1134063,168,0,20260629,1089,26,,2026-06-29 19:23:37
1134063,168,0,20260629,1089,27,,2026-06-29 19:24:07
1134063,168,0,20260629,1089,28,,2026-06-29 19:24:45
1134063,168,0,20260629,1089,29,,2026-06-29 19:25:30
1134063,168,0,20260629,1089,30,,2026-06-29 19:26:01
1134063,168,0,20260629,1089,31,,2026-06-29 19:26:53
1134063,168,0,20260629,1089,32,,2026-06-29 19:27:30
1134063,168,0,20260629,1089,33,,2026-06-29 19:28:00
1134107,168,1,20260629,1948,28,,2026-06-29 18:28:43
1134107,168,1,20260629,1948,29,,2026-06-29 18:29:17
1134107,168,1,20260629,1948,30,,2026-06-29 18:30:08
1134107,168,1,20260629,1948,31,,2026-06-29 18:30:40
1134107,168,1,20260629,1948,32,,2026-06-29 18:31:08
1134107,168,1,20260629,1948,33,,2026-06-29 18:32:05
1134107,168,1,20260629,1948,34,,2026-06-29 18:32:54
1134107,168,1,20260629,1948,35,,2026-06-29 18:33:33
1134107,168,1,20260629,1948,36,,2026-06-29 18:34:01
1134107,168,1,20260629,1948,37,,2026-06-29 18:34:40
1134107,168,1,20260629,1948,38,,2026-06-29 18:35:21
1134107,168,1,20260629,1948,39,,2026-06-29 18:36:15
1134107,168,1,20260629,1948,40,,2026-06-29 18:36:53
1134107,168,1,20260629,1948,41,,2026-06-29 18:37:24
1134107,168,1,20260629,1948,42,,2026-06-29 18:38:12
1134107,168,1,20260629,1948,43,,2026-06-29 18:38:53
1134107,168,1,20260629,1948,44,,2026-06-29 18:39:28
1134107,168,1,20260629,1948,45,,2026-06-29 18:40:00
1134107,168,1,20260629,1948,46,,2026-06-29 18:40:58
1134107,168,1,20260629,1948,47,,2026-06-29 18:43:03
1134107,168,1,20260629,1948,48,,2026-06-29 18:43:38
1134107,168,1,20260629,1948,49,,2026-06-29 18:44:26
1134107,168,1,20260629,1948,50,,2026-06-29 18:45:32
1134107,168,1,20260629,1948,999,,2026-06-29 18:47:12
1134115,168,1,20260629,5751,3,,2026-06-29 18:28:30
1134115,168,1,20260629,5751,4,,2026-06-29 18:30:37
1134115,168,1,20260629,5751,5,,2026-06-29 18:32:44
1134115,168,1,20260629,5751,6,,2026-06-29 18:34:59
1134115,168,1,20260629,5751,7,,2026-06-29 18:35:40
1134115,168,1,20260629,5751,8,,2026-06-29 18:37:18
1134115,168,1,20260629,5751,9,,2026-06-29 18:38:03
1134115,168,1,20260629,5751,10,,2026-06-29 18:38:38
1134115,168,1,20260629,5751,11,,2026-06-29 18:40:11
1134115,168,1,20260629,5751,12,,2026-06-29 18:41:40
1134115,168,1,20260629,5751,13,,2026-06-29 18:42:23
1134115,168,1,20260629,5751,14,,2026-06-29 18:43:32
1134115,168,1,20260629,5751,15,,2026-06-29 18:45:01
1134115,168,1,20260629,5751,16,,2026-06-29 18:45:40
1134115,168,1,20260629,5751,17,,2026-06-29 18:46:10
1134115,168,1,20260629,5751,18,,2026-06-29 18:47:02
1134115,168,1,20260629,5751,19,,2026-06-29 18:53:22
1134115,168,1,20260629,5751,20,,2026-06-29 18:55:12
1134115,168,1,20260629,5751,21,,2026-06-29 18:56:11
1134115,168,1,20260629,5751,22,,2026-06-29 18:57:12
1134115,168,1,20260629,5751,23,,2026-06-29 18:57:58
1134115,168,1,20260629,5751,24,,2026-06-29 18:58:52
1134115,168,1,20260629,5751,25,,2026-06-29 18:59:39
1134115,168,1,20260629,5751,26,,2026-06-29 19:00:05
1134115,168,1,20260629,5751,27,,2026-06-29 19:00:56
1134115,168,1,20260629,5751,28,,2026-06-29 19:01:50
1134115,168,1,20260629,5751,29,,2026-06-29 19:02:25
1134115,168,1,20260629,5751,30,,2026-06-29 19:02:51
1134115,168,1,20260629,5751,31,,2026-06-29 19:03:51
1134115,168,1,20260629,5751,32,,2026-06-29 19:04:45
1134273,196F,1,20260629,1235,58,,2026-06-29 18:28:19
1134273,196F,1,20260629,1235,59,,2026-06-29 18:28:57
1134273,196F,1,20260629,1235,999,,2026-06-29 18:29:12
1134274,196F,1,20260629,5829,31,,2026-06-29 18:29:55
1134274,196F,1,20260629,5829,32,,2026-06-29 18:30:56
1134274,196F,1,20260629,5829,33,,2026-06-29 18:31:44
1134274,196F,1,20260629,5829,34,,2026-06-29 18:32:45
1134274,196F,1,20260629,5829,35,,2026-06-29 18:33:24
1134274,196F,1,20260629,5829,36,,2026-06-29 18:34:07
1134274,196F,1,20260629,5829,37,,2026-06-29 18:35:18
1134274,196F,1,20260629,5829,38,,2026-06-29 18:35:42
1134274,196F,1,20260629,5829,39,,2026-06-29 18:36:08
1134274,196F,1,20260629,5829,40,,2026-06-29 18:36:30
1134274,196F,1,20260629,5829,41,,2026-06-29 18:36:48
1134274,196F,1,20260629,5829,42,,2026-06-29 18:37:13
1134274,196F,1,20260629,5829,43,,2026-06-29 18:37:44
1134274,196F,1,20260629,5829,44,,2026-06-29 18:38:34
1134274,196F,1,20260629,5829,45,,2026-06-29 18:39:22
1134274,196F,1,20260629,5829,46,,2026-06-29 18:40:13
1134274,196F,1,20260629,5829,47,,2026-06-29 18:40:25
1134274,196F,1,20260629,5829,48,,2026-06-29 18:41:04
1134274,196F,1,20260629,5829,49,,2026-06-29 18:41:55
1134274,196F,1,20260629,5829,50,,2026-06-29 18:42:43
1134274,196F,1,20260629,5829,51,,2026-06-29 18:43:02
1134274,196F,1,20260629,5829,52,,2026-06-29 18:43:27
1134274,196F,1,20260629,5829,53,,2026-06-29 18:44:10
1134274,196F,1,20260629,5829,54,,2026-06-29 18:44:54
1134274,196F,1,20260629,5829,55,,2026-06-29 18:45:46
1134274,196F,1,20260629,5829,56,,2026-06-29 18:46:22
1134274,196F,1,20260629,5829,57,,2026-06-29 18:47:04
1134274,196F,1,20260629,5829,58,,2026-06-29 18:48:29
1134274,196F,1,20260629,5829,59,,2026-06-29 18:48:41
1134274,196F,1,20260629,5829,999,,2026-06-29 18:49:25
1134433,251,1,20260629,5834,1,,2026-06-29 18:29:00
1134433,251,1,20260629,5834,2,,2026-06-29 18:30:13
1134433,251,1,20260629,5834,3,,2026-06-29 18:32:51
1134433,251,1,20260629,5834,4,,2026-06-29 18:34:32
1134433,251,1,20260629,5834,5,,2026-06-29 18:35:40
1134433,251,1,20260629,5834,6,,2026-06-29 18:36:50
1134433,251,1,20260629,5834,7,,2026-06-29 18:37:24
1134433,251,1,20260629,5834,8,,2026-06-29 18:38:51
1134433,251,1,20260629,5834,9,,2026-06-29 18:40:00
1134433,251,1,20260629,5834,10,,2026-06-29 18:40:34
1134433,251,1,20260629,5834,11,,2026-06-29 18:43:13
1134433,251,1,20260629,5834,12,,2026-06-29 18:43:55
1134433,251,1,20260629,5834,13,,2026-06-29 18:45:09
1134433,251,1,20260629,5834,14,,2026-06-29 18:46:11
1134433,251,1,20260629,5834,15,,2026-06-29 18:47:26
1134433,251,1,20260629,5834,16,,2026-06-29 18:48:23
1134433,251,1,20260629,5834,17,,2026-06-29 18:49:06
1134433,251,1,20260629,5834,18,,2026-06-29 18:49:47
1134433,251,1,20260629,5834,19,,2026-06-29 18:50:48
1134433,251,1,20260629,5834,20,,2026-06-29 18:51:28
1134433,251,1,20260629,5834,21,,2026-06-29 18:52:11
1134433,251,1,20260629,5834,22,,2026-06-29 18:52:49
1134433,251,1,20260629,5834,23,,2026-06-29 18:53:33
1134433,251,1,20260629,5834,24,,2026-06-29 18:55:00
1134433,251,1,20260629,5834,25,,2026-06-29 18:55:27
1134433,251,1,20260629,5834,26,,2026-06-29 18:56:05
1134433,251,1,20260629,5834,27,,2026-06-29 18:57:10
1134433,251,1,20260629,5834,28,,2026-06-29 18:57:52
1134433,251,1,20260629,5834,29,,2026-06-29 18:58:26
1134433,251,1,20260629,5834,30,,2026-06-29 18:59:19
1134436,251,1,20260629,1262,22,,2026-06-29 18:28:42
1134436,251,1,20260629,1262,23,,2026-06-29 18:29:18
1134436,251,1,20260629,1262,24,,2026-06-29 18:30:20
1134436,251,1,20260629,1262,25,,2026-06-29 18:31:18
1134436,251,1,20260629,1262,26,,2026-06-29 18:32:20
1134436,251,1,20260629,1262,27,,2026-06-29 18:33:02
1134436,251,1,20260629,1262,28,,2026-06-29 18:33:35
1134436,251,1,20260629,1262,29,,2026-06-29 18:34:20
1134436,251,1,20260629,1262,30,,2026-06-29 18:34:56
1134436,251,1,20260629,1262,31,,2026-06-29 18:35:31
1134436,251,1,20260629,1262,32,,2026-06-29 18:35:45
1134436,251,1,20260629,1262,33,,2026-06-29 18:36:22
1134436,251,1,20260629,1262,34,,2026-06-29 18:38:49
1134436,251,1,20260629,1262,35,,2026-06-29 18:40:33
1134436,251,1,20260629,1262,36,,2026-06-29 18:41:25
1134436,251,1,20260629,1262,37,,2026-06-29 18:41:46
1134436,251,1,20260629,1262,38,,2026-06-29 18:42:24
1134436,251,1,20260629,1262,39,,2026-06-29 18:43:51
1134436,251,1,20260629,1262,40,,2026-06-29 18:44:45
1134436,251,1,20260629,1262,41,,2026-06-29 18:45:48
1134436,251,1,20260629,1262,42,,2026-06-29 18:46:45
1134436,251,1,20260629,1262,43,,2026-06-29 18:47:35
1134436,251,1,20260629,1262,999,,2026-06-29 18:49:06
1134441,251,1,20260629,1065,43,,2026-06-29 18:28:45
1134441,251,1,20260629,1065,999,,2026-06-29 18:29:53
1134447,251,1,20260629,281,40,,2026-06-29 18:28:06
1134447,251,1,20260629,281,41,,2026-06-29 18:28:47
1134447,251,1,20260629,281,42,,2026-06-29 18:29:43
1134447,251,1,20260629,281,43,,2026-06-29 18:30:34
1134447,251,1,20260629,281,999,,2026-06-29 18:31:45
1134502,251A,0,20260629,1036,1,,2026-06-29 18:38:00
1134502,251A,0,20260629,1036,2,,2026-06-29 18:39:25
1134502,251A,0,20260629,1036,3,,2026-06-29 18:40:04
1134502,251A,0,20260629,1036,4,,2026-06-29 18:40:57
1134502,251A,0,20260629,1036,5,,2026-06-29 18:41:32
1134502,251A,0,20260629,1036,6,,2026-06-29 18:41:39
1134502,251A,0,20260629,1036,7,,2026-06-29 18:42:32
1134502,251A,0,20260629,1036,8,,2026-06-29 18:43:37
1134502,251A,0,20260629,1036,9,,2026-06-29 18:44:18
1134502,251A,0,20260629,1036,10,,2026-06-29 18:44:42
1134502,251A,0,20260629,1036,999,,2026-06-29 18:46:09
1134543,254,0,20260629,1036,1,,2026-06-29 19:25:00
1134543,254,0,20260629,1036,2,,2026-06-29 19:25:32
1134543,254,0,20260629,1036,3,,2026-06-29 19:25:56
1134543,254,0,20260629,1036,4,,2026-06-29 19:26:21
1134543,254,0,20260629,1036,5,,2026-06-29 19:26:47
1134543,254,0,20260629,1036,6,,2026-06-29 19:27:55
1134543,254,0,20260629,1036,7,,2026-06-29 19:28:12
1134543,254,0,20260629,1036,8,,2026-06-29 19:28:50
1134543,254,0,20260629,1036,9,,2026-06-29 19:29:49
1134543,254,0,20260629,1036,10,,2026-06-29 19:30:26
1134543,254,0,20260629,1036,11,,2026-06-29 19:30:48
1134543,254,0,20260629,1036,12,,2026-06-29 19:31:42
1134543,254,0,20260629,1036,13,,2026-06-29 19:32:41
1134543,254,0,20260629,1036,14,,2026-06-29 19:33:28
1134543,254,0,20260629,1036,15,,2026-06-29 19:33:54
1134543,254,0,20260629,1036,16,,2026-06-29 19:34:27
1134543,254,0,20260629,1036,17,,2026-06-29 19:35:00
1134543,254,0,20260629,1036,18,,2026-06-29 19:35:27
1134543,254,0,20260629,1036,19,,2026-06-29 19:36:12
1134543,254,0,20260629,1036,20,,2026-06-29 19:36:58
1134543,254,0,20260629,1036,21,,2026-06-29 19:37:44
1134543,254,0,20260629,1036,22,,2026-06-29 19:38:15
1134543,254,0,20260629,1036,23,,2026-06-29 19:38:41
1134543,254,0,20260629,1036,24,,2026-06-29 19:40:00
1134543,254,0,20260629,1036,25,,2026-06-29 19:41:21
1134543,254,0,20260629,1036,26,,2026-06-29 19:41:42
1134543,254,0,20260629,1036,27,,2026-06-29 19:42:31
1134543,254,0,20260629,1036,28,,2026-06-29 19:43:18
1134543,254,0,20260629,1036,29,,2026-06-29 19:43:50
1134543,254,0,20260629,1036,30,,2026-06-29 19:44:50
1134543,254,0,20260629,1036,31,,2026-06-29 19:45:32
1134544,254,1,20260629,1922,1,,2026-06-29 18:44:00
1134544,254,1,20260629,1922,2,,2026-06-29 18:44:20
1134544,254,1,20260629,1922,3,,2026-06-29 18:46:59
1134544,254,1,20260629,1922,4,,2026-06-29 18:48:40
1134544,254,1,20260629,1922,5,,2026-06-29 18:49:48
1134544,254,1,20260629,1922,6,,2026-06-29 18:50:58
1134544,254,1,20260629,1922,7,,2026-06-29 18:51:32
1134544,254,1,20260629,1922,8,,2026-06-29 18:52:59
1134544,254,1,20260629,1922,9,,2026-06-29 18:54:08
1134544,254,1,20260629,1922,10,,2026-06-29 18:54:42
1134556,254,1,20260629,1996,11,,2026-06-29 18:30:39
1134556,254,1,20260629,1996,12,,2026-06-29 18:31:07
1134556,254,1,20260629,1996,13,,2026-06-29 18:32:20
1134556,254,1,20260629,1996,14,,2026-06-29 18:33:10
1134556,254,1,20260629,1996,15,,2026-06-29 18:34:32
1134556,254,1,20260629,1996,16,,2026-06-29 18:35:22
1134556,254,1,20260629,1996,17,,2026-06-29 18:35:45
1134556,254,1,20260629,1996,18,,2026-06-29 18:36:08
1134556,254,1,20260629,1996,19,,2026-06-29 18:38:11
1134556,254,1,20260629,1996,20,,2026-06-29 18:38:51
1134556,254,1,20260629,1996,21,,2026-06-29 18:39:22
1134556,254,1,20260629,1996,22,,2026-06-29 18:40:02
1134556,254,1,20260629,1996,23,,2026-06-29 18:40:33
1134556,254,1,20260629,1996,24,,2026-06-29 18:41:38
1134556,254,1,20260629,1996,25,,2026-06-29 18:42:22
1134556,254,1,20260629,1996,26,,2026-06-29 18:43:25
1134556,254,1,20260629,1996,27,,2026-06-29 18:44:17
1134556,254,1,20260629,1996,28,,2026-06-29 18:44:54
1134556,254,1,20260629,1996,29,,2026-06-29 18:45:39
1134556,254,1,20260629,1996,30,,2026-06-29 18:46:31
1134556,254,1,20260629,1996,31,,2026-06-29 18:47:23
1134556,254,1,20260629,1996,32,,2026-06-29 18:48:13
1134556,254,1,20260629,1996,33,,2026-06-29 18:48:54
1134556,254,1,20260629,1996,34,,2026-06-29 18:50:39
1134556,254,1,20260629,1996,35,,2026-06-29 18:51:57
1134556,254,1,20260629,1996,36,,2026-06-29 18:52:41
1134556,254,1,20260629,1996,37,,2026-06-29 18:53:17
1134556,254,1,20260629,1996,38,,2026-06-29 18:54:01
1134556,254,1,20260629,1996,39,,2026-06-29 18:55:19
1134556,254,1,20260629,1996,40,,2026-06-29 18:56:05
1134556,254,1,20260629,1996,41,,2026-06-29 18:56:39
1134561,254,0,20260629,1250,1,,2026-06-29 18:36:00
1134561,254,0,20260629,1250,2,,2026-06-29 18:37:14
1134561,254,0,20260629,1250,3,,2026-06-29 18:37:51
1134561,254,0,20260629,1250,4,,2026-06-29 18:38:13
1134561,254,0,20260629,1250,5,,2026-06-29 18:39:01
1134561,254,0,20260629,1250,6,,2026-06-29 18:40:09
1134561,254,0,20260629,1250,7,,2026-06-29 18:40:26
1134561,254,0,20260629,1250,8,,2026-06-29 18:41:04
1134561,254,0,20260629,1250,9,,2026-06-29 18:41:15
1134561,254,0,20260629,1250,10,,2026-06-29 18:41:53
1134561,254,0,20260629,1250,11,,2026-06-29 18:42:15
1134561,254,0,20260629,1250,12,,2026-06-29 18:42:57
1134561,254,0,20260629,1250,13,,2026-06-29 18:43:56
1134561,254,0,20260629,1250,14,,2026-06-29 18:44:43
1134561,254,0,20260629,1250,15,,2026-06-29 18:45:09
1134561,254,0,20260629,1250,16,,2026-06-29 18:45:00
1134561,254,0,20260629,1250,17,,2026-06-29 18:45:34
1134561,254,0,20260629,1250,18,,2026-06-29 18:46:01
1134561,254,0,20260629,1250,19,,2026-06-29 18:46:11
1134561,254,0,20260629,1250,20,,2026-06-29 18:46:58
1134561,254,0,20260629,1250,21,,2026-06-29 18:47:44
1134561,254,0,20260629,1250,22,,2026-06-29 18:48:15
1134561,254,0,20260629,1250,23,,2026-06-29 18:48:41
1134561,254,0,20260629,1250,24,,2026-06-29 18:50:00
1134561,254,0,20260629,1250,25,,2026-06-29 18:51:32
1134561,254,0,20260629,1250,26,,2026-06-29 18:51:56
1134561,254,0,20260629,1250,27,,2026-06-29 18:52:51
1134561,254,0,20260629,1250,28,,2026-06-29 18:53:44
1134561,254,0,20260629,1250,29,,2026-06-29 18:54:21
1134561,254,0,20260629,1250,30,,2026-06-29 18:55:28
1134561,254,0,20260629,1250,31,,2026-06-29 18:56:15
1134561,254,0,20260629,1250,32,,2026-06-29 18:57:17
1134561,254,0,20260629,1250,33,,2026-06-29 18:58:03
1134562,254,0,20260629,5716,8,,2026-06-29 18:28:20
1134562,254,0,20260629,5716,9,,2026-06-29 18:28:59
1134562,254,0,20260629,5716,10,,2026-06-29 18:29:43
1134562,254,0,20260629,5716,11,,2026-06-29 18:30:05
1134562,254,0,20260629,5716,12,,2026-06-29 18:30:45
1134562,254,0,20260629,5716,13,,2026-06-29 18:31:19
1134562,254,0,20260629,5716,14,,2026-06-29 18:32:13
1134562,254,0,20260629,5716,15,,2026-06-29 18:32:35
1134562,254,0,20260629,5716,16,,2026-06-29 18:32:51
1134562,254,0,20260629,5716,17,,2026-06-29 18:33:11
1134562,254,0,20260629,5716,18,,2026-06-29 18:33:32
1134562,254,0,20260629,5716,19,,2026-06-29 18:34:02
1134562,254,0,20260629,5716,20,,2026-06-29 18:34:55
1134562,254,0,20260629,5716,21,,2026-06-29 18:35:24
1134562,254,0,20260629,5716,22,,2026-06-29 18:35:56
1134562,254,0,20260629,5716,23,,2026-06-29 18:36:20
1134562,254,0,20260629,5716,24,,2026-06-29 18:38:20
1134562,254,0,20260629,5716,25,,2026-06-29 18:40:26
1134562,254,0,20260629,5716,26,,2026-06-29 18:40:58
1134562,254,0,20260629,5716,27,,2026-06-29 18:41:35
1134562,254,0,20260629,5716,28,,2026-06-29 18:42:04
1134562,254,0,20260629,5716,29,,2026-06-29 18:42:26
1134562,254,0,20260629,5716,30,,2026-06-29 18:43:04
1134562,254,0,20260629,5716,31,,2026-06-29 18:43:44
1134562,254,0,20260629,5716,32,,2026-06-29 18:44:43
1134562,254,0,20260629,5716,33,,2026-06-29 18:46:02
1134562,254,0,20260629,5716,34,,2026-06-29 18:46:11
1134562,254,0,20260629,5716,35,,2026-06-29 18:46:53
1134562,254,0,20260629,5716,36,,2026-06-29 18:47:44
1134562,254,0,20260629,5716,37,,2026-06-29 18:48:25
1134562,254,0,20260629,5716,38,,2026-06-29 18:49:04
1134562,254,0,20260629,5716,39,,2026-06-29 18:49:50
1134562,254,0,20260629,5716,40,,2026-06-29 18:50:43
1134562,254,0,20260629,5716,41,,2026-06-29 18:51:13
1134562,254,0,20260629,5716,42,,2026-06-29 18:52:13
1134562,254,0,20260629,5716,43,,2026-06-29 18:52:41
1134562,254,0,20260629,5716,44,,2026-06-29 18:53:40
1134562,254,0,20260629,5716,45,,2026-06-29 18:54:51
1134562,254,0,20260629,5716,999,,2026-06-29 18:56:11
1134600,263,0,20260629,1952,1,,2026-06-29 18:29:00
1134600,263,0,20260629,1952,2,,2026-06-29 18:29:27
1134600,263,0,20260629,1952,3,,2026-06-29 18:29:59
1134600,263,0,20260629,1952,4,,2026-06-29 18:30:40
1134600,263,0,20260629,1952,5,,2026-06-29 18:30:59
1134600,263,0,20260629,1952,6,,2026-06-29 18:31:44
1134600,263,0,20260629,1952,7,,2026-06-29 18:32:16
1134600,263,0,20260629,1952,8,,2026-06-29 18:32:45
1134600,263,0,20260629,1952,9,,2026-06-29 18:33:23
1134600,263,0,20260629,1952,10,,2026-06-29 18:34:14
1134600,263,0,20260629,1952,11,,2026-06-29 18:35:00
1134600,263,0,20260629,1952,12,,2026-06-29 18:35:33
1134600,263,0,20260629,1952,13,,2026-06-29 18:36:19
1134600,263,0,20260629,1952,14,,2026-06-29 18:37:04
1134600,263,0,20260629,1952,15,,2026-06-29 18:37:47
1134600,263,0,20260629,1952,16,,2026-06-29 18:38:38
1134600,263,0,20260629,1952,17,,2026-06-29 18:39:09
1134600,263,0,20260629,1952,18,,2026-06-29 18:40:02
1134600,263,0,20260629,1952,19,,2026-06-29 18:40:35
1134600,263,0,20260629,1952,20,,2026-06-29 18:41:14
1134600,263,0,20260629,1952,21,,2026-06-29 18:41:47
1134600,263,0,20260629,1952,22,,2026-06-29 18:42:44
1134600,263,0,20260629,1952,23,,2026-06-29 18:43:30
1134600,263,0,20260629,1952,24,,2026-06-29 18:44:18
1134600,263,0,20260629,1952,25,,2026-06-29 18:45:00
1134600,263,0,20260629,1952,26,,2026-06-29 18:45:43
1134600,263,0,20260629,1952,27,,2026-06-29 18:46:31
1134600,263,0,20260629,1952,28,,2026-06-29 18:46:57
1134600,263,0,20260629,1952,29,,2026-06-29 18:47:42
1134600,263,0,20260629,1952,30,,2026-06-29 18:48:20
1134600,263,0,20260629,1952,31,,2026-06-29 18:49:16
1134600,263,0,20260629,1952,32,,2026-06-29 18:50:00
1134600,263,0,20260629,1952,33,,2026-06-29 18:49:00
1134600,263,0,20260629,1952,34,,2026-06-29 18:50:02
1134600,263,0,20260629,1952,35,,2026-06-29 18:50:45
1134600,263,0,20260629,1952,36,,2026-06-29 18:51:24
1134600,263,0,20260629,1952,37,,2026-06-29 18:52:41
1134600,263,0,20260629,1952,38,,2026-06-29 18:53:46
1134600,263,0,20260629,1952,39,,2026-06-29 18:54:48
1134600,263,0,20260629,1952,40,,2026-06-29 18:55:38
1134600,263,0,20260629,1952,41,,2026-06-29 18:56:41
1134600,263,0,20260629,1952,999,,2026-06-29 18:58:26
1134627,263,1,20260629,5006,1,,2026-06-29 18:56:11
1134639,263,1,20260629,1952,27,,2026-06-29 18:29:07
1134639,263,1,20260629,1952,28,,2026-06-29 18:29:34
1134639,263,1,20260629,1952,29,,2026-06-29 18:30:08
1134639,263,1,20260629,1952,30,,2026-06-29 18:30:53
1134639,263,1,20260629,1952,31,,2026-06-29 18:31:20
1134639,263,1,20260629,1952,32,,2026-06-29 18:32:25
1134639,263,1,20260629,1952,33,,2026-06-29 18:33:06
1134639,263,1,20260629,1952,34,,2026-06-29 18:34:08
1134639,263,1,20260629,1952,35,,2026-06-29 18:34:59
1134639,263,1,20260629,1952,36,,2026-06-29 18:35:23
1134639,263,1,20260629,1952,37,,2026-06-29 18:35:52
1134639,263,1,20260629,1952,38,,2026-06-29 18:36:19
1134639,263,1,20260629,1952,39,,2026-06-29 18:36:45
1134639,263,1,20260629,1952,40,,2026-06-29 18:37:35
1134639,263,1,20260629,1952,41,,2026-06-29 18:38:06
1134639,263,1,20260629,1952,42,,2026-06-29 18:38:33
1134639,263,1,20260629,1952,43,,2026-06-29 18:39:02
1134639,263,1,20260629,1952,44,,2026-06-29 18:39:45
1134639,263,1,20260629,1952,45,,2026-06-29 18:40:33
1134639,263,1,20260629,1952,46,,2026-06-29 18:41:02
1134639,263,1,20260629,1952,47,,2026-06-29 18:41:32
1134639,263,1,20260629,1952,48,,2026-06-29 18:42:04
1134639,263,1,20260629,1952,49,,2026-06-29 18:43:32
1134639,263,1,20260629,1952,50,,2026-06-29 18:44:18
1134639,263,1,20260629,1952,51,,2026-06-29 18:44:41
1134639,263,1,20260629,1952,999,,2026-06-29 18:46:48
1134640,263,1,20260629,5736,3,,2026-06-29 18:29:32
1134640,263,1,20260629,5736,4,,2026-06-29 18:31:00
1134640,263,1,20260629,5736,5,,2026-06-29 18:31:54
1134640,263,1,20260629,5736,6,,2026-06-29 18:33:38
1134640,263,1,20260629,5736,7,,2026-06-29 18:35:00
1134640,263,1,20260629,5736,8,,2026-06-29 18:36:11
1134640,263,1,20260629,5736,9,,2026-06-29 18:37:11
1134640,263,1,20260629,5736,10,,2026-06-29 18:38:30
1134640,263,1,20260629,5736,11,,2026-06-29 18:41:01
1134640,263,1,20260629,5736,12,,2026-06-29 18:42:00
1134640,263,1,20260629,5736,13,,2026-06-29 18:43:25
1134640,263,1,20260629,5736,14,,2026-06-29 18:44:19
1134640,263,1,20260629,5736,15,,2026-06-29 18:45:07
1134640,263,1,20260629,5736,16,,2026-06-29 18:46:25
1134640,263,1,20260629,5736,17,,2026-06-29 18:47:36
1134640,263,1,20260629,5736,18,,2026-06-29 18:48:30
1134640,263,1,20260629,5736,19,,2026-06-29 18:49:10
1134640,263,1,20260629,5736,20,,2026-06-29 18:49:49
1134640,263,1,20260629,5736,21,,2026-06-29 18:51:00
1134640,263,1,20260629,5736,22,,2026-06-29 18:51:18
1134640,263,1,20260629,5736,23,,2026-06-29 18:51:58
1134640,263,1,20260629,5736,24,,2026-06-29 18:53:12
1134640,263,1,20260629,5736,25,,2026-06-29 18:54:03
1134640,263,1,20260629,5736,26,,2026-06-29 18:54:34
1134640,263,1,20260629,5736,27,,2026-06-29 18:55:36
1134640,263,1,20260629,5736,28,,2026-06-29 18:56:12
1134640,263,1,20260629,5736,29,,2026-06-29 18:57:00
1134643,263,1,20260629,5808,41,,2026-06-29 18:28:04
1134643,263,1,20260629,5808,42,,2026-06-29 18:29:00
1134643,263,1,20260629,5808,43,,2026-06-29 18:29:33
1134643,263,1,20260629,5808,44,,2026-06-29 18:30:12
1134643,263,1,20260629,5808,45,,2026-06-29 18:30:28
1134643,263,1,20260629,5808,46,,2026-06-29 18:31:22
1134643,263,1,20260629,5808,47,,2026-06-29 18:31:50
1134643,263,1,20260629,5808,48,,2026-06-29 18:32:05
1134643,263,1,20260629,5808,49,,2026-06-29 18:33:08
1134643,263,1,20260629,5808,50,,2026-06-29 18:33:57
1134643,263,1,20260629,5808,51,,2026-06-29 18:35:09
1134643,263,1,20260629,5808,999,,2026-06-29 18:36:42
1134644,263,1,20260629,1087,999,,2026-06-29 18:29:40
1134651,265,0,20260629,5730,40,,2026-06-29 18:28:37
1134651,265,0,20260629,5730,41,,2026-06-29 18:29:20
1134651,265,0,20260629,5730,42,,2026-06-29 18:29:39
1134651,265,0,20260629,5730,43,,2026-06-29 18:30:04
1134651,265,0,20260629,5730,44,,2026-06-29 18:30:31
1134651,265,0,20260629,5730,45,,2026-06-29 18:31:03
1134651,265,0,20260629,5730,46,,2026-06-29 18:31:30
1134651,265,0,20260629,5730,47,,2026-06-29 18:31:57
1134651,265,0,20260629,5730,48,,2026-06-29 18:32:38
1134651,265,0,20260629,5730,49,,2026-06-29 18:33:06
1134651,265,0,20260629,5730,50,,2026-06-29 18:33:40
1134651,265,0,20260629,5730,51,,2026-06-29 18:34:43
1134651,265,0,20260629,5730,52,,2026-06-29 18:35:07
1134651,265,0,20260629,5730,53,,2026-06-29 18:35:29
1134651,265,0,20260629,5730,54,,2026-06-29 18:36:13
1134651,265,0,20260629,5730,55,,2026-06-29 18:36:50
1134651,265,0,20260629,5730,56,,2026-06-29 18:37:31
1134651,265,0,20260629,5730,57,,2026-06-29 18:38:09
1134651,265,0,20260629,5730,58,,2026-06-29 18:38:44
1134651,265,0,20260629,5730,999,,2026-06-29 18:40:02
1134668,265,0,20260629,1996,1,,2026-06-29 19:12:00
1134668,265,0,20260629,1996,2,,2026-06-29 19:13:02
1134668,265,0,20260629,1996,3,,2026-06-29 19:13:34
1134668,265,0,20260629,1996,4,,2026-06-29 19:13:56
1134668,265,0,20260629,1996,5,,2026-06-29 19:14:45
1134668,265,0,20260629,1996,6,,2026-06-29 19:15:21
1134668,265,0,20260629,1996,7,,2026-06-29 19:16:09
1134668,265,0,20260629,1996,8,,2026-06-29 19:17:02
1134668,265,0,20260629,1996,9,,2026-06-29 19:17:31
1134668,265,0,20260629,1996,10,,2026-06-29 19:18:21
1134668,265,0,20260629,1996,11,,2026-06-29 19:19:03
1134668,265,0,20260629,1996,12,,2026-06-29 19:20:05
1134668,265,0,20260629,1996,13,,2026-06-29 19:21:00
1134668,265,0,20260629,1996,14,,2026-06-29 19:21:30
1134668,265,0,20260629,1996,15,,2026-06-29 19:22:26
1134668,265,0,20260629,1996,16,,2026-06-29 19:23:05
1134668,265,0,20260629,1996,17,,2026-06-29 19:23:40
1134668,265,0,20260629,1996,18,,2026-06-29 19:24:49
1134668,265,0,20260629,1996,19,,2026-06-29 19:25:47
1134668,265,0,20260629,1996,20,,2026-06-29 19:26:43
1134668,265,0,20260629,1996,21,,2026-06-29 19:27:28
1134668,265,0,20260629,1996,22,,2026-06-29 19:28:25
1134668,265,0,20260629,1996,999,,2026-06-29 19:30:00
1134681,265,1,20260629,5007,67,,2026-06-29 18:28:38
1134681,265,1,20260629,5007,999,,2026-06-29 18:29:40
1134683,265,1,20260629,5807,37,,2026-06-29 18:29:06
1134683,265,1,20260629,5807,38,,2026-06-29 18:29:39
1134683,265,1,20260629,5807,39,,2026-06-29 18:30:24
1134683,265,1,20260629,5807,40,,2026-06-29 18:30:54
1134683,265,1,20260629,5807,41,,2026-06-29 18:31:25
1134683,265,1,20260629,5807,42,,2026-06-29 18:31:48
1134683,265,1,20260629,5807,43,,2026-06-29 18:32:40
1134683,265,1,20260629,5807,44,,2026-06-29 18:33:23
1134683,265,1,20260629,5807,45,,2026-06-29 18:33:57
1134683,265,1,20260629,5807,46,,2026-06-29 18:34:43
1134683,265,1,20260629,5807,47,,2026-06-29 18:35:33
1134683,265,1,20260629,5807,48,,2026-06-29 18:36:03
1134683,265,1,20260629,5807,49,,2026-06-29 18:36:51
1134683,265,1,20260629,5807,50,,2026-06-29 18:37:06
1134683,265,1,20260629,5807,51,,2026-06-29 18:37:28
1134683,265,1,20260629,5807,52,,2026-06-29 18:38:10
1134683,265,1,20260629,5807,53,,2026-06-29 18:39:21
1134683,265,1,20260629,5807,54,,2026-06-29 18:39:48
1134683,265,1,20260629,5807,55,,2026-06-29 18:40:02
1134683,265,1,20260629,5807,56,,2026-06-29 18:40:57
1134683,265,1,20260629,5807,57,,2026-06-29 18:42:17
1134683,265,1,20260629,5807,58,,2026-06-29 18:42:46
1134683,265,1,20260629,5807,59,,2026-06-29 18:42:59
1134683,265,1,20260629,5807,60,,2026-06-29 18:43:33
1134683,265,1,20260629,5807,61,,2026-06-29 18:44:21
1134683,265,1,20260629,5807,62,,2026-06-29 18:44:56
1134683,265,1,20260629,5807,63,,2026-06-29 18:45:15
1134683,265,1,20260629,5807,64,,2026-06-29 18:45:17
1134683,265,1,20260629,5807,65,,2026-06-29 18:45:53
1134683,265,1,20260629,5807,66,,2026-06-29 18:46:11
1134683,265,1,20260629,5807,67,,2026-06-29 18:47:27
1134683,265,1,20260629,5807,999,,2026-06-29 18:48:08
1134695,265,1,20260629,5748,59,,2026-06-29 18:28:12
1134695,265,1,20260629,5748,60,,2026-06-29 18:28:55
1134695,265,1,20260629,5748,61,,2026-06-29 18:29:17
1134695,265,1,20260629,5748,62,,2026-06-29 18:29:53
1134695,265,1,20260629,5748,63,,2026-06-29 18:30:29
1134695,265,1,20260629,5748,64,,2026-06-29 18:30:34
1134695,265,1,20260629,5748,65,,2026-06-29 18:31:09
1134695,265,1,20260629,5748,66,,2026-06-29 18:31:37
1134695,265,1,20260629,5748,67,,2026-06-29 18:32:55
1134695,265,1,20260629,5748,999,,2026-06-29 18:33:47
1134697,265,1,20260629,1094,13,,2026-06-29 18:29:18
1134697,265,1,20260629,1094,14,,2026-06-29 18:29:57
1134697,265,1,20260629,1094,15,,2026-06-29 18:30:36
1134697,265,1,20260629,1094,16,,2026-06-29 18:31:48
1134697,265,1,20260629,1094,17,,2026-06-29 18:32:47
1134697,265,1,20260629,1094,18,,2026-06-29 18:34:15
1134697,265,1,20260629,1094,19,,2026-06-29 18:34:52
1134697,265,1,20260629,1094,20,,2026-06-29 18:35:38
1134697,265,1,20260629,1094,21,,2026-06-29 18:37:21
1134697,265,1,20260629,1094,22,,2026-06-29 18:37:58
1134697,265,1,20260629,1094,23,,2026-06-29 18:38:19
1134697,265,1,20260629,1094,24,,2026-06-29 18:39:29
1134697,265,1,20260629,1094,25,,2026-06-29 18:40:04
1134697,265,1,20260629,1094,26,,2026-06-29 18:40:28
1134697,265,1,20260629,1094,27,,2026-06-29 18:41:22
1134697,265,1,20260629,1094,28,,2026-06-29 18:41:42
1134697,265,1,20260629,1094,29,,2026-06-29 18:42:08
1134697,265,1,20260629,1094,30,,2026-06-29 18:42:37
1134697,265,1,20260629,1094,31,,2026-06-29 18:43:12
1134697,265,1,20260629,1094,32,,2026-06-29 18:44:37
1134697,265,1,20260629,1094,33,,2026-06-29 18:45:31
1134697,265,1,20260629,1094,34,,2026-06-29 18:46:50
1134697,265,1,20260629,1094,35,,2026-06-29 18:47:53
1134697,265,1,20260629,1094,36,,2026-06-29 18:49:12
1134697,265,1,20260629,1094,37,,2026-06-29 18:49:43
1134697,265,1,20260629,1094,38,,2026-06-29 18:50:33
1134697,265,1,20260629,1094,39,,2026-06-29 18:51:21
1134697,265,1,20260629,1094,40,,2026-06-29 18:51:51
1134697,265,1,20260629,1094,41,,2026-06-29 18:52:24
1134697,265,1,20260629,1094,42,,2026-06-29 18:53:12
1134697,265,1,20260629,1094,43,,2026-06-29 18:53:41
1134697,265,1,20260629,1094,44,,2026-06-29 18:54:25
1134697,265,1,20260629,1094,45,,2026-06-29 18:54:53
1134697,265,1,20260629,1094,46,,2026-06-29 18:55:36
1134697,265,1,20260629,1094,47,,2026-06-29 18:56:06
1134697,265,1,20260629,1094,48,,2026-06-29 18:56:27
1134697,265,1,20260629,1094,49,,2026-06-29 18:57:33
1134729,300,1,20260629,5728,119,,2026-06-29 18:28:24
1134729,300,1,20260629,5728,120,,2026-06-29 18:29:23
1134729,300,1,20260629,5728,121,,2026-06-29 18:30:08
1134729,300,1,20260629,5728,122,,2026-06-29 18:30:26
1134729,300,1,20260629,5728,123,,2026-06-29 18:30:54
1134729,300,1,20260629,5728,124,,2026-06-29 18:31:44
1134729,300,1,20260629,5728,125,,2026-06-29 18:32:49
1134729,300,1,20260629,5728,126,,2026-06-29 18:35:14
1134729,300,1,20260629,5728,127,,2026-06-29 18:35:47
1134729,300,1,20260629,5728,128,,2026-06-29 18:36:28
1134729,300,1,20260629,5728,129,,2026-06-29 18:37:08
1134729,300,1,20260629,5728,130,,2026-06-29 18:37:55
1134729,300,1,20260629,5728,131,,2026-06-29 18:38:46
1134729,300,1,20260629,5728,132,,2026-06-29 18:39:15
1134729,300,1,20260629,5728,133,,2026-06-29 18:40:19
1134729,300,1,20260629,5728,134,,2026-06-29 18:41:04
1134729,300,1,20260629,5728,135,,2026-06-29 18:42:01
1134729,300,1,20260629,5728,136,,2026-06-29 18:42:50
1134729,300,1,20260629,5728,137,,2026-06-29 18:42:50
1134729,300,1,20260629,5728,138,,2026-06-29 18:43:37
1134729,300,1,20260629,5728,139,,2026-06-29 18:44:21
1134729,300,1,20260629,5728,140,,2026-06-29 18:46:43
1134729,300,1,20260629,5728,141,,2026-06-29 18:47:36
1134729,300,1,20260629,5728,142,,2026-06-29 18:47:58
1134729,300,1,20260629,5728,143,,2026-06-29 18:48:22
1134729,300,1,20260629,5728,144,,2026-06-29 18:48:21
1134729,300,1,20260629,5728,145,,2026-06-29 18:48:50
1134729,300,1,20260629,5728,146,,2026-06-29 18:49:11
1134729,300,1,20260629,5728,147,,2026-06-29 18:49:40
1134729,300,1,20260629,5728,148,,2026-06-29 18:50:44
1134729,300,1,20260629,5728,149,,2026-06-29 18:51:02
1134729,300,1,20260629,5728,150,,2026-06-29 18:51:27
1134729,300,1,20260629,5728,151,,2026-06-29 18:52:07
1134729,300,1,20260629,5728,152,,2026-06-29 18:52:26
1134729,300,1,20260629,5728,153,,2026-06-29 18:53:15
1134729,300,1,20260629,5728,154,,2026-06-29 18:53:47
1134729,300,1,20260629,5728,155,,2026-06-29 18:54:33
1134729,300,1,20260629,5728,156,,2026-06-29 18:55:21
1134729,300,1,20260629,5728,157,,2026-06-29 18:56:00
1134729,300,1,20260629,5728,158,,2026-06-29 18:56:37
1134729,300,1,20260629,5728,159,,2026-06-29 18:57:15
1134729,300,1,20260629,5728,160,,2026-06-29 18:57:48
1134729,300,1,20260629,5728,161,,2026-06-29 18:58:24
1134730,300,1,20260629,1003,169,,2026-06-29 18:29:34
1134730,300,1,20260629,1003,170,,2026-06-29 18:30:36
1134730,300,1,20260629,1003,171,,2026-06-29 18:32:22
1134730,300,1,20260629,1003,172,,2026-06-29 18:32:57
1134730,300,1,20260629,1003,173,,2026-06-29 18:33:22
1134730,300,1,20260629,1003,174,,2026-06-29 18:33:51
1134730,300,1,20260629,1003,175,,2026-06-29 18:34:26
1134730,300,1,20260629,1003,999,,2026-06-29 18:35:17
1134749,300,0,20260629,1997,129,,2026-06-29 18:28:50
1134749,300,0,20260629,1997,130,,2026-06-29 18:31:40
1134749,300,0,20260629,1997,131,,2026-06-29 18:32:26
1134749,300,0,20260629,1997,132,,2026-06-29 18:33:20
1134749,300,0,20260629,1997,133,,2026-06-29 18:33:52
1134749,300,0,20260629,1997,134,,2026-06-29 18:34:20
1134749,300,0,20260629,1997,135,,2026-06-29 18:34:47
1134749,300,0,20260629,1997,136,,2026-06-29 18:35:19
1134749,300,0,20260629,1997,137,,2026-06-29 18:35:49
1134749,300,0,20260629,1997,138,,2026-06-29 18:36:13
1134749,300,0,20260629,1997,139,,2026-06-29 18:36:46
1134749,300,0,20260629,1997,140,,2026-06-29 18:38:03
1134749,300,0,20260629,1997,141,,2026-06-29 18:38:39
1134749,300,0,20260629,1997,142,,2026-06-29 18:39:08
1134749,300,0,20260629,1997,143,,2026-06-29 18:39:39
1134749,300,0,20260629,1997,144,,2026-06-29 18:40:18
1134749,300,0,20260629,1997,145,,2026-06-29 18:40:51
1134749,300,0,20260629,1997,146,,2026-06-29 18:41:22
1134749,300,0,20260629,1997,147,,2026-06-29 18:42:13
1134749,300,0,20260629,1997,148,,2026-06-29 18:42:39
1134749,300,0,20260629,1997,149,,2026-06-29 18:43:17
1134749,300,0,20260629,1997,150,,2026-06-29 18:44:01
1134749,300,0,20260629,1997,151,,2026-06-29 18:44:37
1134749,300,0,20260629,1997,152,,2026-06-29 18:44:58
1134749,300,0,20260629,1997,153,,2026-06-29 18:45:34
1134749,300,0,20260629,1997,154,,2026-06-29 18:45:55
1134749,300,0,20260629,1997,155,,2026-06-29 18:46:28
1134749,300,0,20260629,1997,156,,2026-06-29 18:47:08
1134749,300,0,20260629,1997,157,,2026-06-29 18:48:41
1134749,300,0,20260629,1997,158,,2026-06-29 18:49:15
1134749,300,0,20260629,1997,159,,2026-06-29 18:49:31
1134749,300,0,20260629,1997,160,,2026-06-29 18:49:48
1134749,300,0,20260629,1997,161,,2026-06-29 18:50:22
1134749,300,0,20260629,1997,162,,2026-06-29 18:51:17
1134749,300,0,20260629,1997,163,,2026-06-29 18:51:41
1134749,300,0,20260629,1997,164,,2026-06-29 18:52:18
1134749,300,0,20260629,1997,165,,2026-06-29 18:53:05
1134749,300,0,20260629,1997,166,,2026-06-29 18:54:03
1134749,300,0,20260629,1997,167,,2026-06-29 18:55:23
1134749,300,0,20260629,1997,168,,2026-06-29 18:56:14
1134749,300,0,20260629,1997,169,,2026-06-29 18:56:51
1134749,300,0,20260629,1997,170,,2026-06-29 18:57:47
1134749,300,0,20260629,1997,171,,2026-06-29 18:58:42
1134749,300,0,20260629,1997,172,,2026-06-29 18:59:43
1134761,300,0,20260629,1248,173,,2026-06-29 18:28:12
1134761,300,0,20260629,1248,174,,2026-06-29 18:28:43
1134761,300,0,20260629,1248,175,,2026-06-29 18:29:09
1134761,300,0,20260629,1248,176,,2026-06-29 18:30:31
1134761,300,0,20260629,1248,999,,2026-06-29 18:33:04
1134789,300G,0,20260629,1502,1,,2026-06-29 18:33:00
1134789,300G,0,20260629,1502,2,,2026-06-29 18:36:20
1134789,300G,0,20260629,1502,3,,2026-06-29 18:37:43
1134789,300G,0,20260629,1502,4,,2026-06-29 18:39:05
1134789,300G,0,20260629,1502,5,,2026-06-29 18:40:02
1134789,300G,0,20260629,1502,6,,2026-06-29 18:40:17
1134789,300G,0,20260629,1502,7,,2026-06-29 18:42:03
1134789,300G,0,20260629,1502,8,,2026-06-29 18:42:27
1134789,300G,0,20260629,1502,9,,2026-06-29 18:42:46
1134789,300G,0,20260629,1502,10,,2026-06-29 18:44:12
1134789,300G,0,20260629,1502,11,,2026-06-29 18:45:52
1134789,300G,0,20260629,1502,12,,2026-06-29 18:46:27
1134789,300G,0,20260629,1502,13,,2026-06-29 18:47:10
1134789,300G,0,20260629,1502,14,,2026-06-29 18:47:30
1134789,300G,0,20260629,1502,15,,2026-06-29 18:48:16
1134789,300G,0,20260629,1502,16,,2026-06-29 18:48:48
1134789,300G,0,20260629,1502,17,,2026-06-29 18:49:33
1134789,300G,0,20260629,1502,18,,2026-06-29 18:50:09
1134789,300G,0,20260629,1502,19,,2026-06-29 18:51:01
1134789,300G,0,20260629,1502,20,,2026-06-29 18:51:33
1134789,300G,0,20260629,1502,21,,2026-06-29 18:52:10
1134789,300G,0,20260629,1502,22,,2026-06-29 18:53:03
1134789,300G,0,20260629,1502,23,,2026-06-29 18:53:34
1134789,300G,0,20260629,1502,24,,2026-06-29 18:54:35
1134789,300G,0,20260629,1502,25,,2026-06-29 18:55:13
1134789,300G,0,20260629,1502,26,,2026-06-29 18:55:53
1134789,300G,0,20260629,1502,27,,2026-06-29 18:56:43
1134789,300G,0,20260629,1502,28,,2026-06-29 18:57:28
1134789,300G,0,20260629,1502,29,,2026-06-29 18:57:39
1134789,300G,0,20260629,1502,30,,2026-06-29 18:58:13
1134789,300G,0,20260629,1502,999,,2026-06-29 18:59:18
1134794,300H,0,20260629,957,13,,2026-06-29 18:28:24
1134794,300H,0,20260629,957,14,,2026-06-29 18:28:54
1134794,300H,0,20260629,957,15,,2026-06-29 18:30:28
1134794,300H,0,20260629,957,16,,2026-06-29 18:30:53
1134794,300H,0,20260629,957,17,,2026-06-29 18:31:18
1134794,300H,0,20260629,957,18,,2026-06-29 18:31:36
1134794,300H,0,20260629,957,19,,2026-06-29 18:32:18
1134794,300H,0,20260629,957,20,,2026-06-29 18:33:43
1134794,300H,0,20260629,957,21,,2026-06-29 18:34:23
1134794,300H,0,20260629,957,22,,2026-06-29 18:34:45
1134794,300H,0,20260629,957,23,,2026-06-29 18:35:09
1134794,300H,0,20260629,957,24,,2026-06-29 18:35:47
1134794,300H,0,20260629,957,25,,2026-06-29 18:38:32
1134794,300H,0,20260629,957,26,,2026-06-29 18:39:17
1134794,300H,0,20260629,957,27,,2026-06-29 18:39:53
1134794,300H,0,20260629,957,28,,2026-06-29 18:40:09
1134794,300H,0,20260629,957,29,,2026-06-29 18:40:54
1134794,300H,0,20260629,957,30,,2026-06-29 18:41:32
1134794,300H,0,20260629,957,31,,2026-06-29 18:41:24
1134794,300H,0,20260629,957,32,,2026-06-29 18:42:01
1134794,300H,0,20260629,957,33,,2026-06-29 18:42:34
1134794,300H,0,20260629,957,34,,2026-06-29 18:43:21
1134794,300H,0,20260629,957,35,,2026-06-29 18:45:09
1134794,300H,0,20260629,957,36,,2026-06-29 18:45:59
1134794,300H,0,20260629,957,37,,2026-06-29 18:46:39
1134794,300H,0,20260629,957,38,,2026-06-29 18:46:43
1134794,300H,0,20260629,957,39,,2026-06-29 18:47:15
1134794,300H,0,20260629,957,40,,2026-06-29 18:47:42
1134794,300H,0,20260629,957,41,,2026-06-29 18:48:16
1134794,300H,0,20260629,957,42,,2026-06-29 18:48:50
1134794,300H,0,20260629,957,43,,2026-06-29 18:49:58
1134794,300H,0,20260629,957,44,,2026-06-29 18:50:20
1134794,300H,0,20260629,957,45,,2026-06-29 18:51:07
1134794,300H,0,20260629,957,46,,2026-06-29 18:51:48
1134794,300H,0,20260629,957,47,,2026-06-29 18:52:40
1134794,300H,0,20260629,957,48,,2026-06-29 18:53:50
1134794,300H,0,20260629,957,49,,2026-06-29 18:54:42
1134794,300H,0,20260629,957,50,,2026-06-29 18:55:45
1134794,300H,0,20260629,957,51,,2026-06-29 18:56:28
1134794,300H,0,20260629,957,52,,2026-06-29 18:57:12
1134794,300H,0,20260629,957,53,,2026-06-29 18:57:57
1134794,300H,0,20260629,957,54,,2026-06-29 18:58:34
1134794,300H,0,20260629,957,55,,2026-06-29 18:59:34
1134796,300H,0,20260629,1308,32,,2026-06-29 18:28:09
1134796,300H,0,20260629,1308,33,,2026-06-29 18:28:39
1134796,300H,0,20260629,1308,34,,2026-06-29 18:29:32
1134796,300H,0,20260629,1308,35,,2026-06-29 18:31:55
1134796,300H,0,20260629,1308,36,,2026-06-29 18:32:40
1134796,300H,0,20260629,1308,37,,2026-06-29 18:33:08
1134796,300H,0,20260629,1308,38,,2026-06-29 18:33:36
1134796,300H,0,20260629,1308,39,,2026-06-29 18:33:59
1134796,300H,0,20260629,1308,40,,2026-06-29 18:34:41
1134796,300H,0,20260629,1308,41,,2026-06-29 18:35:13
1134796,300H,0,20260629,1308,42,,2026-06-29 18:35:36
1134796,300H,0,20260629,1308,43,,2026-06-29 18:36:44
1134796,300H,0,20260629,1308,44,,2026-06-29 18:37:09
1134796,300H,0,20260629,1308,45,,2026-06-29 18:38:10
1134796,300H,0,20260629,1308,46,,2026-06-29 18:38:42
1134796,300H,0,20260629,1308,47,,2026-06-29 18:39:45
1134796,300H,0,20260629,1308,48,,2026-06-29 18:40:36
1134796,300H,0,20260629,1308,49,,2026-06-29 18:41:33
1134796,300H,0,20260629,1308,50,,2026-06-29 18:43:04
1134796,300H,0,20260629,1308,51,,2026-06-29 18:43:44
1134796,300H,0,20260629,1308,52,,2026-06-29 18:44:12
1134796,300H,0,20260629,1308,53,,2026-06-29 18:44:44
1134796,300H,0,20260629,1308,54,,2026-06-29 18:45:19
1134796,300H,0,20260629,1308,55,,2026-06-29 18:45:45
1134796,300H,0,20260629,1308,999,,2026-06-29 18:46:33
1134798,300H,1,20260629,1309,80,,2026-06-29 18:28:35
1134798,300H,1,20260629,1309,81,,2026-06-29 18:29:55
1134798,300H,1,20260629,1309,82,,2026-06-29 18:31:42
1134798,300H,1,20260629,1309,83,,2026-06-29 18:33:18
1134798,300H,1,20260629,1309,84,,2026-06-29 18:35:18
1134798,300H,1,20260629,1309,85,,2026-06-29 18:38:52
1134798,300H,1,20260629,1309,86,,2026-06-29 18:39:45
1134798,300H,1,20260629,1309,87,,2026-06-29 18:40:34
1134798,300H,1,20260629,1309,88,,2026-06-29 18:41:07
1134798,300H,1,20260629,1309,89,,2026-06-29 18:41:35
1134798,300H,1,20260629,1309,90,,2026-06-29 18:43:20
1134798,300H,1,20260629,1309,91,,2026-06-29 18:43:39
1134798,300H,1,20260629,1309,92,,2026-06-29 18:43:50
1134798,300H,1,20260629,1309,93,,2026-06-29 18:44:04
1134798,300H,1,20260629,1309,94,,2026-06-29 18:44:30
1134798,300H,1,20260629,1309,95,,2026-06-29 18:45:18
1134798,300H,1,20260629,1309,96,,2026-06-29 18:46:05
1134798,300H,1,20260629,1309,97,,2026-06-29 18:46:18
1134798,300H,1,20260629,1309,98,,2026-06-29 18:47:37
1134798,300H,1,20260629,1309,99,,2026-06-29 18:48:28
1134798,300H,1,20260629,1309,100,,2026-06-29 18:48:51
1134798,300H,1,20260629,1309,101,,2026-06-29 18:49:01
1134798,300H,1,20260629,1309,102,,2026-06-29 18:50:06
1134798,300H,1,20260629,1309,103,,2026-06-29 18:50:49
1134798,300H,1,20260629,1309,104,,2026-06-29 18:51:20
1134798,300H,1,20260629,1309,105,,2026-06-29 18:52:04
1134798,300H,1,20260629,1309,106,,2026-06-29 18:52:53
1134798,300H,1,20260629,1309,107,,2026-06-29 18:53:18
1134798,300H,1,20260629,1309,108,,2026-06-29 18:53:45
1134798,300H,1,20260629,1309,109,,2026-06-29 18:54:15
1134798,300H,1,20260629,1309,110,,2026-06-29 18:55:02
1134798,300H,1,20260629,1309,111,,2026-06-29 18:55:39
1134798,300H,1,20260629,1309,112,,2026-06-29 18:56:18
1134798,300H,1,20260629,1309,113,,2026-06-29 18:56:42
1134798,300H,1,20260629,1309,114,,2026-06-29 18:57:18
1134798,300H,1,20260629,1309,115,,2026-06-29 18:58:06
1134798,300H,1,20260629,1309,116,,2026-06-29 18:59:02
1134798,300H,1,20260629,1309,117,,2026-06-29 19:00:19
1134798,300H,1,20260629,1309,118,,2026-06-29 19:01:00
1134802,300J,1,20260629,803,99,,2026-06-29 18:28:17
1134802,300J,1,20260629,803,100,,2026-06-29 18:28:45
1134802,300J,1,20260629,803,101,,2026-06-29 18:29:47
1134802,300J,1,20260629,803,102,,2026-06-29 18:30:19
1134802,300J,1,20260629,803,103,,2026-06-29 18:30:46
1134802,300J,1,20260629,803,104,,2026-06-29 18:31:13
1134802,300J,1,20260629,803,105,,2026-06-29 18:31:46
1134802,300J,1,20260629,803,106,,2026-06-29 18:32:35
1134802,300J,1,20260629,803,107,,2026-06-29 18:33:06
1134802,300J,1,20260629,803,108,,2026-06-29 18:33:45
1134802,300J,1,20260629,803,109,,2026-06-29 18:34:18
1134802,300J,1,20260629,803,110,,2026-06-29 18:36:26
1134802,300J,1,20260629,803,111,,2026-06-29 18:37:05
1134802,300J,1,20260629,803,112,,2026-06-29 18:37:25
1134802,300J,1,20260629,803,113,,2026-06-29 18:38:16
1134802,300J,1,20260629,803,114,,2026-06-29 18:38:42
1134802,300J,1,20260629,803,115,,2026-06-29 18:39:29
1134802,300J,1,20260629,803,116,,2026-06-29 18:40:30
1134802,300J,1,20260629,803,117,,2026-06-29 18:41:15
1134802,300J,1,20260629,803,118,,2026-06-29 18:41:30
1134802,300J,1,20260629,803,119,,2026-06-29 18:42:47
1134802,300J,1,20260629,803,120,,2026-06-29 18:43:46
1134802,300J,1,20260629,803,121,,2026-06-29 18:44:40
1134802,300J,1,20260629,803,122,,2026-06-29 18:45:00
1134802,300J,1,20260629,803,123,,2026-06-29 18:45:03
1134802,300J,1,20260629,803,124,,2026-06-29 18:45:50
1134802,300J,1,20260629,803,125,,2026-06-29 18:47:03
1134802,300J,1,20260629,803,126,,2026-06-29 18:48:41
1134802,300J,1,20260629,803,127,,2026-06-29 18:49:10
1134802,300J,1,20260629,803,128,,2026-06-29 18:50:07
1134802,300J,1,20260629,803,129,,2026-06-29 18:50:48
1134802,300J,1,20260629,803,130,,2026-06-29 18:51:18
1134802,300J,1,20260629,803,131,,2026-06-29 18:51:56
1134802,300J,1,20260629,803,132,,2026-06-29 18:52:14
1134802,300J,1,20260629,803,133,,2026-06-29 18:53:06
1134802,300J,1,20260629,803,134,,2026-06-29 18:53:38
1134802,300J,1,20260629,803,135,,2026-06-29 18:54:25
1134802,300J,1,20260629,803,136,,2026-06-29 18:55:07
1134802,300J,1,20260629,803,137,,2026-06-29 18:55:40
1134802,300J,1,20260629,803,138,,2026-06-29 18:56:17
1134802,300J,1,20260629,803,139,,2026-06-29 18:56:52
1134802,300J,1,20260629,803,140,,2026-06-29 18:57:40
1134802,300J,1,20260629,803,141,,2026-06-29 18:58:25
1134802,300J,1,20260629,803,142,,2026-06-29 18:58:44
1134802,300J,1,20260629,803,143,,2026-06-29 18:59:27
1134802,300J,1,20260629,803,144,,2026-06-29 18:59:47
1134802,300J,1,20260629,803,145,,2026-06-29 19:00:11
1134826,300U,1,20260629,1822,1,,2026-06-29 18:33:00
1134826,300U,1,20260629,1822,2,,2026-06-29 18:34:11
1134826,300U,1,20260629,1822,3,,2026-06-29 18:34:59
1134826,300U,1,20260629,1822,4,,2026-06-29 18:35:48
1134826,300U,1,20260629,1822,5,,2026-06-29 18:36:23
1134826,300U,1,20260629,1822,6,,2026-06-29 18:36:57
1134826,300U,1,20260629,1822,7,,2026-06-29 18:38:06
1134826,300U,1,20260629,1822,8,,2026-06-29 18:39:03
1134826,300U,1,20260629,1822,9,,2026-06-29 18:39:49
1134826,300U,1,20260629,1822,10,,2026-06-29 18:40:48
1134826,300U,1,20260629,1822,11,,2026-06-29 18:41:26
1134826,300U,1,20260629,1822,12,,2026-06-29 18:41:58
1134900,G10,1,20260629,1804,22,,2026-06-29 18:28:19
1134900,G10,1,20260629,1804,23,,2026-06-29 18:29:41
1134900,G10,1,20260629,1804,24,,2026-06-29 18:31:27
1134900,G10,1,20260629,1804,25,,2026-06-29 18:33:44
1134900,G10,1,20260629,1804,26,,2026-06-29 18:35:12
1134900,G10,1,20260629,1804,27,,2026-06-29 18:38:28
1134900,G10,1,20260629,1804,28,,2026-06-29 18:39:48
1134900,G10,1,20260629,1804,29,,2026-06-29 18:41:33
1134900,G10,1,20260629,1804,30,,2026-06-29 18:43:12
1134900,G10,1,20260629,1804,31,,2026-06-29 18:43:54
1134900,G10,1,20260629,1804,32,,2026-06-29 18:45:38
1134900,G10,1,20260629,1804,33,,2026-06-29 18:46:31
1134900,G10,1,20260629,1804,34,,2026-06-29 18:47:00
1134900,G10,1,20260629,1804,35,,2026-06-29 18:49:22
1134900,G10,1,20260629,1804,36,,2026-06-29 18:50:15
1134900,G10,1,20260629,1804,37,,2026-06-29 18:51:25
1134900,G10,1,20260629,1804,38,,2026-06-29 18:52:10
1134900,G10,1,20260629,1804,39,,2026-06-29 18:52:40
1134900,G10,1,20260629,1804,40,,2026-06-29 18:53:35
1134900,G10,1,20260629,1804,41,,2026-06-29 18:54:00
1134900,G10,1,20260629,1804,42,,2026-06-29 18:54:53
1134900,G10,1,20260629,1804,43,,2026-06-29 18:55:45
1134900,G10,1,20260629,1804,44,,2026-06-29 18:56:59
1134900,G10,1,20260629,1804,45,,2026-06-29 18:58:26
1134900,G10,1,20260629,1804,46,,2026-06-29 18:59:38
1134900,G10,1,20260629,1804,47,,2026-06-29 19:00:23
1134900,G10,1,20260629,1804,48,,2026-06-29 19:01:06
1134900,G10,1,20260629,1804,49,,2026-06-29 19:01:59
1134900,G10,1,20260629,1804,50,,2026-06-29 19:02:55
1134900,G10,1,20260629,1804,51,,2026-06-29 19:04:01
1134920,G10,0,20260629,1039,8,,2026-06-29 18:28:24
1134920,G10,0,20260629,1039,9,,2026-06-29 18:30:02
1134920,G10,0,20260629,1039,10,,2026-06-29 18:33:57
1134920,G10,0,20260629,1039,11,,2026-06-29 18:34:14
1134920,G10,0,20260629,1039,12,,2026-06-29 18:35:08
1134920,G10,0,20260629,1039,13,,2026-06-29 18:36:01
1134920,G10,0,20260629,1039,14,,2026-06-29 18:36:44
1134920,G10,0,20260629,1039,15,,2026-06-29 18:38:17
1134920,G10,0,20260629,1039,16,,2026-06-29 18:38:40
1134920,G10,0,20260629,1039,17,,2026-06-29 18:39:10
1134920,G10,0,20260629,1039,18,,2026-06-29 18:39:27
1134920,G10,0,20260629,1039,19,,2026-06-29 18:39:49
1134920,G10,0,20260629,1039,20,,2026-06-29 18:40:42
1134920,G10,0,20260629,1039,21,,2026-06-29 18:41:09
1134920,G10,0,20260629,1039,22,,2026-06-29 18:42:09
1134920,G10,0,20260629,1039,23,,2026-06-29 18:43:21
1134920,G10,0,20260629,1039,24,,2026-06-29 18:43:58
1134920,G10,0,20260629,1039,25,,2026-06-29 18:44:11
1134920,G10,0,20260629,1039,26,,2026-06-29 18:44:48
1134920,G10,0,20260629,1039,27,,2026-06-29 18:45:59
1134920,G10,0,20260629,1039,28,,2026-06-29 18:46:41
1134920,G10,0,20260629,1039,29,,2026-06-29 18:47:05
1134920,G10,0,20260629,1039,30,,2026-06-29 18:47:38
1134920,G10,0,20260629,1039,31,,2026-06-29 18:48:09
1134920,G10,0,20260629,1039,32,,2026-06-29 18:49:41
1134920,G10,0,20260629,1039,33,,2026-06-29 18:50:21
1134920,G10,0,20260629,1039,34,,2026-06-29 18:50:46
1134920,G10,0,20260629,1039,35,,2026-06-29 18:51:12
1134920,G10,0,20260629,1039,36,,2026-06-29 18:51:47
1134920,G10,0,20260629,1039,37,,2026-06-29 18:52:34
1134920,G10,0,20260629,1039,38,,2026-06-29 18:53:09
1134920,G10,0,20260629,1039,39,,2026-06-29 18:55:06
1134920,G10,0,20260629,1039,40,,2026-06-29 18:56:42
1134920,G10,0,20260629,1039,41,,2026-06-29 18:58:38
1134920,G10,0,20260629,1039,42,,2026-06-29 19:00:17
1134929,G10,0,20260629,5021,70,,2026-06-29 18:28:32
1134929,G10,0,20260629,5021,71,,2026-06-29 18:29:11
1134929,G10,0,20260629,5021,72,,2026-06-29 18:29:48
1134929,G10,0,20260629,5021,73,,2026-06-29 18:31:11
1134929,G10,0,20260629,5021,74,,2026-06-29 18:31:48
1134929,G10,0,20260629,5021,999,,2026-06-29 18:32:15
1134931,G10,0,20260629,5709,44,,2026-06-29 18:29:05
1134931,G10,0,20260629,5709,45,,2026-06-29 18:30:01
1134931,G10,0,20260629,5709,46,,2026-06-29 18:31:22
1134931,G10,0,20260629,5709,47,,2026-06-29 18:32:53
1134931,G10,0,20260629,5709,48,,2026-06-29 18:36:17
1134931,G10,0,20260629,5709,49,,2026-06-29 18:38:41
1134931,G10,0,20260629,5709,50,,2026-06-29 18:39:19
1134931,G10,0,20260629,5709,51,,2026-06-29 18:40:40
1134931,G10,0,20260629,5709,52,,2026-06-29 18:41:28
1134931,G10,0,20260629,5709,53,,2026-06-29 18:42:00
1134931,G10,0,20260629,5709,54,,2026-06-29 18:42:46
1134931,G10,0,20260629,5709,55,,2026-06-29 18:44:55
1134931,G10,0,20260629,5709,56,,2026-06-29 18:45:39
1134931,G10,0,20260629,5709,57,,2026-06-29 18:46:15
1134931,G10,0,20260629,5709,58,,2026-06-29 18:46:51
1134931,G10,0,20260629,5709,59,,2026-06-29 18:47:50
1134931,G10,0,20260629,5709,60,,2026-06-29 18:48:27
1134931,G10,0,20260629,5709,61,,2026-06-29 18:49:06
1134931,G10,0,20260629,5709,62,,2026-06-29 18:49:43
1134931,G10,0,20260629,5709,63,,2026-06-29 18:50:48
1134931,G10,0,20260629,5709,64,,2026-06-29 18:52:03
1134931,G10,0,20260629,5709,65,,2026-06-29 18:52:39
1134931,G10,0,20260629,5709,66,,2026-06-29 18:53:29
1134931,G10,0,20260629,5709,67,,2026-06-29 18:54:19
1134931,G10,0,20260629,5709,68,,2026-06-29 18:54:56
1134931,G10,0,20260629,5709,69,,2026-06-29 18:55:55
1134931,G10,0,20260629,5709,70,,2026-06-29 18:56:56
1134931,G10,0,20260629,5709,71,,2026-06-29 18:57:59
1134931,G10,0,20260629,5709,72,,2026-06-29 18:58:47
1134931,G10,0,20260629,5709,73,,2026-06-29 18:59:26
1134931,G10,0,20260629,5709,74,,2026-06-29 18:59:42
1134931,G10,0,20260629,5709,999,,2026-06-29 19:00:03
1134950,G10,0,20260629,1524,41,,2026-06-29 18:28:52
1134950,G10,0,20260629,1524,42,,2026-06-29 18:29:30
1134950,G10,0,20260629,1524,43,,2026-06-29 18:30:30
1134950,G10,0,20260629,1524,44,,2026-06-29 18:32:05
1134950,G10,0,20260629,1524,45,,2026-06-29 18:33:02
1134950,G10,0,20260629,1524,46,,2026-06-29 18:34:27
1134950,G10,0,20260629,1524,47,,2026-06-29 18:35:59
1134950,G10,0,20260629,1524,48,,2026-06-29 18:39:49
1134950,G10,0,20260629,1524,49,,2026-06-29 18:42:21
1134950,G10,0,20260629,1524,50,,2026-06-29 18:42:55
1134950,G10,0,20260629,1524,51,,2026-06-29 18:44:41
1134950,G10,0,20260629,1524,52,,2026-06-29 18:45:49
1134950,G10,0,20260629,1524,53,,2026-06-29 18:46:26
1134950,G10,0,20260629,1524,54,,2026-06-29 18:47:09
1134950,G10,0,20260629,1524,55,,2026-06-29 18:48:52
1134950,G10,0,20260629,1524,56,,2026-06-29 18:49:58
1134950,G10,0,20260629,1524,57,,2026-06-29 18:50:34
1134950,G10,0,20260629,1524,58,,2026-06-29 18:51:10
1134950,G10,0,20260629,1524,59,,2026-06-29 18:52:05
1134950,G10,0,20260629,1524,60,,2026-06-29 18:53:10
1134950,G10,0,20260629,1524,61,,2026-06-29 18:53:46
1134950,G10,0,20260629,1524,62,,2026-06-29 18:54:20
1134950,G10,0,20260629,1524,63,,2026-06-29 18:55:20
1134950,G10,0,20260629,1524,64,,2026-06-29 18:56:31
1134950,G10,0,20260629,1524,65,,2026-06-29 18:57:07
1134950,G10,0,20260629,1524,66,,2026-06-29 18:57:57
1134950,G10,0,20260629,1524,67,,2026-06-29 18:58:47
1134950,G10,0,20260629,1524,68,,2026-06-29 18:59:24
1134950,G10,0,20260629,1524,69,,2026-06-29 19:00:23
1134950,G10,0,20260629,1524,70,,2026-06-29 19:01:24
1134953,G10,1,20260629,1006,1,,2026-06-29 18:42:20
1134953,G10,1,20260629,1006,2,,2026-06-29 18:43:08
1134953,G10,1,20260629,1006,3,,2026-06-29 18:44:12
1134953,G10,1,20260629,1006,4,,2026-06-29 18:44:52
1134953,G10,1,20260629,1006,5,,2026-06-29 18:46:00
1134953,G10,1,20260629,1006,6,,2026-06-29 18:46:25
1134953,G10,1,20260629,1006,7,,2026-06-29 18:47:03
1134956,G10,0,20260629,1943,1,,2026-06-29 18:50:46
1134956,G10,0,20260629,1943,2,,2026-06-29 18:51:24
1134956,G10,0,20260629,1943,3,,2026-06-29 18:52:30
1134956,G10,0,20260629,1943,4,,2026-06-29 18:52:58
1134956,G10,0,20260629,1943,5,,2026-06-29 18:53:47
1134956,G10,0,20260629,1943,6,,2026-06-29 18:54:05
1134956,G10,0,20260629,1943,7,,2026-06-29 18:55:01
1134956,G10,0,20260629,1943,8,,2026-06-29 18:55:43
1134957,G10,0,20260629,1060,51,,2026-06-29 18:28:24
1134957,G10,0,20260629,1060,52,,2026-06-29 18:29:43
1134957,G10,0,20260629,1060,53,,2026-06-29 18:30:11
1134957,G10,0,20260629,1060,54,,2026-06-29 18:31:10
1134957,G10,0,20260629,1060,55,,2026-06-29 18:33:12
1134957,G10,0,20260629,1060,56,,2026-06-29 18:33:51
1134957,G10,0,20260629,1060,57,,2026-06-29 18:34:31
1134957,G10,0,20260629,1060,58,,2026-06-29 18:35:05
1134957,G10,0,20260629,1060,59,,2026-06-29 18:35:47
1134957,G10,0,20260629,1060,60,,2026-06-29 18:36:50
1134957,G10,0,20260629,1060,61,,2026-06-29 18:37:18
1134957,G10,0,20260629,1060,62,,2026-06-29 18:37:49
1134957,G10,0,20260629,1060,63,,2026-06-29 18:38:29
1134957,G10,0,20260629,1060,64,,2026-06-29 18:39:57
1134957,G10,0,20260629,1060,65,,2026-06-29 18:40:58
1134957,G10,0,20260629,1060,66,,2026-06-29 18:41:35
1134957,G10,0,20260629,1060,67,,2026-06-29 18:42:09
1134957,G10,0,20260629,1060,68,,2026-06-29 18:42:35
1134957,G10,0,20260629,1060,69,,2026-06-29 18:43:17
1134957,G10,0,20260629,1060,70,,2026-06-29 18:43:58
1134957,G10,0,20260629,1060,71,,2026-06-29 18:44:41
1134957,G10,0,20260629,1060,72,,2026-06-29 18:45:04
1134957,G10,0,20260629,1060,73,,2026-06-29 18:46:20
1134957,G10,0,20260629,1060,74,,2026-06-29 18:46:38
1134957,G10,0,20260629,1060,999,,2026-06-29 18:47:00
1134959,G10,0,20260629,1992,46,,2026-06-29 18:28:15
1134959,G10,0,20260629,1992,47,,2026-06-29 18:28:21
1134959,G10,0,20260629,1992,48,,2026-06-29 18:29:22
1134959,G10,0,20260629,1992,49,,2026-06-29 18:29:52
1134959,G10,0,20260629,1992,50,,2026-06-29 18:30:23
1134959,G10,0,20260629,1992,51,,2026-06-29 18:31:02
1134959,G10,0,20260629,1992,52,,2026-06-29 18:32:39
1134959,G10,0,20260629,1992,53,,2026-06-29 18:33:51
1134959,G10,0,20260629,1992,54,,2026-06-29 18:34:30
1134959,G10,0,20260629,1992,55,,2026-06-29 18:35:06
1134959,G10,0,20260629,1992,56,,2026-06-29 18:35:38
1134959,G10,0,20260629,1992,57,,2026-06-29 18:36:20
1134959,G10,0,20260629,1992,58,,2026-06-29 18:37:02
1134959,G10,0,20260629,1992,59,,2026-06-29 18:37:42
1134959,G10,0,20260629,1992,60,,2026-06-29 18:38:18
1134959,G10,0,20260629,1992,61,,2026-06-29 18:39:39
1134959,G10,0,20260629,1992,62,,2026-06-29 18:40:01
1134959,G10,0,20260629,1992,999,,2026-06-29 18:40:28
1134961,G10,0,20260629,1506,23,,2026-06-29 18:28:59
1134961,G10,0,20260629,1506,24,,2026-06-29 18:29:30
1134961,G10,0,20260629,1506,25,,2026-06-29 18:29:58
1134961,G10,0,20260629,1506,26,,2026-06-29 18:30:38
1134961,G10,0,20260629,1506,27,,2026-06-29 18:31:42
1134961,G10,0,20260629,1506,28,,2026-06-29 18:32:11
1134961,G10,0,20260629,1506,29,,2026-06-29 18:33:03
1134961,G10,0,20260629,1506,30,,2026-06-29 18:33:28
1134961,G10,0,20260629,1506,31,,2026-06-29 18:34:08
1134961,G10,0,20260629,1506,32,,2026-06-29 18:35:32
1134961,G10,0,20260629,1506,33,,2026-06-29 18:36:22
1134961,G10,0,20260629,1506,34,,2026-06-29 18:37:09
1134961,G10,0,20260629,1506,35,,2026-06-29 18:37:36
1134961,G10,0,20260629,1506,36,,2026-06-29 18:38:38
1134961,G10,0,20260629,1506,37,,2026-06-29 18:39:36
1134961,G10,0,20260629,1506,38,,2026-06-29 18:40:04
1134961,G10,0,20260629,1506,39,,2026-06-29 18:40:44
1134961,G10,0,20260629,1506,40,,2026-06-29 18:41:27
1134961,G10,0,20260629,1506,41,,2026-06-29 18:44:15
1134961,G10,0,20260629,1506,42,,2026-06-29 18:44:59
1134961,G10,0,20260629,1506,43,,2026-06-29 18:45:48
1134961,G10,0,20260629,1506,44,,2026-06-29 18:47:06
1134961,G10,0,20260629,1506,45,,2026-06-29 18:47:50
1134961,G10,0,20260629,1506,46,,2026-06-29 18:49:05
1134961,G10,0,20260629,1506,47,,2026-06-29 18:50:50
1134961,G10,0,20260629,1506,48,,2026-06-29 18:52:35
1134961,G10,0,20260629,1506,49,,2026-06-29 18:55:50
1135000,G10,1,20260629,5025,60,,2026-06-29 18:28:05
1135000,G10,1,20260629,5025,61,,2026-06-29 18:29:50
1135000,G10,1,20260629,5025,62,,2026-06-29 18:30:24
1135000,G10,1,20260629,5025,999,,2026-06-29 18:31:56
1135006,G10,1,20260629,957,31,,2026-06-29 18:28:04
1135006,G10,1,20260629,957,32,,2026-06-29 18:29:24
1135006,G10,1,20260629,957,33,,2026-06-29 18:30:19
1135006,G10,1,20260629,957,34,,2026-06-29 18:30:51
1135006,G10,1,20260629,957,35,,2026-06-29 18:33:39
1135006,G10,1,20260629,957,36,,2026-06-29 18:34:15
1135006,G10,1,20260629,957,37,,2026-06-29 18:35:33
1135006,G10,1,20260629,957,38,,2026-06-29 18:36:09
1135006,G10,1,20260629,957,39,,2026-06-29 18:36:49
1135006,G10,1,20260629,957,40,,2026-06-29 18:37:50
1135006,G10,1,20260629,957,41,,2026-06-29 18:38:17
1135006,G10,1,20260629,957,42,,2026-06-29 18:39:06
1135006,G10,1,20260629,957,43,,2026-06-29 18:40:27
1135006,G10,1,20260629,957,44,,2026-06-29 18:41:12
1135006,G10,1,20260629,957,45,,2026-06-29 18:42:02
1135006,G10,1,20260629,957,46,,2026-06-29 18:42:54
1135006,G10,1,20260629,957,47,,2026-06-29 18:43:26
1135006,G10,1,20260629,957,48,,2026-06-29 18:43:46
1135006,G10,1,20260629,957,49,,2026-06-29 18:44:02
1135006,G10,1,20260629,957,50,,2026-06-29 18:44:30
1135006,G10,1,20260629,957,51,,2026-06-29 18:45:36
1135006,G10,1,20260629,957,52,,2026-06-29 18:46:48
1135006,G10,1,20260629,957,53,,2026-06-29 18:47:54
1135006,G10,1,20260629,957,54,,2026-06-29 18:48:33
1135006,G10,1,20260629,957,55,,2026-06-29 18:49:17
1135006,G10,1,20260629,957,56,,2026-06-29 18:50:01
1135006,G10,1,20260629,957,57,,2026-06-29 18:50:47
1135006,G10,1,20260629,957,58,,2026-06-29 18:51:16
1135006,G10,1,20260629,957,59,,2026-06-29 18:52:30
1135006,G10,1,20260629,957,60,,2026-06-29 18:53:40
1135006,G10,1,20260629,957,61,,2026-06-29 18:54:27
1135006,G10,1,20260629,957,62,,2026-06-29 18:55:11
1135012,G10,1,20260629,1011,64,,2026-06-29 18:30:57
1135012,G10,1,20260629,1011,65,,2026-06-29 18:32:40
1135012,G10,1,20260629,1011,66,,2026-06-29 18:34:01
1135012,G10,1,20260629,1011,67,,2026-06-29 18:34:48
1135012,G10,1,20260629,1011,68,,2026-06-29 18:35:07
1135012,G10,1,20260629,1011,69,,2026-06-29 18:36:05
1135012,G10,1,20260629,1011,70,,2026-06-29 18:36:27
1135012,G10,1,20260629,1011,71,,2026-06-29 18:36:35
1135012,G10,1,20260629,1011,999,,2026-06-29 18:37:11
1135027,G10A,1,20260629,963,45,,2026-06-29 18:28:15
1135027,G10A,1,20260629,963,46,,2026-06-29 18:29:04
1135027,G10A,1,20260629,963,47,,2026-06-29 18:29:36
1135027,G10A,1,20260629,963,48,,2026-06-29 18:29:57
1135027,G10A,1,20260629,963,49,,2026-06-29 18:30:30
1135027,G10A,1,20260629,963,999,,2026-06-29 18:31:00
1135037,G10B,1,20260629,961,4,,2026-06-29 18:28:05
1135037,G10B,1,20260629,961,5,,2026-06-29 18:28:48
1135037,G10B,1,20260629,961,6,,2026-06-29 18:29:37
1135037,G10B,1,20260629,961,7,,2026-06-29 18:29:54
1135037,G10B,1,20260629,961,8,,2026-06-29 18:30:47
1135037,G10B,1,20260629,961,9,,2026-06-29 18:31:11
1135037,G10B,1,20260629,961,10,,2026-06-29 18:33:07
1135037,G10B,1,20260629,961,11,,2026-06-29 18:33:50
1135037,G10B,1,20260629,961,12,,2026-06-29 18:34:12
1135037,G10B,1,20260629,961,13,,2026-06-29 18:34:38
1135037,G10B,1,20260629,961,14,,2026-06-29 18:35:21
1135037,G10B,1,20260629,961,15,,2026-06-29 18:36:23
1135037,G10B,1,20260629,961,16,,2026-06-29 18:37:02
1135037,G10B,1,20260629,961,17,,2026-06-29 18:37:14
1135037,G10B,1,20260629,961,18,,2026-06-29 18:37:43
1135037,G10B,1,20260629,961,19,,2026-06-29 18:39:44
1135037,G10B,1,20260629,961,20,,2026-06-29 18:39:50
1135037,G10B,1,20260629,961,21,,2026-06-29 18:40:55
1135037,G10B,1,20260629,961,999,,2026-06-29 18:42:16
1135039,G10B,1,20260629,1091,1,,2026-06-29 18:56:00
1135039,G10B,1,20260629,1091,2,,2026-06-29 18:56:43
1135039,G10B,1,20260629,1091,3,,2026-06-29 18:57:40
1135039,G10B,1,20260629,1091,4,,2026-06-29 18:58:15
1135039,G10B,1,20260629,1091,5,,2026-06-29 18:59:15
1135039,G10B,1,20260629,1091,6,,2026-06-29 18:59:37
1135039,G10B,1,20260629,1091,7,,2026-06-29 19:00:11
1135039,G10B,1,20260629,1091,8,,2026-06-29 19:00:56
1135039,G10B,1,20260629,1091,9,,2026-06-29 19:01:26
1135039,G10B,1,20260629,1091,10,,2026-06-29 19:02:06
1135039,G10B,1,20260629,1091,11,,2026-06-29 19:02:51
1135039,G10B,1,20260629,1091,12,,2026-06-29 19:03:13
1135039,G10B,1,20260629,1091,13,,2026-06-29 19:04:00
1135039,G10B,1,20260629,1091,14,,2026-06-29 19:04:45
1135039,G10B,1,20260629,1091,15,,2026-06-29 19:05:48
1135039,G10B,1,20260629,1091,16,,2026-06-29 19:06:39
1135039,G10B,1,20260629,1091,17,,2026-06-29 19:07:27
1135039,G10B,1,20260629,1091,18,,2026-06-29 19:08:16
1135039,G10B,1,20260629,1091,19,,2026-06-29 19:09:53
1135039,G10B,1,20260629,1091,20,,2026-06-29 19:10:36
1135039,G10B,1,20260629,1091,21,,2026-06-29 19:11:39
1135039,G10B,1,20260629,1091,999,,2026-06-29 19:13:00
1135084,G20,0,20260629,1096,5,,2026-06-29 18:29:17
1135084,G20,0,20260629,1096,6,,2026-06-29 18:29:47
1135084,G20,0,20260629,1096,7,,2026-06-29 18:30:11
1135084,G20,0,20260629,1096,8,,2026-06-29 18:30:41
1135084,G20,0,20260629,1096,9,,2026-06-29 18:31:13
1135084,G20,0,20260629,1096,10,,2026-06-29 18:31:37
1135084,G20,0,20260629,1096,11,,2026-06-29 18:32:06
1135084,G20,0,20260629,1096,12,,2026-06-29 18:32:33
1135084,G20,0,20260629,1096,13,,2026-06-29 18:32:54
1135084,G20,0,20260629,1096,14,,2026-06-29 18:33:17
1135084,G20,0,20260629,1096,15,,2026-06-29 18:34:04
1135084,G20,0,20260629,1096,16,,2026-06-29 18:34:37
1135084,G20,0,20260629,1096,17,,2026-06-29 18:35:07
1135084,G20,0,20260629,1096,18,,2026-06-29 18:35:28
1135084,G20,0,20260629,1096,19,,2026-06-29 18:36:10
1135084,G20,0,20260629,1096,20,,2026-06-29 18:36:43
1135084,G20,0,20260629,1096,21,,2026-06-29 18:37:27
1135084,G20,0,20260629,1096,22,,2026-06-29 18:38:18
1135084,G20,0,20260629,1096,23,,2026-06-29 18:38:43
1135084,G20,0,20260629,1096,24,,2026-06-29 18:39:12
1135084,G20,0,20260629,1096,25,,2026-06-29 18:40:07
1135084,G20,0,20260629,1096,26,,2026-06-29 18:40:41
1135084,G20,0,20260629,1096,27,,2026-06-29 18:41:11
1135084,G20,0,20260629,1096,28,,2026-06-29 18:41:41
1135084,G20,0,20260629,1096,29,,2026-06-29 18:43:22
1135084,G20,0,20260629,1096,30,,2026-06-29 18:44:42
1135084,G20,0,20260629,1096,31,,2026-06-29 18:46:17
1135084,G20,0,20260629,1096,32,,2026-06-29 18:47:33
1135084,G20,0,20260629,1096,33,,2026-06-29 18:49:05
1135084,G20,0,20260629,1096,34,,2026-06-29 18:49:26
1135084,G20,0,20260629,1096,35,,2026-06-29 18:50:05
1135084,G20,0,20260629,1096,999,,2026-06-29 18:50:46
1135086,G20,1,20260629,1060,1,,2026-06-29 19:13:00
1135086,G20,1,20260629,1060,2,,2026-06-29 19:14:23
1135086,G20,1,20260629,1060,3,,2026-06-29 19:16:43
1135088,G20,0,20260629,1096,1,,2026-06-29 18:58:16
1135088,G20,0,20260629,1096,2,,2026-06-29 18:58:49
1135092,G20,1,20260629,1026,8,,2026-06-29 18:28:05
1135092,G20,1,20260629,1026,9,,2026-06-29 18:30:16
1135092,G20,1,20260629,1026,10,,2026-06-29 18:30:58
1135092,G20,1,20260629,1026,11,,2026-06-29 18:32:21
1135092,G20,1,20260629,1026,12,,2026-06-29 18:33:25
1135092,G20,1,20260629,1026,13,,2026-06-29 18:33:56
1135092,G20,1,20260629,1026,14,,2026-06-29 18:35:20
1135092,G20,1,20260629,1026,15,,2026-06-29 18:35:48
1135092,G20,1,20260629,1026,16,,2026-06-29 18:36:24
1135092,G20,1,20260629,1026,17,,2026-06-29 18:36:57
1135092,G20,1,20260629,1026,18,,2026-06-29 18:37:52
1135092,G20,1,20260629,1026,19,,2026-06-29 18:38:23
1135092,G20,1,20260629,1026,20,,2026-06-29 18:39:17
1135092,G20,1,20260629,1026,21,,2026-06-29 18:39:35
1135092,G20,1,20260629,1026,22,,2026-06-29 18:40:53
1135092,G20,1,20260629,1026,23,,2026-06-29 18:41:26
1135092,G20,1,20260629,1026,24,,2026-06-29 18:42:08
1135092,G20,1,20260629,1026,25,,2026-06-29 18:42:43
1135092,G20,1,20260629,1026,26,,2026-06-29 18:43:07
1135092,G20,1,20260629,1026,27,,2026-06-29 18:43:25
1135092,G20,1,20260629,1026,28,,2026-06-29 18:43:27
1135092,G20,1,20260629,1026,29,,2026-06-29 18:44:27
1135092,G20,1,20260629,1026,30,,2026-06-29 18:45:10
1135092,G20,1,20260629,1026,31,,2026-06-29 18:45:57
1135092,G20,1,20260629,1026,32,,2026-06-29 18:46:40
1135092,G20,1,20260629,1026,33,,2026-06-29 18:47:05
1135092,G20,1,20260629,1026,34,,2026-06-29 18:47:33
1135092,G20,1,20260629,1026,35,,2026-06-29 18:48:01
1135092,G20,1,20260629,1026,36,,2026-06-29 18:48:31
1135092,G20,1,20260629,1026,37,,2026-06-29 18:48:50
1135092,G20,1,20260629,1026,38,,2026-06-29 18:49:38
1135092,G20,1,20260629,1026,39,,2026-06-29 18:50:27
1135092,G20,1,20260629,1026,40,,2026-06-29 18:51:19
1135092,G20,1,20260629,1026,41,,2026-06-29 18:52:07
1135092,G20,1,20260629,1026,42,,2026-06-29 18:53:40
1135111,G21,1,20260629,1078,1,,2026-06-29 18:43:00
1135111,G21,1,20260629,1078,2,,2026-06-29 18:43:21
1135111,G21,1,20260629,1078,3,,2026-06-29 18:45:04
1135111,G21,1,20260629,1078,4,,2026-06-29 18:47:09
1135111,G21,1,20260629,1078,5,,2026-06-29 18:48:12
1135111,G21,1,20260629,1078,6,,2026-06-29 18:49:21
1135111,G21,1,20260629,1078,7,,2026-06-29 18:49:57
1135111,G21,1,20260629,1078,8,,2026-06-29 18:50:30
1135111,G21,1,20260629,1078,9,,2026-06-29 18:51:27
1135111,G21,1,20260629,1078,10,,2026-06-29 18:52:11
1135111,G21,1,20260629,1078,11,,2026-06-29 18:52:41
1135111,G21,1,20260629,1078,12,,2026-06-29 18:53:35
1135111,G21,1,20260629,1078,13,,2026-06-29 18:54:37
1135111,G21,1,20260629,1078,14,,2026-06-29 18:56:06
1135111,G21,1,20260629,1078,15,,2026-06-29 18:56:56
1135141,H20,1,20260629,1091,19,,2026-06-29 18:33:16
1135141,H20,1,20260629,1091,24,,2026-06-29 18:28:27
1135141,H20,1,20260629,1091,25,,2026-06-29 18:29:19
1135141,H20,1,20260629,1091,26,,2026-06-29 18:30:23
1135141,H20,1,20260629,1091,27,,2026-06-29 18:31:18
1135141,H20,1,20260629,1091,28,,2026-06-29 18:32:38
1135141,H20,1,20260629,1091,29,,2026-06-29 18:33:05
1135141,H20,1,20260629,1091,30,,2026-06-29 18:35:10
1135141,H20,1,20260629,1091,31,,2026-06-29 18:35:51
1135141,H20,1,20260629,1091,32,,2026-06-29 18:36:40
1135141,H20,1,20260629,1091,33,,2026-06-29 18:37:37
1135141,H20,1,20260629,1091,34,,2026-06-29 18:38:18
1135141,H20,1,20260629,1091,35,,2026-06-29 18:43:41
1135141,H20,1,20260629,1091,36,,2026-06-29 18:44:12
1135141,H20,1,20260629,1091,37,,2026-06-29 18:44:56
1135141,H20,1,20260629,1091,38,,2026-06-29 18:46:12
1135141,H20,1,20260629,1091,39,,2026-06-29 18:47:29
1135141,H20,1,20260629,1091,40,,2026-06-29 18:48:52
1135141,H20,1,20260629,1091,41,,2026-06-29 18:50:54
1135141,H20,1,20260629,1091,42,,2026-06-29 18:53:34
1135141,H20,1,20260629,1091,43,,2026-06-29 18:55:06
1135141,H20,1,20260629,1091,44,,2026-06-29 18:56:33
1135141,H20,1,20260629,1091,45,,2026-06-29 18:58:20
1135141,H20,1,20260629,1091,46,,2026-06-29 18:59:58
1135152,H20,1,20260629,1813,19,,2026-06-29 18:29:14
1135152,H20,1,20260629,1813,20,,2026-06-29 18:28:30
1135152,H20,1,20260629,1813,21,,2026-06-29 18:28:45
1135152,H20,1,20260629,1813,22,,2026-06-29 18:29:10
1135152,H20,1,20260629,1813,23,,2026-06-29 18:29:41
1135152,H20,1,20260629,1813,24,,2026-06-29 18:30:18
1135152,H20,1,20260629,1813,25,,2026-06-29 18:31:10
1135152,H20,1,20260629,1813,26,,2026-06-29 18:32:13
1135152,H20,1,20260629,1813,27,,2026-06-29 18:33:03
1135152,H20,1,20260629,1813,28,,2026-06-29 18:34:12
1135152,H20,1,20260629,1813,29,,2026-06-29 18:34:39
1135152,H20,1,20260629,1813,30,,2026-06-29 18:36:41
1135152,H20,1,20260629,1813,31,,2026-06-29 18:37:32
1135152,H20,1,20260629,1813,32,,2026-06-29 18:38:19
1135152,H20,1,20260629,1813,33,,2026-06-29 18:39:15
1135152,H20,1,20260629,1813,34,,2026-06-29 18:39:54
1135152,H20,1,20260629,1813,35,,2026-06-29 18:45:01
1135152,H20,1,20260629,1813,36,,2026-06-29 18:45:27
1135152,H20,1,20260629,1813,37,,2026-06-29 18:46:06
1135152,H20,1,20260629,1813,38,,2026-06-29 18:47:23
1135152,H20,1,20260629,1813,39,,2026-06-29 18:48:24
1135152,H20,1,20260629,1813,40,,2026-06-29 18:49:22
1135152,H20,1,20260629,1813,41,,2026-06-29 18:51:30
1135152,H20,1,20260629,1813,42,,2026-06-29 18:53:59
1135152,H20,1,20260629,1813,43,,2026-06-29 18:55:25
1135152,H20,1,20260629,1813,44,,2026-06-29 18:56:46
1135152,H20,1,20260629,1813,45,,2026-06-29 18:58:26
1135152,H20,1,20260629,1813,46,,2026-06-29 18:59:58
1135152,H20,1,20260629,1813,47,,2026-06-29 19:01:20
1135155,H20,0,20260629,1960,71,,2026-06-29 18:28:13
1135155,H20,0,20260629,1960,73,,2026-06-29 18:28:31
1135155,H20,0,20260629,1960,74,,2026-06-29 18:28:55
1135155,H20,0,20260629,1960,75,,2026-06-29 18:30:26
1135155,H20,0,20260629,1960,76,,2026-06-29 18:31:02
1135155,H20,0,20260629,1960,77,,2026-06-29 18:31:41
1135155,H20,0,20260629,1960,78,,2026-06-29 18:32:52
1135155,H20,0,20260629,1960,999,,2026-06-29 18:35:03
1135162,H20,0,20260629,1038,8,,2026-06-29 18:28:51
1135162,H20,0,20260629,1038,9,,2026-06-29 18:29:15
1135162,H20,0,20260629,1038,10,,2026-06-29 18:29:36
1135162,H20,0,20260629,1038,11,,2026-06-29 18:30:02
1135162,H20,0,20260629,1038,12,,2026-06-29 18:30:48
1135162,H20,0,20260629,1038,13,,2026-06-29 18:31:18
1135162,H20,0,20260629,1038,14,,2026-06-29 18:31:48
1135162,H20,0,20260629,1038,15,,2026-06-29 18:32:22
1135162,H20,0,20260629,1038,16,,2026-06-29 18:33:43
1135162,H20,0,20260629,1038,17,,2026-06-29 18:34:12
1135162,H20,0,20260629,1038,18,,2026-06-29 18:34:41
1135162,H20,0,20260629,1038,19,,2026-06-29 18:35:20
1135162,H20,0,20260629,1038,20,,2026-06-29 18:35:53
1135162,H20,0,20260629,1038,21,,2026-06-29 18:36:29
1135162,H20,0,20260629,1038,22,,2026-06-29 18:37:03
1135162,H20,0,20260629,1038,23,,2026-06-29 18:38:22
1135162,H20,0,20260629,1038,24,,2026-06-29 18:38:54
1135162,H20,0,20260629,1038,25,,2026-06-29 18:39:41
1135162,H20,0,20260629,1038,26,,2026-06-29 18:40:18
1135162,H20,0,20260629,1038,27,,2026-06-29 18:41:43
1135162,H20,0,20260629,1038,28,,2026-06-29 18:43:03
1135162,H20,0,20260629,1038,29,,2026-06-29 18:43:56
1135162,H20,0,20260629,1038,30,,2026-06-29 18:44:59
1135162,H20,0,20260629,1038,31,,2026-06-29 18:45:26
1135162,H20,0,20260629,1038,32,,2026-06-29 18:46:03
1135162,H20,0,20260629,1038,33,,2026-06-29 18:47:22
1135162,H20,0,20260629,1038,34,,2026-06-29 18:49:03
1135162,H20,0,20260629,1038,35,,2026-06-29 18:50:24
1135162,H20,0,20260629,1038,36,,2026-06-29 18:51:50
1135162,H20,0,20260629,1038,37,,2026-06-29 18:53:52
1135162,H20,0,20260629,1038,38,,2026-06-29 18:55:53
1135162,H20,0,20260629,1038,39,,2026-06-29 18:57:35
1135162,H20,0,20260629,1038,40,,2026-06-29 18:57:52
1135171,H20,0,20260629,5717,44,,2026-06-29 18:29:57
1135171,H20,0,20260629,5717,45,,2026-06-29 18:30:29
1135171,H20,0,20260629,5717,46,,2026-06-29 18:31:21
1135171,H20,0,20260629,5717,47,,2026-06-29 18:32:05
1135171,H20,0,20260629,5717,48,,2026-06-29 18:32:44
1135171,H20,0,20260629,5717,49,,2026-06-29 18:33:27
1135171,H20,0,20260629,5717,50,,2026-06-29 18:34:00
1135171,H20,0,20260629,5717,51,,2026-06-29 18:34:31
1135171,H20,0,20260629,5717,52,,2026-06-29 18:36:02
1135171,H20,0,20260629,5717,53,,2026-06-29 18:36:37
1135171,H20,0,20260629,5717,54,,2026-06-29 18:37:31
1135171,H20,0,20260629,5717,55,,2026-06-29 18:38:48
1135171,H20,0,20260629,5717,56,,2026-06-29 18:39:25
1135171,H20,0,20260629,5717,57,,2026-06-29 18:40:03
1135171,H20,0,20260629,5717,58,,2026-06-29 18:40:31
1135171,H20,0,20260629,5717,59,,2026-06-29 18:40:55
1135171,H20,0,20260629,5717,60,,2026-06-29 18:41:19
1135171,H20,0,20260629,5717,61,,2026-06-29 18:42:07
1135171,H20,0,20260629,5717,62,,2026-06-29 18:43:45
1135171,H20,0,20260629,5717,63,,2026-06-29 18:44:47
1135171,H20,0,20260629,5717,64,,2026-06-29 18:45:07
1135171,H20,0,20260629,5717,65,,2026-06-29 18:47:19
1135171,H20,0,20260629,5717,66,,2026-06-29 18:47:38
1135171,H20,0,20260629,5717,67,,2026-06-29 18:48:42
1135171,H20,0,20260629,5717,68,,2026-06-29 18:49:29
1135171,H20,0,20260629,5717,69,,2026-06-29 18:50:40
1135171,H20,0,20260629,5717,70,,2026-06-29 18:51:36
1135171,H20,0,20260629,5717,71,,2026-06-29 18:52:29
1135171,H20,0,20260629,5717,72,,2026-06-29 18:53:34
1135171,H20,0,20260629,5717,73,,2026-06-29 18:54:39
1135171,H20,0,20260629,5717,74,,2026-06-29 18:55:43
1135171,H20,0,20260629,5717,75,,2026-06-29 18:56:29
1135171,H20,0,20260629,5717,76,,2026-06-29 18:57:00
1135171,H20,0,20260629,5717,77,,2026-06-29 18:57:44
1135171,H20,0,20260629,5717,78,,2026-06-29 18:58:04
1145532,190,0,20260629,5726,1,,2026-06-29 18:39:00
1145532,190,0,20260629,5726,2,,2026-06-29 18:40:11
1145532,190,0,20260629,5726,3,,2026-06-29 18:44:43
1145532,190,0,20260629,5726,4,,2026-06-29 18:46:21
1145532,190,0,20260629,5726,5,,2026-06-29 18:47:17
1145532,190,0,20260629,5726,6,,2026-06-29 18:48:09
1145532,190,0,20260629,5726,7,,2026-06-29 18:48:37
1145532,190,0,20260629,5726,8,,2026-06-29 18:49:41
1145532,190,0,20260629,5726,9,,2026-06-29 18:49:47
1145532,190,0,20260629,5726,10,,2026-06-29 18:50:23
1145532,190,0,20260629,5726,11,,2026-06-29 18:50:46
1145532,190,0,20260629,5726,12,,2026-06-29 18:51:24
1145532,190,0,20260629,5726,13,,2026-06-29 18:53:43
1145532,190,0,20260629,5726,14,,2026-06-29 18:54:22
1145532,190,0,20260629,5726,15,,2026-06-29 18:55:03
1145532,190,0,20260629,5726,16,,2026-06-29 18:55:29
1145532,190,0,20260629,5726,17,,2026-06-29 18:56:21
1145532,190,0,20260629,5726,18,,2026-06-29 18:56:54
1145532,190,0,20260629,5726,19,,2026-06-29 18:58:34
1145532,190,0,20260629,5726,20,,2026-06-29 18:59:19
1145532,190,0,20260629,5726,21,,2026-06-29 19:00:11
1145532,190,0,20260629,5726,22,,2026-06-29 19:00:58
1145532,190,0,20260629,5726,23,,2026-06-29 19:01:58
1145532,190,0,20260629,5726,24,,2026-06-29 19:02:47
1145532,190,0,20260629,5726,25,,2026-06-29 19:03:31
1145532,190,0,20260629,5726,26,,2026-06-29 19:04:18
1145532,190,0,20260629,5726,27,,2026-06-29 19:04:57
1145532,190,0,20260629,5726,28,,2026-06-29 19:06:05
1145532,190,0,20260629,5726,29,,2026-06-29 19:06:59
1145532,190,0,20260629,5726,30,,2026-06-29 19:07:44
1145532,190,0,20260629,5726,31,,2026-06-29 19:08:48
1145532,190,0,20260629,5726,32,,2026-06-29 19:09:33
1145538,190,0,20260629,1972,1,,2026-06-29 18:35:16
1145538,190,0,20260629,1972,2,,2026-06-29 18:37:12
1145538,190,0,20260629,1972,3,,2026-06-29 18:38:02
1145538,190,0,20260629,1972,4,,2026-06-29 18:38:48
1145538,190,0,20260629,1972,5,,2026-06-29 18:39:39
1145538,190,0,20260629,1972,6,,2026-06-29 18:40:30
1145538,190,0,20260629,1972,7,,2026-06-29 18:41:07
1145538,190,0,20260629,1972,8,,2026-06-29 18:41:34
1145538,190,0,20260629,1972,9,,2026-06-29 18:42:22
1145538,190,0,20260629,1972,10,,2026-06-29 18:43:09
1145538,190,0,20260629,1972,11,,2026-06-29 18:43:48
1145538,190,0,20260629,1972,12,,2026-06-29 18:45:12
1145538,190,0,20260629,1972,999,,2026-06-29 18:46:43
1145547,190,0,20260629,1988,43,,2026-06-29 18:28:07
1145547,190,0,20260629,1988,44,,2026-06-29 18:29:25
1145547,190,0,20260629,1988,45,,2026-06-29 18:30:20
1145547,190,0,20260629,1988,46,,2026-06-29 18:31:19
1145547,190,0,20260629,1988,999,,2026-06-29 18:32:52
1145611,190B,1,20260629,1511,7,,2026-06-29 18:29:18
1145611,190B,1,20260629,1511,8,,2026-06-29 18:30:05
1145611,190B,1,20260629,1511,9,,2026-06-29 18:30:51
1145611,190B,1,20260629,1511,10,,2026-06-29 18:32:07
1145611,190B,1,20260629,1511,11,,2026-06-29 18:33:14
1145611,190B,1,20260629,1511,12,,2026-06-29 18:33:50
1145611,190B,1,20260629,1511,13,,2026-06-29 18:34:29
1145611,190B,1,20260629,1511,14,,2026-06-29 18:35:11
1145611,190B,1,20260629,1511,15,,2026-06-29 18:35:47
1145611,190B,1,20260629,1511,16,,2026-06-29 18:36:19
1145611,190B,1,20260629,1511,17,,2026-06-29 18:37:09
1145611,190B,1,20260629,1511,18,,2026-06-29 18:37:31
1145611,190B,1,20260629,1511,19,,2026-06-29 18:38:00
1145611,190B,1,20260629,1511,20,,2026-06-29 18:39:20
1145611,190B,1,20260629,1511,21,,2026-06-29 18:39:51
1145611,190B,1,20260629,1511,999,,2026-06-29 18:40:47
1145624,190B,1,20260629,5813,1,,2026-06-29 18:38:37
1145624,190B,1,20260629,5813,2,,2026-06-29 18:39:04
1145624,190B,1,20260629,5813,3,,2026-06-29 18:40:41
1145624,190B,1,20260629,5813,4,,2026-06-29 18:42:53
1145624,190B,1,20260629,5813,5,,2026-06-29 18:44:26
1145624,190B,1,20260629,5813,6,,2026-06-29 18:45:56
1145624,190B,1,20260629,5813,7,,2026-06-29 18:46:50
1145624,190B,1,20260629,5813,8,,2026-06-29 18:47:35
1145624,190B,1,20260629,5813,9,,2026-06-29 18:48:19
1145624,190B,1,20260629,5813,10,,2026-06-29 18:49:31
1145624,190B,1,20260629,5813,11,,2026-06-29 18:50:36
1145624,190B,1,20260629,5813,12,,2026-06-29 18:51:28
1145624,190B,1,20260629,5813,13,,2026-06-29 18:52:14
1145624,190B,1,20260629,5813,14,,2026-06-29 18:53:11
1145624,190B,1,20260629,5813,15,,2026-06-29 18:53:56
1145624,190B,1,20260629,5813,16,,2026-06-29 18:54:35
1145624,190B,1,20260629,5813,17,,2026-06-29 18:55:36
1145672,230,1,20260629,1829,1,,2026-06-29 18:29:00
1145672,230,1,20260629,1829,2,,2026-06-29 18:29:39
1145672,230,1,20260629,1829,3,,2026-06-29 18:30:58
1145672,230,1,20260629,1829,4,,2026-06-29 18:31:52
1145672,230,1,20260629,1829,5,,2026-06-29 18:33:11
1145672,230,1,20260629,1829,6,,2026-06-29 18:33:55
1145672,230,1,20260629,1829,7,,2026-06-29 18:36:16
1145672,230,1,20260629,1829,8,,2026-06-29 18:38:06
1145672,230,1,20260629,1829,9,,2026-06-29 18:39:50
1145672,230,1,20260629,1829,10,,2026-06-29 18:43:07
1145672,230,1,20260629,1829,11,,2026-06-29 18:43:25
1145672,230,1,20260629,1829,12,,2026-06-29 18:44:34
1145672,230,1,20260629,1829,13,,2026-06-29 18:45:32
1145672,230,1,20260629,1829,14,,2026-06-29 18:47:30
1145672,230,1,20260629,1829,15,,2026-06-29 18:47:58
1145672,230,1,20260629,1829,16,,2026-06-29 18:48:33
1145672,230,1,20260629,1829,17,,2026-06-29 18:50:59
1145672,230,1,20260629,1829,18,,2026-06-29 18:52:14
1145672,230,1,20260629,1829,19,,2026-06-29 18:53:40
1145672,230,1,20260629,1829,20,,2026-06-29 18:54:54
1145672,230,1,20260629,1829,21,,2026-06-29 18:55:43
1145672,230,1,20260629,1829,22,,2026-06-29 18:56:25
1145672,230,1,20260629,1829,23,,2026-06-29 18:57:32
1145672,230,1,20260629,1829,24,,2026-06-29 18:58:30
1145672,230,1,20260629,1829,25,,2026-06-29 18:59:39
1145672,230,1,20260629,1829,26,,2026-06-29 19:00:23
1145672,230,1,20260629,1829,27,,2026-06-29 19:01:00
1145672,230,1,20260629,1829,28,,2026-06-29 19:01:29
1145675,230,1,20260629,1412,45,,2026-06-29 18:28:16
1145675,230,1,20260629,1412,46,,2026-06-29 18:28:43
1145675,230,1,20260629,1412,47,,2026-06-29 18:28:44
1145675,230,1,20260629,1412,48,,2026-06-29 18:30:56
1145675,230,1,20260629,1412,49,,2026-06-29 18:31:21
1145675,230,1,20260629,1412,50,,2026-06-29 18:31:20
1145675,230,1,20260629,1412,999,,2026-06-29 18:32:58
1145677,230,1,20260629,1386,25,,2026-06-29 18:28:19
1145677,230,1,20260629,1386,26,,2026-06-29 18:29:02
1145677,230,1,20260629,1386,27,,2026-06-29 18:29:33
1145677,230,1,20260629,1386,28,,2026-06-29 18:30:32
1145677,230,1,20260629,1386,29,,2026-06-29 18:30:53
1145677,230,1,20260629,1386,30,,2026-06-29 18:31:23
1145677,230,1,20260629,1386,31,,2026-06-29 18:31:49
1145677,230,1,20260629,1386,32,,2026-06-29 18:33:09
1145677,230,1,20260629,1386,33,,2026-06-29 18:36:49
1145677,230,1,20260629,1386,34,,2026-06-29 18:37:45
1145677,230,1,20260629,1386,35,,2026-06-29 18:38:09
1145677,230,1,20260629,1386,36,,2026-06-29 18:38:31
1145677,230,1,20260629,1386,37,,2026-06-29 18:39:01
1145677,230,1,20260629,1386,38,,2026-06-29 18:39:28
1145677,230,1,20260629,1386,39,,2026-06-29 18:39:56
1145677,230,1,20260629,1386,40,,2026-06-29 18:41:16
1145677,230,1,20260629,1386,41,,2026-06-29 18:41:42
1145677,230,1,20260629,1386,42,,2026-06-29 18:42:15
1145677,230,1,20260629,1386,43,,2026-06-29 18:42:40
1145677,230,1,20260629,1386,44,,2026-06-29 18:43:20
1145677,230,1,20260629,1386,45,,2026-06-29 18:43:59
1145677,230,1,20260629,1386,46,,2026-06-29 18:44:25
1145677,230,1,20260629,1386,47,,2026-06-29 18:44:48
1145677,230,1,20260629,1386,48,,2026-06-29 18:46:40
1145677,230,1,20260629,1386,49,,2026-06-29 18:47:27
1145677,230,1,20260629,1386,50,,2026-06-29 18:48:03
1145677,230,1,20260629,1386,999,,2026-06-29 18:49:00
1145703,230,0,20260629,273,32,,2026-06-29 18:28:57
1145703,230,0,20260629,273,33,,2026-06-29 18:29:27
1145703,230,0,20260629,273,34,,2026-06-29 18:29:55
1145703,230,0,20260629,273,35,,2026-06-29 18:30:27
1145703,230,0,20260629,273,36,,2026-06-29 18:31:49
1145703,230,0,20260629,273,37,,2026-06-29 18:32:49
1145703,230,0,20260629,273,38,,2026-06-29 18:33:54
1145703,230,0,20260629,273,39,,2026-06-29 18:34:26
1145703,230,0,20260629,273,40,,2026-06-29 18:34:59
1145703,230,0,20260629,273,41,,2026-06-29 18:35:39
1145703,230,0,20260629,273,42,,2026-06-29 18:36:26
1145703,230,0,20260629,273,999,,2026-06-29 18:38:37
1145717,232,0,20260629,1829,23,,2026-06-29 18:29:16
1145717,232,0,20260629,1829,24,,2026-06-29 18:29:46
1145717,232,0,20260629,1829,25,,2026-06-29 18:30:10
1145717,232,0,20260629,1829,26,,2026-06-29 18:30:32
1145717,232,0,20260629,1829,27,,2026-06-29 18:31:12
1145717,232,0,20260629,1829,28,,2026-06-29 18:33:16
1145717,232,0,20260629,1829,29,,2026-06-29 18:33:44
1145717,232,0,20260629,1829,30,,2026-06-29 18:34:56
1145717,232,0,20260629,1829,31,,2026-06-29 18:35:22
1145717,232,0,20260629,1829,32,,2026-06-29 18:36:33
1145717,232,0,20260629,1829,33,,2026-06-29 18:37:01
1145717,232,0,20260629,1829,34,,2026-06-29 18:37:37
1145717,232,0,20260629,1829,35,,2026-06-29 18:38:32
1145717,232,0,20260629,1829,36,,2026-06-29 18:39:22
1145717,232,0,20260629,1829,37,,2026-06-29 18:40:24
1145717,232,0,20260629,1829,38,,2026-06-29 18:41:32
1145717,232,0,20260629,1829,39,,2026-06-29 18:43:25
1145717,232,0,20260629,1829,40,,2026-06-29 18:44:12
1145762,232R,1,20260629,5817,37,,2026-06-29 18:28:13
1145762,232R,1,20260629,5817,38,,2026-06-29 18:28:41
1145762,232R,1,20260629,5817,39,,2026-06-29 18:29:19
1145762,232R,1,20260629,5817,40,,2026-06-29 18:29:55
1145762,232R,1,20260629,5817,41,,2026-06-29 18:30:37
1145762,232R,1,20260629,5817,42,,2026-06-29 18:31:29
1145762,232R,1,20260629,5817,999,,2026-06-29 18:32:03
1145764,232R,1,20260629,284,1,,2026-06-29 18:32:52
1145764,232R,1,20260629,284,2,,2026-06-29 18:34:09
1145764,232R,1,20260629,284,3,,2026-06-29 18:35:12
1145764,232R,1,20260629,284,4,,2026-06-29 18:36:13
1145764,232R,1,20260629,284,5,,2026-06-29 18:37:36
1145764,232R,1,20260629,284,6,,2026-06-29 18:38:31
1145764,232R,1,20260629,284,7,,2026-06-29 18:41:21
1145764,232R,1,20260629,284,8,,2026-06-29 18:42:53
1145764,232R,1,20260629,284,9,,2026-06-29 18:45:33
1145764,232R,1,20260629,284,10,,2026-06-29 18:48:49
1145764,232R,1,20260629,284,11,,2026-06-29 18:48:52
1145764,232R,1,20260629,284,12,,2026-06-29 18:50:30
1145764,232R,1,20260629,284,13,,2026-06-29 18:51:27
1145764,232R,1,20260629,284,14,,2026-06-29 18:52:35
1145764,232R,1,20260629,284,15,,2026-06-29 18:53:03
1145764,232R,1,20260629,284,16,,2026-06-29 18:53:37
1145764,232R,1,20260629,284,17,,2026-06-29 18:54:35
1145764,232R,1,20260629,284,18,,2026-06-29 18:55:49
1145764,232R,1,20260629,284,19,,2026-06-29 18:57:14
1145764,232R,1,20260629,284,20,,2026-06-29 18:58:28
1145764,232R,1,20260629,284,21,,2026-06-29 18:59:23
1145764,232R,1,20260629,284,22,,2026-06-29 19:00:43
1145766,232R,1,20260629,1511,30,,2026-06-29 18:28:03
1145766,232R,1,20260629,1511,32,,2026-06-29 18:28:34
1145766,232R,1,20260629,1511,33,,2026-06-29 18:28:58
1145766,232R,1,20260629,1511,34,,2026-06-29 18:30:40
1145766,232R,1,20260629,1511,35,,2026-06-29 18:34:14
1145766,232R,1,20260629,1511,36,,2026-06-29 18:35:10
1145766,232R,1,20260629,1511,37,,2026-06-29 18:35:37
1145766,232R,1,20260629,1511,38,,2026-06-29 18:36:10
1145766,232R,1,20260629,1511,39,,2026-06-29 18:36:39
1145766,232R,1,20260629,1511,40,,2026-06-29 18:36:57
1145766,232R,1,20260629,1511,41,,2026-06-29 18:37:17
1145766,232R,1,20260629,1511,42,,2026-06-29 18:37:42
1145766,232R,1,20260629,1511,43,,2026-06-29 18:38:19
1145766,232R,1,20260629,1511,44,,2026-06-29 18:38:47
1145766,232R,1,20260629,1511,45,,2026-06-29 18:39:24
1145766,232R,1,20260629,1511,46,,2026-06-29 18:39:33
1145766,232R,1,20260629,1511,47,,2026-06-29 18:40:40
1145766,232R,1,20260629,1511,48,,2026-06-29 18:41:00
1145766,232R,1,20260629,1511,999,,2026-06-29 18:41:57
1156613,117,0,20260629,283,8,,2026-06-29 18:28:47
1156613,117,0,20260629,283,9,,2026-06-29 18:29:12
1156613,117,0,20260629,283,10,,2026-06-29 18:29:54
1156613,117,0,20260629,283,11,,2026-06-29 18:30:22
1156613,117,0,20260629,283,12,,2026-06-29 18:30:56
1156613,117,0,20260629,283,13,,2026-06-29 18:31:40
1156613,117,0,20260629,283,14,,2026-06-29 18:32:03
1156613,117,0,20260629,283,15,,2026-06-29 18:32:24
1156613,117,0,20260629,283,16,,2026-06-29 18:34:26
1156613,117,0,20260629,283,17,,2026-06-29 18:36:35
1156613,117,0,20260629,283,18,,2026-06-29 18:36:55
1156613,117,0,20260629,283,19,,2026-06-29 18:37:16
1156613,117,0,20260629,283,20,,2026-06-29 18:38:08
1156613,117,0,20260629,283,21,,2026-06-29 18:38:30
1156613,117,0,20260629,283,22,,2026-06-29 18:39:48
1156613,117,0,20260629,283,23,,2026-06-29 18:40:25
1156613,117,0,20260629,283,24,,2026-06-29 18:40:55
1156613,117,0,20260629,283,25,,2026-06-29 18:41:44
1156613,117,0,20260629,283,26,,2026-06-29 18:42:22
1156613,117,0,20260629,283,27,,2026-06-29 18:43:02
1156613,117,0,20260629,283,28,,2026-06-29 18:43:39
1156613,117,0,20260629,283,29,,2026-06-29 18:43:39
1156613,117,0,20260629,283,30,,2026-06-29 18:44:13
1156613,117,0,20260629,283,31,,2026-06-29 18:45:29
1156613,117,0,20260629,283,32,,2026-06-29 18:46:05
1156613,117,0,20260629,283,33,,2026-06-29 18:46:44
1156613,117,0,20260629,283,34,,2026-06-29 18:47:16
1156613,117,0,20260629,283,35,,2026-06-29 18:47:43
1156613,117,0,20260629,283,36,,2026-06-29 18:48:23
1156613,117,0,20260629,283,37,,2026-06-29 18:49:09
1156613,117,0,20260629,283,38,,2026-06-29 18:49:47
1156613,117,0,20260629,283,39,,2026-06-29 18:50:26
1156613,117,0,20260629,283,40,,2026-06-29 18:50:57
1156613,117,0,20260629,283,41,,2026-06-29 18:51:49
1156613,117,0,20260629,283,42,,2026-06-29 18:52:30
1156613,117,0,20260629,283,43,,2026-06-29 18:53:24
1156613,117,0,20260629,283,44,,2026-06-29 18:54:25
1156619,117,1,20260629,1956,3,,2026-06-29 18:29:42
1156619,117,1,20260629,1956,4,,2026-06-29 18:32:09
1156619,117,1,20260629,1956,5,,2026-06-29 18:34:42
1156619,117,1,20260629,1956,6,,2026-06-29 18:36:57
1156619,117,1,20260629,1956,7,,2026-06-29 18:39:26
1156619,117,1,20260629,1956,8,,2026-06-29 18:40:48
1156619,117,1,20260629,1956,9,,2026-06-29 18:41:22
1156619,117,1,20260629,1956,10,,2026-06-29 18:41:48
1156619,117,1,20260629,1956,11,,2026-06-29 18:42:05
1156619,117,1,20260629,1956,12,,2026-06-29 18:43:07
1156619,117,1,20260629,1956,13,,2026-06-29 18:43:40
1156619,117,1,20260629,1956,14,,2026-06-29 18:45:08
1156619,117,1,20260629,1956,15,,2026-06-29 18:45:48
1156619,117,1,20260629,1956,16,,2026-06-29 18:46:54
1156619,117,1,20260629,1956,17,,2026-06-29 18:47:42
1156619,117,1,20260629,1956,18,,2026-06-29 18:49:51
1156619,117,1,20260629,1956,19,,2026-06-29 18:51:10
1156619,117,1,20260629,1956,20,,2026-06-29 18:51:43
1156619,117,1,20260629,1956,21,,2026-06-29 18:52:18
1156619,117,1,20260629,1956,22,,2026-06-29 18:52:40
1156619,117,1,20260629,1956,23,,2026-06-29 18:53:08
1156619,117,1,20260629,1956,24,,2026-06-29 18:53:30
1156619,117,1,20260629,1956,25,,2026-06-29 18:54:45
1156619,117,1,20260629,1956,26,,2026-06-29 18:55:37
1156619,117,1,20260629,1956,27,,2026-06-29 18:56:16
1156619,117,1,20260629,1956,28,,2026-06-29 18:56:50
1156619,117,1,20260629,1956,29,,2026-06-29 18:57:44
1156619,117,1,20260629,1956,30,,2026-06-29 18:58:17
1156619,117,1,20260629,1956,31,,2026-06-29 18:58:53
1156619,117,1,20260629,1956,32,,2026-06-29 18:59:52
1156619,117,1,20260629,1956,33,,2026-06-29 19:00:53
1156619,117,1,20260629,1956,34,,2026-06-29 19:01:56
1156619,117,1,20260629,1956,35,,2026-06-29 19:02:27
1156619,117,1,20260629,1956,36,,2026-06-29 19:03:19
1156619,117,1,20260629,1956,37,,2026-06-29 19:04:19
1156623,117,1,20260629,1513,52,,2026-06-29 18:28:43
1156623,117,1,20260629,1513,53,,2026-06-29 18:29:31
1156623,117,1,20260629,1513,999,,2026-06-29 18:31:30
1156627,117,1,20260629,1912,22,,2026-06-29 18:28:10
1156627,117,1,20260629,1912,23,,2026-06-29 18:28:42
1156627,117,1,20260629,1912,24,,2026-06-29 18:29:06
1156627,117,1,20260629,1912,25,,2026-06-29 18:30:07
1156627,117,1,20260629,1912,26,,2026-06-29 18:31:07
1156627,117,1,20260629,1912,27,,2026-06-29 18:31:41
1156627,117,1,20260629,1912,28,,2026-06-29 18:32:04
1156627,117,1,20260629,1912,29,,2026-06-29 18:32:37
1156627,117,1,20260629,1912,30,,2026-06-29 18:33:05
1156627,117,1,20260629,1912,31,,2026-06-29 18:33:26
1156627,117,1,20260629,1912,32,,2026-06-29 18:36:13
1156627,117,1,20260629,1912,33,,2026-06-29 18:36:50
1156627,117,1,20260629,1912,34,,2026-06-29 18:37:26
1156627,117,1,20260629,1912,35,,2026-06-29 18:40:09
1156627,117,1,20260629,1912,36,,2026-06-29 18:40:34
1156627,117,1,20260629,1912,37,,2026-06-29 18:40:56
1156627,117,1,20260629,1912,38,,2026-06-29 18:41:33
1156627,117,1,20260629,1912,39,,2026-06-29 18:42:45
1156627,117,1,20260629,1912,40,,2026-06-29 18:44:22
1156627,117,1,20260629,1912,41,,2026-06-29 18:46:21
1156627,117,1,20260629,1912,42,,2026-06-29 18:48:19
1156627,117,1,20260629,1912,43,,2026-06-29 18:49:26
1156627,117,1,20260629,1912,44,,2026-06-29 18:50:38
1156627,117,1,20260629,1912,45,,2026-06-29 18:51:51
1156627,117,1,20260629,1912,46,,2026-06-29 18:53:11
1156627,117,1,20260629,1912,47,,2026-06-29 18:54:01
1156627,117,1,20260629,1912,48,,2026-06-29 18:55:07
1156627,117,1,20260629,1912,49,,2026-06-29 18:56:19
1156627,117,1,20260629,1912,50,,2026-06-29 18:57:12
1156627,117,1,20260629,1912,51,,2026-06-29 18:58:30
1156637,117,0,20260629,1910,41,,2026-06-29 18:28:28
1156637,117,0,20260629,1910,42,,2026-06-29 18:29:11
1156637,117,0,20260629,1910,43,,2026-06-29 18:31:08
1156637,117,0,20260629,1910,44,,2026-06-29 18:31:45
1156637,117,0,20260629,1910,45,,2026-06-29 18:34:16
1156637,117,0,20260629,1910,46,,2026-06-29 18:34:48
1156637,117,0,20260629,1910,999,,2026-06-29 18:36:50
1156652,118,0,20260629,5818,30,,2026-06-29 18:28:33
1156652,118,0,20260629,5818,31,,2026-06-29 18:29:50
1156652,118,0,20260629,5818,32,,2026-06-29 18:31:05
1156652,118,0,20260629,5818,33,,2026-06-29 18:31:35
1156652,118,0,20260629,5818,34,,2026-06-29 18:32:14
1156652,118,0,20260629,5818,35,,2026-06-29 18:33:01
1156652,118,0,20260629,5818,36,,2026-06-29 18:34:52
1156652,118,0,20260629,5818,37,,2026-06-29 18:35:33
1156652,118,0,20260629,5818,38,,2026-06-29 18:38:00
1156652,118,0,20260629,5818,39,,2026-06-29 18:38:28
1156652,118,0,20260629,5818,999,,2026-06-29 18:40:55
1156669,118,1,20260629,1181,1,,2026-06-29 18:42:55
1156669,118,1,20260629,1181,2,,2026-06-29 18:44:56
1156669,118,1,20260629,1181,3,,2026-06-29 18:46:45
1156669,118,1,20260629,1181,4,,2026-06-29 18:49:21
1156669,118,1,20260629,1181,5,,2026-06-29 18:51:05
1156669,118,1,20260629,1181,6,,2026-06-29 18:52:12
1156669,118,1,20260629,1181,7,,2026-06-29 18:54:15
1156669,118,1,20260629,1181,8,,2026-06-29 18:55:32
1156669,118,1,20260629,1181,9,,2026-06-29 18:56:11
1156669,118,1,20260629,1181,10,,2026-06-29 18:56:52
1156669,118,1,20260629,1181,11,,2026-06-29 18:57:31
1156669,118,1,20260629,1181,12,,2026-06-29 18:58:50
1156669,118,1,20260629,1181,13,,2026-06-29 19:00:04
1156669,118,1,20260629,1181,14,,2026-06-29 19:01:04
1156680,118,1,20260629,1911,12,,2026-06-29 18:28:22
1156680,118,1,20260629,1911,13,,2026-06-29 18:28:58
1156680,118,1,20260629,1911,14,,2026-06-29 18:30:35
1156680,118,1,20260629,1911,15,,2026-06-29 18:31:07
1156680,118,1,20260629,1911,16,,2026-06-29 18:32:10
1156680,118,1,20260629,1911,17,,2026-06-29 18:33:11
1156680,118,1,20260629,1911,18,,2026-06-29 18:34:44
1156680,118,1,20260629,1911,19,,2026-06-29 18:36:15
1156680,118,1,20260629,1911,20,,2026-06-29 18:36:41
1156680,118,1,20260629,1911,21,,2026-06-29 18:37:09
1156680,118,1,20260629,1911,22,,2026-06-29 18:37:48
1156680,118,1,20260629,1911,23,,2026-06-29 18:38:21
1156680,118,1,20260629,1911,24,,2026-06-29 18:38:50
1156680,118,1,20260629,1911,25,,2026-06-29 18:39:55
1156680,118,1,20260629,1911,26,,2026-06-29 18:40:57
1156680,118,1,20260629,1911,27,,2026-06-29 18:41:36
1156680,118,1,20260629,1911,28,,2026-06-29 18:42:04
1156680,118,1,20260629,1911,29,,2026-06-29 18:42:37
1156680,118,1,20260629,1911,30,,2026-06-29 18:43:04
1156680,118,1,20260629,1911,31,,2026-06-29 18:43:26
1156680,118,1,20260629,1911,32,,2026-06-29 18:45:37
1156680,118,1,20260629,1911,33,,2026-06-29 18:46:22
1156680,118,1,20260629,1911,34,,2026-06-29 18:46:56
1156680,118,1,20260629,1911,35,,2026-06-29 18:47:58
1156680,118,1,20260629,1911,36,,2026-06-29 18:48:57
1156680,118,1,20260629,1911,37,,2026-06-29 18:50:11
1156680,118,1,20260629,1911,38,,2026-06-29 18:51:22
1156680,118,1,20260629,1911,39,,2026-06-29 18:52:22
1156680,118,1,20260629,1911,40,,2026-06-29 18:53:15
1156680,118,1,20260629,1911,41,,2026-06-29 18:53:54
1156680,118,1,20260629,1911,42,,2026-06-29 18:55:01
1156680,118,1,20260629,1911,43,,2026-06-29 18:55:22
1156680,118,1,20260629,1911,44,,2026-06-29 18:56:59
1156680,118,1,20260629,1911,45,,2026-06-29 18:57:39
1156680,118,1,20260629,1911,46,,2026-06-29 18:58:27
1156686,118,1,20260629,280,44,,2026-06-29 18:29:35
1156686,118,1,20260629,280,45,,2026-06-29 18:30:20
1156686,118,1,20260629,280,46,,2026-06-29 18:30:47
1156686,118,1,20260629,280,47,,2026-06-29 18:31:09
1156686,118,1,20260629,280,999,,2026-06-29 18:32:20
1156721,140,1,20260629,1251,3,,2026-06-29 18:28:32
1156721,140,1,20260629,1251,4,,2026-06-29 18:30:00
1156746,141,0,20260629,5851,1,,2026-06-29 18:29:00
1156746,141,0,20260629,5851,2,,2026-06-29 18:29:37
1156746,141,0,20260629,5851,3,,2026-06-29 18:30:07
1156746,141,0,20260629,5851,4,,2026-06-29 18:30:03
1156746,141,0,20260629,5851,5,,2026-06-29 18:30:30
1156746,141,0,20260629,5851,6,,2026-06-29 18:31:05
1156746,141,0,20260629,5851,7,,2026-06-29 18:31:23
1156746,141,0,20260629,5851,8,,2026-06-29 18:31:55
1156746,141,0,20260629,5851,9,,2026-06-29 18:32:20
1156746,141,0,20260629,5851,10,,2026-06-29 18:33:17
1156746,141,0,20260629,5851,11,,2026-06-29 18:33:55
1156746,141,0,20260629,5851,12,,2026-06-29 18:34:38
1156746,141,0,20260629,5851,13,,2026-06-29 18:35:03
1156746,141,0,20260629,5851,14,,2026-06-29 18:35:28
1156746,141,0,20260629,5851,15,,2026-06-29 18:37:15
1156746,141,0,20260629,5851,16,,2026-06-29 18:37:46
1156746,141,0,20260629,5851,17,,2026-06-29 18:38:14
1156746,141,0,20260629,5851,18,,2026-06-29 18:39:00
1156746,141,0,20260629,5851,19,,2026-06-29 18:39:31
1156746,141,0,20260629,5851,20,,2026-06-29 18:40:08
1156746,141,0,20260629,5851,21,,2026-06-29 18:41:35
1156746,141,0,20260629,5851,22,,2026-06-29 18:42:33
1156746,141,0,20260629,5851,999,,2026-06-29 18:42:55
1156770,141,1,20260629,1911,1,,2026-06-29 18:36:50
1156770,141,1,20260629,1911,2,,2026-06-29 18:37:24
1156770,141,1,20260629,1911,3,,2026-06-29 18:38:18
1156770,141,1,20260629,1911,4,,2026-06-29 18:40:31
1156770,141,1,20260629,1911,5,,2026-06-29 18:43:29
1156770,141,1,20260629,1911,6,,2026-06-29 18:45:17
1156770,141,1,20260629,1911,7,,2026-06-29 18:48:38
1156770,141,1,20260629,1911,8,,2026-06-29 18:48:58
1156770,141,1,20260629,1911,9,,2026-06-29 18:49:44
1156770,141,1,20260629,1911,10,,2026-06-29 18:50:08
1156770,141,1,20260629,1911,11,,2026-06-29 18:51:17
1156770,141,1,20260629,1911,12,,2026-06-29 18:52:08
1156770,141,1,20260629,1911,13,,2026-06-29 18:52:56
1156770,141,1,20260629,1911,14,,2026-06-29 18:53:32
1156770,141,1,20260629,1911,15,,2026-06-29 18:54:54
1156770,141,1,20260629,1911,16,,2026-06-29 18:55:39
1156770,141,1,20260629,1911,17,,2026-06-29 18:56:42
1156770,141,1,20260629,1911,18,,2026-06-29 18:57:25
1156770,141,1,20260629,1911,19,,2026-06-29 18:58:19
1156770,141,1,20260629,1911,20,,2026-06-29 18:59:46
1156795,142,1,20260629,5818,1,,2026-06-29 18:40:55
1156795,142,1,20260629,5818,2,,2026-06-29 18:41:27
1156795,142,1,20260629,5818,3,,2026-06-29 18:42:20
1156795,142,1,20260629,5818,4,,2026-06-29 18:44:38
1156795,142,1,20260629,5818,5,,2026-06-29 18:47:30
1156795,142,1,20260629,5818,6,,2026-06-29 18:49:20
1156795,142,1,20260629,5818,7,,2026-06-29 18:51:51
1156795,142,1,20260629,5818,8,,2026-06-29 18:52:17
1156795,142,1,20260629,5818,9,,2026-06-29 18:53:03
1156795,142,1,20260629,5818,10,,2026-06-29 18:53:27
1156795,142,1,20260629,5818,11,,2026-06-29 18:54:36
1156795,142,1,20260629,5818,12,,2026-06-29 18:55:28
1156795,142,1,20260629,5818,13,,2026-06-29 18:56:17
1156795,142,1,20260629,5818,14,,2026-06-29 18:56:53
1156795,142,1,20260629,5818,15,,2026-06-29 18:58:16
1156795,142,1,20260629,5818,16,,2026-06-29 18:59:02
1156795,142,1,20260629,5818,17,,2026-06-29 19:00:06
1156849,142,1,20260629,1181,999,,2026-06-29 18:29:03
1156852,142,1,20260629,5820,7,,2026-06-29 18:29:40
1156852,142,1,20260629,5820,8,,2026-06-29 18:30:02
1156852,142,1,20260629,5820,9,,2026-06-29 18:30:39
1156852,142,1,20260629,5820,10,,2026-06-29 18:31:03
1156852,142,1,20260629,5820,11,,2026-06-29 18:31:48
1156852,142,1,20260629,5820,12,,2026-06-29 18:32:19
1156852,142,1,20260629,5820,13,,2026-06-29 18:32:53
1156852,142,1,20260629,5820,14,,2026-06-29 18:33:19
1156852,142,1,20260629,5820,15,,2026-06-29 18:34:17
1156852,142,1,20260629,5820,16,,2026-06-29 18:34:44
1156852,142,1,20260629,5820,17,,2026-06-29 18:36:06
1156852,142,1,20260629,5820,18,,2026-06-29 18:36:31
1156852,142,1,20260629,5820,19,,2026-06-29 18:37:03
1156852,142,1,20260629,5820,20,,2026-06-29 18:38:13
1156852,142,1,20260629,5820,21,,2026-06-29 18:38:49
1156852,142,1,20260629,5820,22,,2026-06-29 18:39:14
1156852,142,1,20260629,5820,23,,2026-06-29 18:39:55
1156852,142,1,20260629,5820,24,,2026-06-29 18:40:27
1156852,142,1,20260629,5820,25,,2026-06-29 18:41:00
1156852,142,1,20260629,5820,26,,2026-06-29 18:41:50
1156852,142,1,20260629,5820,27,,2026-06-29 18:42:14
1156852,142,1,20260629,5820,28,,2026-06-29 18:42:51
1156852,142,1,20260629,5820,29,,2026-06-29 18:43:37
1156852,142,1,20260629,5820,30,,2026-06-29 18:44:36
1156852,142,1,20260629,5820,999,,2026-06-29 18:45:17
1156873,144,0,20260629,5009,1,,2026-06-29 18:36:34
1156873,144,0,20260629,5009,2,,2026-06-29 18:37:19
1156873,144,0,20260629,5009,3,,2026-06-29 18:38:04
1156873,144,0,20260629,5009,4,,2026-06-29 18:38:26
1156873,144,0,20260629,5009,5,,2026-06-29 18:38:32
1156873,144,0,20260629,5009,6,,2026-06-29 18:39:23
1156873,144,0,20260629,5009,7,,2026-06-29 18:40:12
1156873,144,0,20260629,5009,8,,2026-06-29 18:41:34
1156873,144,0,20260629,5009,9,,2026-06-29 18:42:18
1156873,144,0,20260629,5009,10,,2026-06-29 18:43:16
1156873,144,0,20260629,5009,11,,2026-06-29 18:43:56
1156873,144,0,20260629,5009,12,,2026-06-29 18:44:54
1156873,144,0,20260629,5009,13,,2026-06-29 18:45:25
1156873,144,0,20260629,5009,14,,2026-06-29 18:45:52
1156873,144,0,20260629,5009,15,,2026-06-29 18:46:49
1156873,144,0,20260629,5009,16,,2026-06-29 18:47:27
1156873,144,0,20260629,5009,17,,2026-06-29 18:47:42
1156873,144,0,20260629,5009,18,,2026-06-29 18:48:44
1156873,144,0,20260629,5009,19,,2026-06-29 18:49:19
1156873,144,0,20260629,5009,999,,2026-06-29 18:49:52
1156891,144,1,20260629,1909,1,,2026-06-29 18:46:00
1156891,144,1,20260629,1909,2,,2026-06-29 18:46:47
1156891,144,1,20260629,1909,3,,2026-06-29 18:47:41
1156891,144,1,20260629,1909,4,,2026-06-29 18:50:00
1156891,144,1,20260629,1909,5,,2026-06-29 18:53:17
1156891,144,1,20260629,1909,6,,2026-06-29 18:55:11
1156891,144,1,20260629,1909,7,,2026-06-29 18:59:00
1156891,144,1,20260629,1909,8,,2026-06-29 18:59:19
1156891,144,1,20260629,1909,9,,2026-06-29 18:59:53
1156914,144G,1,20260629,1024,6,,2026-06-29 18:31:26
1156914,144G,1,20260629,1024,7,,2026-06-29 18:31:55
1156914,144G,1,20260629,1024,8,,2026-06-29 18:32:46
1156914,144G,1,20260629,1024,9,,2026-06-29 18:33:09
1156914,144G,1,20260629,1024,10,,2026-06-29 18:35:20
1156914,144G,1,20260629,1024,11,,2026-06-29 18:35:44
1156914,144G,1,20260629,1024,12,,2026-06-29 18:36:08
1156914,144G,1,20260629,1024,13,,2026-06-29 18:37:23
1156914,144G,1,20260629,1024,14,,2026-06-29 18:38:02
1156914,144G,1,20260629,1024,15,,2026-06-29 18:38:43
1156914,144G,1,20260629,1024,16,,2026-06-29 18:40:22
1156914,144G,1,20260629,1024,999,,2026-06-29 18:41:28
1156971,147,1,20260629,5821,22,,2026-06-29 18:28:30
1156971,147,1,20260629,5821,23,,2026-06-29 18:30:02
1156971,147,1,20260629,5821,24,,2026-06-29 18:31:20
1156971,147,1,20260629,5821,25,,2026-06-29 18:32:13
1156971,147,1,20260629,5821,26,,2026-06-29 18:32:39
1156971,147,1,20260629,5821,27,,2026-06-29 18:33:32
1156971,147,1,20260629,5821,28,,2026-06-29 18:34:00
1156971,147,1,20260629,5821,29,,2026-06-29 18:35:29
1156971,147,1,20260629,5821,30,,2026-06-29 18:36:06
1156971,147,1,20260629,5821,31,,2026-06-29 18:36:30
1156971,147,1,20260629,5821,32,,2026-06-29 18:37:07
1156971,147,1,20260629,5821,33,,2026-06-29 18:38:12
1156971,147,1,20260629,5821,34,,2026-06-29 18:38:59
1156971,147,1,20260629,5821,999,,2026-06-29 18:39:27
1156972,147,1,20260629,1028,1,,2026-06-29 18:31:00
1156972,147,1,20260629,1028,2,,2026-06-29 18:31:47
1156972,147,1,20260629,1028,3,,2026-06-29 18:32:41
1156972,147,1,20260629,1028,4,,2026-06-29 18:34:28
1156972,147,1,20260629,1028,5,,2026-06-29 18:37:38
1156972,147,1,20260629,1028,6,,2026-06-29 18:39:01
1156972,147,1,20260629,1028,7,,2026-06-29 18:42:02
1156972,147,1,20260629,1028,8,,2026-06-29 18:43:09
1156972,147,1,20260629,1028,9,,2026-06-29 18:44:22
1156972,147,1,20260629,1028,10,,2026-06-29 18:45:03
1156972,147,1,20260629,1028,11,,2026-06-29 18:45:51
1156972,147,1,20260629,1028,12,,2026-06-29 18:46:53
1156972,147,1,20260629,1028,13,,2026-06-29 18:48:40
1156972,147,1,20260629,1028,14,,2026-06-29 18:48:59
1156972,147,1,20260629,1028,15,,2026-06-29 18:51:23
1156972,147,1,20260629,1028,16,,2026-06-29 18:52:11
1156972,147,1,20260629,1028,17,,2026-06-29 18:52:31
1156972,147,1,20260629,1028,18,,2026-06-29 18:53:23
1156972,147,1,20260629,1028,19,,2026-06-29 18:54:10
1156972,147,1,20260629,1028,20,,2026-06-29 18:55:19
1156972,147,1,20260629,1028,21,,2026-06-29 18:56:14
1156972,147,1,20260629,1028,22,,2026-06-29 18:56:53
1156972,147,1,20260629,1028,23,,2026-06-29 18:57:21
1156972,147,1,20260629,1028,24,,2026-06-29 18:58:49
1156972,147,1,20260629,1028,25,,2026-06-29 18:59:29
1156972,147,1,20260629,1028,26,,2026-06-29 19:00:08
1156972,147,1,20260629,1028,27,,2026-06-29 19:00:49
1156972,147,1,20260629,1028,28,,2026-06-29 19:01:21
1156972,147,1,20260629,1028,29,,2026-06-29 19:02:21
1156978,147,0,20260629,1382,23,,2026-06-29 18:28:48
1156978,147,0,20260629,1382,24,,2026-06-29 18:32:36
1156978,147,0,20260629,1382,999,,2026-06-29 18:33:20
1156993,150,0,20260629,1228,11,,2026-06-29 18:28:33
1156993,150,0,20260629,1228,12,,2026-06-29 18:29:07
1156993,150,0,20260629,1228,13,,2026-06-29 18:29:53
1156993,150,0,20260629,1228,14,,2026-06-29 18:30:41
1156993,150,0,20260629,1228,15,,2026-06-29 18:31:26
1156993,150,0,20260629,1228,16,,2026-06-29 18:31:57
1156993,150,0,20260629,1228,17,,2026-06-29 18:32:32
1156993,150,0,20260629,1228,18,,2026-06-29 18:33:07
1156993,150,0,20260629,1228,19,,2026-06-29 18:33:31
1156993,150,0,20260629,1228,20,,2026-06-29 18:35:30
1156993,150,0,20260629,1228,21,,2026-06-29 18:36:55
1156993,150,0,20260629,1228,22,,2026-06-29 18:38:02
1156993,150,0,20260629,1228,23,,2026-06-29 18:40:09
1156993,150,0,20260629,1228,24,,2026-06-29 18:40:36
1156993,150,0,20260629,1228,25,,2026-06-29 18:40:57
1156993,150,0,20260629,1228,26,,2026-06-29 18:41:40
1156993,150,0,20260629,1228,27,,2026-06-29 18:42:03
1156993,150,0,20260629,1228,28,,2026-06-29 18:42:22
1156993,150,0,20260629,1228,29,,2026-06-29 18:42:42
1156993,150,0,20260629,1228,30,,2026-06-29 18:43:12
1156993,150,0,20260629,1228,31,,2026-06-29 18:43:41
1156993,150,0,20260629,1228,32,,2026-06-29 18:43:38
1156993,150,0,20260629,1228,33,,2026-06-29 18:44:21
1156993,150,0,20260629,1228,34,,2026-06-29 18:44:53
1156993,150,0,20260629,1228,35,,2026-06-29 18:45:33
1156993,150,0,20260629,1228,36,,2026-06-29 18:46:01
1156993,150,0,20260629,1228,37,,2026-06-29 18:46:59
1156993,150,0,20260629,1228,38,,2026-06-29 18:47:26
1156993,150,0,20260629,1228,39,,2026-06-29 18:48:06
1156993,150,0,20260629,1228,40,,2026-06-29 18:48:32
1156993,150,0,20260629,1228,41,,2026-06-29 18:49:23
1156993,150,0,20260629,1228,42,,2026-06-29 18:50:02
1156993,150,0,20260629,1228,43,,2026-06-29 18:50:49
1156993,150,0,20260629,1228,44,,2026-06-29 18:51:18
1156993,150,0,20260629,1228,45,,2026-06-29 18:51:59
1156993,150,0,20260629,1228,46,,2026-06-29 18:52:58
1156993,150,0,20260629,1228,47,,2026-06-29 18:53:32
1156993,150,0,20260629,1228,48,,2026-06-29 18:54:09
1156993,150,0,20260629,1228,49,,2026-06-29 18:54:55
1156993,150,0,20260629,1228,50,,2026-06-29 18:55:44
1157003,150,1,20260629,1958,44,,2026-06-29 18:28:34
1157003,150,1,20260629,1958,45,,2026-06-29 18:29:51
1157003,150,1,20260629,1958,46,,2026-06-29 18:30:58
1157003,150,1,20260629,1958,47,,2026-06-29 18:31:36
1157003,150,1,20260629,1958,48,,2026-06-29 18:32:18
1157003,150,1,20260629,1958,49,,2026-06-29 18:32:51
1157003,150,1,20260629,1958,50,,2026-06-29 18:33:30
1157003,150,1,20260629,1958,51,,2026-06-29 18:34:18
1157003,150,1,20260629,1958,52,,2026-06-29 18:35:12
1157003,150,1,20260629,1958,53,,2026-06-29 18:36:18
1157003,150,1,20260629,1958,54,,2026-06-29 18:36:54
1157003,150,1,20260629,1958,55,,2026-06-29 18:37:26
1157003,150,1,20260629,1958,56,,2026-06-29 18:37:57
1157003,150,1,20260629,1958,57,,2026-06-29 18:38:30
1157003,150,1,20260629,1958,58,,2026-06-29 18:39:11
1157003,150,1,20260629,1958,59,,2026-06-29 18:39:29
1157003,150,1,20260629,1958,60,,2026-06-29 18:39:51
1157003,150,1,20260629,1958,61,,2026-06-29 18:40:23
1157003,150,1,20260629,1958,62,,2026-06-29 18:40:43
1157003,150,1,20260629,1958,63,,2026-06-29 18:41:01
1157003,150,1,20260629,1958,64,,2026-06-29 18:41:19
1157003,150,1,20260629,1958,999,,2026-06-29 18:41:38
1157014,150,0,20260629,1505,37,,2026-06-29 18:28:52
1157014,150,0,20260629,1505,38,,2026-06-29 18:29:14
1157014,150,0,20260629,1505,39,,2026-06-29 18:29:34
1157014,150,0,20260629,1505,40,,2026-06-29 18:29:56
1157014,150,0,20260629,1505,41,,2026-06-29 18:31:18
1157014,150,0,20260629,1505,42,,2026-06-29 18:31:41
1157014,150,0,20260629,1505,43,,2026-06-29 18:32:01
1157014,150,0,20260629,1505,44,,2026-06-29 18:32:32
1157014,150,0,20260629,1505,45,,2026-06-29 18:32:56
1157014,150,0,20260629,1505,46,,2026-06-29 18:33:49
1157014,150,0,20260629,1505,47,,2026-06-29 18:34:09
1157014,150,0,20260629,1505,48,,2026-06-29 18:34:37
1157014,150,0,20260629,1505,49,,2026-06-29 18:35:19
1157014,150,0,20260629,1505,50,,2026-06-29 18:35:59
1157014,150,0,20260629,1505,51,,2026-06-29 18:36:37
1157014,150,0,20260629,1505,52,,2026-06-29 18:37:19
1157014,150,0,20260629,1505,53,,2026-06-29 18:38:03
1157014,150,0,20260629,1505,54,,2026-06-29 18:38:34
1157014,150,0,20260629,1505,55,,2026-06-29 18:39:03
1157014,150,0,20260629,1505,56,,2026-06-29 18:40:53
1157014,150,0,20260629,1505,57,,2026-06-29 18:41:10
1157014,150,0,20260629,1505,999,,2026-06-29 18:43:07
1157033,150B,1,20260629,1024,16,,2026-06-29 18:28:44
1157033,150B,1,20260629,1024,17,,2026-06-29 18:29:22
1157033,150B,1,20260629,1024,18,,2026-06-29 18:30:04
1157033,150B,1,20260629,1024,19,,2026-06-29 18:31:21
1157033,150B,1,20260629,1024,20,,2026-06-29 18:31:50
1157033,150B,1,20260629,1024,21,,2026-06-29 18:32:20
1157033,150B,1,20260629,1024,22,,2026-06-29 18:32:46
1157033,150B,1,20260629,1024,23,,2026-06-29 18:33:21
1157033,150B,1,20260629,1024,24,,2026-06-29 18:33:51
1157033,150B,1,20260629,1024,25,,2026-06-29 18:34:24
1157033,150B,1,20260629,1024,26,,2026-06-29 18:34:44
1157033,150B,1,20260629,1024,27,,2026-06-29 18:35:17
1157033,150B,1,20260629,1024,28,,2026-06-29 18:35:43
1157033,150B,1,20260629,1024,29,,2026-06-29 18:36:08
1157033,150B,1,20260629,1024,30,,2026-06-29 18:37:10
1157033,150B,1,20260629,1024,31,,2026-06-29 18:37:43
1157033,150B,1,20260629,1024,32,,2026-06-29 18:38:00
1157033,150B,1,20260629,1024,33,,2026-06-29 18:38:32
1157033,150B,1,20260629,1024,34,,2026-06-29 18:39:33
1157033,150B,1,20260629,1024,35,,2026-06-29 18:40:06
1157033,150B,1,20260629,1024,36,,2026-06-29 18:40:41
1157033,150B,1,20260629,1024,37,,2026-06-29 18:41:11
1157033,150B,1,20260629,1024,38,,2026-06-29 18:41:35
1157033,150B,1,20260629,1024,39,,2026-06-29 18:41:56
1157033,150B,1,20260629,1024,40,,2026-06-29 18:42:25
1157033,150B,1,20260629,1024,41,,2026-06-29 18:42:48
1157033,150B,1,20260629,1024,42,,2026-06-29 18:43:11
1157033,150B,1,20260629,1024,43,,2026-06-29 18:43:35
1157033,150B,1,20260629,1024,44,,2026-06-29 18:43:57
1157033,150B,1,20260629,1024,45,,2026-06-29 18:44:29
1157033,150B,1,20260629,1024,46,,2026-06-29 18:45:06
1157033,150B,1,20260629,1024,47,,2026-06-29 18:45:34
1157033,150B,1,20260629,1024,48,,2026-06-29 18:46:13
1157033,150B,1,20260629,1024,49,,2026-06-29 18:46:51
1157033,150B,1,20260629,1024,50,,2026-06-29 18:48:01
1157033,150B,1,20260629,1024,51,,2026-06-29 18:49:39
1157033,150B,1,20260629,1024,52,,2026-06-29 18:50:25
1157033,150B,1,20260629,1024,53,,2026-06-29 18:51:38
1157033,150B,1,20260629,1024,54,,2026-06-29 18:52:32
1157033,150B,1,20260629,1024,55,,2026-06-29 18:53:36
1157033,150B,1,20260629,1024,56,,2026-06-29 18:54:58
1157033,150B,1,20260629,1024,999,,2026-06-29 18:56:13
1157035,150B,1,20260629,1266,1,,2026-06-29 18:33:20
1157035,150B,1,20260629,1266,2,,2026-06-29 18:33:54
1157035,150B,1,20260629,1266,3,,2026-06-29 18:34:26
1157035,150B,1,20260629,1266,4,,2026-06-29 18:34:54
1157035,150B,1,20260629,1266,5,,2026-06-29 18:35:53
1157035,150B,1,20260629,1266,6,,2026-06-29 18:37:24
1157035,150B,1,20260629,1266,7,,2026-06-29 18:39:20
1157035,150B,1,20260629,1266,8,,2026-06-29 18:41:12
1157035,150B,1,20260629,1266,9,,2026-06-29 18:43:18
1157035,150B,1,20260629,1266,10,,2026-06-29 18:45:26
1157035,150B,1,20260629,1266,11,,2026-06-29 18:47:06
1157035,150B,1,20260629,1266,12,,2026-06-29 18:48:04
1157035,150B,1,20260629,1266,13,,2026-06-29 18:48:24
1157035,150B,1,20260629,1266,14,,2026-06-29 18:48:44
1157035,150B,1,20260629,1266,15,,2026-06-29 18:49:02
1157035,150B,1,20260629,1266,16,,2026-06-29 18:50:01
1157035,150B,1,20260629,1266,17,,2026-06-29 18:50:40
1157035,150B,1,20260629,1266,18,,2026-06-29 18:51:35
1157035,150B,1,20260629,1266,19,,2026-06-29 18:52:35
1157035,150B,1,20260629,1266,20,,2026-06-29 18:53:09
1157035,150B,1,20260629,1266,21,,2026-06-29 18:53:38
1157035,150B,1,20260629,1266,22,,2026-06-29 18:54:15
1157035,150B,1,20260629,1266,23,,2026-06-29 18:54:40
1157035,150B,1,20260629,1266,24,,2026-06-29 18:55:25
1157035,150B,1,20260629,1266,25,,2026-06-29 18:55:52
1157035,150B,1,20260629,1266,26,,2026-06-29 18:56:33
1157035,150B,1,20260629,1266,27,,2026-06-29 18:57:20
1157035,150B,1,20260629,1266,28,,2026-06-29 18:58:01
1157035,150B,1,20260629,1266,29,,2026-06-29 18:58:37
1157035,150B,1,20260629,1266,30,,2026-06-29 18:59:32
1157035,150B,1,20260629,1266,31,,2026-06-29 19:00:04
1157035,150B,1,20260629,1266,32,,2026-06-29 19:00:29
1157035,150B,1,20260629,1266,33,,2026-06-29 19:00:50
1157035,150B,1,20260629,1266,34,,2026-06-29 19:01:44
1157053,155,0,20260629,1228,999,,2026-06-29 18:29:24
1157074,157,1,20260629,1382,31,,2026-06-29 18:28:21
1157074,157,1,20260629,1382,32,,2026-06-29 18:29:15
1157074,157,1,20260629,1382,33,,2026-06-29 18:30:59
1157074,157,1,20260629,1382,34,,2026-06-29 18:31:24
1157074,157,1,20260629,1382,35,,2026-06-29 18:31:46
1157074,157,1,20260629,1382,36,,2026-06-29 18:32:24
1157074,157,1,20260629,1382,37,,2026-06-29 18:33:19
1157074,157,1,20260629,1382,38,,2026-06-29 18:34:49
1157074,157,1,20260629,1382,39,,2026-06-29 18:36:41
1157074,157,1,20260629,1382,40,,2026-06-29 18:37:12
1157074,157,1,20260629,1382,41,,2026-06-29 18:37:40
1157074,157,1,20260629,1382,42,,2026-06-29 18:38:27
1157074,157,1,20260629,1382,43,,2026-06-29 18:38:47
1157074,157,1,20260629,1382,44,,2026-06-29 18:39:30
1157074,157,1,20260629,1382,45,,2026-06-29 18:39:48
1157074,157,1,20260629,1382,46,,2026-06-29 18:40:09
1157074,157,1,20260629,1382,47,,2026-06-29 18:40:39
1157074,157,1,20260629,1382,48,,2026-06-29 18:41:35
1157074,157,1,20260629,1382,49,,2026-06-29 18:42:27
1157074,157,1,20260629,1382,50,,2026-06-29 18:43:03
1157074,157,1,20260629,1382,51,,2026-06-29 18:44:02
1157074,157,1,20260629,1382,52,,2026-06-29 18:44:31
1157074,157,1,20260629,1382,53,,2026-06-29 18:45:23
1157074,157,1,20260629,1382,54,,2026-06-29 18:45:50
1157074,157,1,20260629,1382,55,,2026-06-29 18:46:01
1157074,157,1,20260629,1382,56,,2026-06-29 18:46:44
1157074,157,1,20260629,1382,57,,2026-06-29 18:47:17
1157074,157,1,20260629,1382,58,,2026-06-29 18:47:53
1157074,157,1,20260629,1382,59,,2026-06-29 18:48:31
1157074,157,1,20260629,1382,60,,2026-06-29 18:49:18
1157074,157,1,20260629,1382,61,,2026-06-29 18:50:26
1157074,157,1,20260629,1382,62,,2026-06-29 18:50:51
1157074,157,1,20260629,1382,999,,2026-06-29 18:52:01
1157075,157,0,20260629,1080,1,,2026-06-29 18:55:01
1157075,157,0,20260629,1080,2,,2026-06-29 18:55:44
1157075,157,0,20260629,1080,3,,2026-06-29 18:56:00
1157081,157,1,20260629,1080,3,,2026-06-29 18:28:04
1157081,157,1,20260629,1080,4,,2026-06-29 18:30:17
1157081,157,1,20260629,1080,5,,2026-06-29 18:32:13
1157081,157,1,20260629,1080,6,,2026-06-29 18:34:19
1157081,157,1,20260629,1080,7,,2026-06-29 18:35:31
1157081,157,1,20260629,1080,8,,2026-06-29 18:37:00
1157081,157,1,20260629,1080,9,,2026-06-29 18:37:20
1157081,157,1,20260629,1080,10,,2026-06-29 18:37:40
1157081,157,1,20260629,1080,11,,2026-06-29 18:37:58
1157081,157,1,20260629,1080,12,,2026-06-29 18:39:02
1157081,157,1,20260629,1080,13,,2026-06-29 18:39:36
1157081,157,1,20260629,1080,14,,2026-06-29 18:40:16
1157081,157,1,20260629,1080,15,,2026-06-29 18:41:27
1157081,157,1,20260629,1080,16,,2026-06-29 18:41:52
1157081,157,1,20260629,1080,17,,2026-06-29 18:42:16
1157081,157,1,20260629,1080,18,,2026-06-29 18:42:47
1157081,157,1,20260629,1080,19,,2026-06-29 18:43:14
1157081,157,1,20260629,1080,20,,2026-06-29 18:43:52
1157081,157,1,20260629,1080,21,,2026-06-29 18:44:59
1157081,157,1,20260629,1080,22,,2026-06-29 18:45:06
1157081,157,1,20260629,1080,23,,2026-06-29 18:45:54
1157081,157,1,20260629,1080,24,,2026-06-29 18:46:23
1157081,157,1,20260629,1080,25,,2026-06-29 18:46:47
1157081,157,1,20260629,1080,26,,2026-06-29 18:47:42
1157081,157,1,20260629,1080,27,,2026-06-29 18:48:14
1157081,157,1,20260629,1080,28,,2026-06-29 18:48:42
1157081,157,1,20260629,1080,29,,2026-06-29 18:49:38
1157081,157,1,20260629,1080,30,,2026-06-29 18:50:40
1157081,157,1,20260629,1080,31,,2026-06-29 18:51:24
1157081,157,1,20260629,1080,32,,2026-06-29 18:52:25
1157081,157,1,20260629,1080,33,,2026-06-29 18:54:08
1157081,157,1,20260629,1080,34,,2026-06-29 18:54:45
1157081,157,1,20260629,1080,35,,2026-06-29 18:55:27
1157081,157,1,20260629,1080,36,,2026-06-29 18:56:07
1157081,157,1,20260629,1080,37,,2026-06-29 18:57:35
1157081,157,1,20260629,1080,38,,2026-06-29 18:58:47
1157081,157,1,20260629,1080,39,,2026-06-29 18:59:45
1157081,157,1,20260629,1080,40,,2026-06-29 19:00:23
1157109,157X,1,20260629,1267,29,,2026-06-29 18:28:44
1157109,157X,1,20260629,1267,30,,2026-06-29 18:29:04
1157109,157X,1,20260629,1267,999,,2026-06-29 18:29:39
1157640,281,1,20260629,1906,1,,2026-06-29 18:42:04
1157640,281,1,20260629,1906,2,,2026-06-29 18:42:43
1157640,281,1,20260629,1906,3,,2026-06-29 18:44:03
1157640,281,1,20260629,1906,4,,2026-06-29 18:46:23
1157640,281,1,20260629,1906,5,,2026-06-29 18:48:04
1157640,281,1,20260629,1906,6,,2026-06-29 18:50:04
1157640,281,1,20260629,1906,7,,2026-06-29 18:51:15
1157640,281,1,20260629,1906,8,,2026-06-29 18:52:44
1157640,281,1,20260629,1906,9,,2026-06-29 18:53:40
1157640,281,1,20260629,1906,10,,2026-06-29 18:54:38
1157640,281,1,20260629,1906,11,,2026-06-29 18:55:17
1157642,281,0,20260629,1934,23,,2026-06-29 18:28:32
1157642,281,0,20260629,1934,24,,2026-06-29 18:29:44
1157642,281,0,20260629,1934,25,,2026-06-29 18:31:08
1157642,281,0,20260629,1934,26,,2026-06-29 18:31:33
1157642,281,0,20260629,1934,27,,2026-06-29 18:31:36
1157642,281,0,20260629,1934,28,,2026-06-29 18:33:17
1157642,281,0,20260629,1934,29,,2026-06-29 18:34:08
1157642,281,0,20260629,1934,30,,2026-06-29 18:34:07
1157642,281,0,20260629,1934,31,,2026-06-29 18:34:55
1157642,281,0,20260629,1934,32,,2026-06-29 18:35:16
1157642,281,0,20260629,1934,33,,2026-06-29 18:36:08
1157642,281,0,20260629,1934,34,,2026-06-29 18:36:39
1157642,281,0,20260629,1934,35,,2026-06-29 18:37:09
1157642,281,0,20260629,1934,999,,2026-06-29 18:38:26
1157650,281,1,20260629,1915,37,,2026-06-29 18:28:39
1157650,281,1,20260629,1915,38,,2026-06-29 18:29:12
1157650,281,1,20260629,1915,39,,2026-06-29 18:29:52
1157650,281,1,20260629,1915,40,,2026-06-29 18:30:35
1157650,281,1,20260629,1915,41,,2026-06-29 18:32:21
1157650,281,1,20260629,1915,999,,2026-06-29 18:33:37
1157657,281,1,20260629,1770,12,,2026-06-29 18:28:47
1157657,281,1,20260629,1770,13,,2026-06-29 18:29:24
1157657,281,1,20260629,1770,14,,2026-06-29 18:29:59
1157657,281,1,20260629,1770,15,,2026-06-29 18:31:14
1157657,281,1,20260629,1770,16,,2026-06-29 18:32:32
1157657,281,1,20260629,1770,17,,2026-06-29 18:33:00
1157657,281,1,20260629,1770,18,,2026-06-29 18:34:34
1157657,281,1,20260629,1770,19,,2026-06-29 18:35:54
1157657,281,1,20260629,1770,20,,2026-06-29 18:36:35
1157657,281,1,20260629,1770,21,,2026-06-29 18:37:56
1157657,281,1,20260629,1770,22,,2026-06-29 18:38:51
1157657,281,1,20260629,1770,23,,2026-06-29 18:39:21
1157657,281,1,20260629,1770,24,,2026-06-29 18:40:35
1157657,281,1,20260629,1770,25,,2026-06-29 18:41:19
1157657,281,1,20260629,1770,26,,2026-06-29 18:41:55
1157657,281,1,20260629,1770,27,,2026-06-29 18:42:29
1157657,281,1,20260629,1770,28,,2026-06-29 18:43:08
1157657,281,1,20260629,1770,29,,2026-06-29 18:43:40
1157657,281,1,20260629,1770,30,,2026-06-29 18:43:52
1157657,281,1,20260629,1770,31,,2026-06-29 18:44:30
1157657,281,1,20260629,1770,32,,2026-06-29 18:45:11
1157657,281,1,20260629,1770,33,,2026-06-29 18:45:53
1157657,281,1,20260629,1770,34,,2026-06-29 18:46:44
1157657,281,1,20260629,1770,35,,2026-06-29 18:47:25
1157657,281,1,20260629,1770,36,,2026-06-29 18:47:42
1157657,281,1,20260629,1770,37,,2026-06-29 18:48:18
1157657,281,1,20260629,1770,38,,2026-06-29 18:49:13
1157657,281,1,20260629,1770,39,,2026-06-29 18:49:51
1157657,281,1,20260629,1770,40,,2026-06-29 18:50:38
1157657,281,1,20260629,1770,41,,2026-06-29 18:51:45
1157657,281,1,20260629,1770,999,,2026-06-29 18:53:38
1157658,281,1,20260629,776,2,,2026-06-29 18:28:20
1157658,281,1,20260629,776,3,,2026-06-29 18:29:39
1157658,281,1,20260629,776,4,,2026-06-29 18:32:16
1157658,281,1,20260629,776,5,,2026-06-29 18:33:22
1157658,281,1,20260629,776,6,,2026-06-29 18:37:00
1157658,281,1,20260629,776,7,,2026-06-29 18:36:51
1157658,281,1,20260629,776,8,,2026-06-29 18:39:40
1157658,281,1,20260629,776,9,,2026-06-29 18:40:36
1157658,281,1,20260629,776,10,,2026-06-29 18:41:34
1157658,281,1,20260629,776,11,,2026-06-29 18:42:13
1157658,281,1,20260629,776,12,,2026-06-29 18:43:35
1157658,281,1,20260629,776,13,,2026-06-29 18:44:01
1157658,281,1,20260629,776,14,,2026-06-29 18:44:44
1157658,281,1,20260629,776,15,,2026-06-29 18:45:36
1157658,281,1,20260629,776,16,,2026-06-29 18:46:24
1157658,281,1,20260629,776,17,,2026-06-29 18:45:46
1157658,281,1,20260629,776,18,,2026-06-29 18:47:23
1157658,281,1,20260629,776,19,,2026-06-29 18:48:39
1157658,281,1,20260629,776,20,,2026-06-29 18:49:24
1157658,281,1,20260629,776,21,,2026-06-29 18:50:08
1157658,281,1,20260629,776,22,,2026-06-29 18:51:13
1157658,281,1,20260629,776,23,,2026-06-29 18:51:54
1157658,281,1,20260629,776,24,,2026-06-29 18:53:09
1157658,281,1,20260629,776,25,,2026-06-29 18:53:54
1157658,281,1,20260629,776,26,,2026-06-29 18:54:51
1157658,281,1,20260629,776,27,,2026-06-29 18:55:47
1157658,281,1,20260629,776,28,,2026-06-29 18:56:25
1157658,281,1,20260629,776,29,,2026-06-29 18:56:51
1157658,281,1,20260629,776,30,,2026-06-29 18:57:32
1157658,281,1,20260629,776,31,,2026-06-29 18:58:27
1157705,281,1,20260629,1200,25,,2026-06-29 18:28:39
1157705,281,1,20260629,1200,26,,2026-06-29 18:28:58
1157705,281,1,20260629,1200,27,,2026-06-29 18:29:49
1157705,281,1,20260629,1200,28,,2026-06-29 18:30:33
1157705,281,1,20260629,1200,29,,2026-06-29 18:31:05
1157705,281,1,20260629,1200,30,,2026-06-29 18:31:35
1157705,281,1,20260629,1200,31,,2026-06-29 18:32:05
1157705,281,1,20260629,1200,32,,2026-06-29 18:32:32
1157705,281,1,20260629,1200,33,,2026-06-29 18:33:16
1157705,281,1,20260629,1200,34,,2026-06-29 18:34:09
1157705,281,1,20260629,1200,35,,2026-06-29 18:34:42
1157705,281,1,20260629,1200,36,,2026-06-29 18:35:13
1157705,281,1,20260629,1200,37,,2026-06-29 18:35:47
1157705,281,1,20260629,1200,38,,2026-06-29 18:36:33
1157705,281,1,20260629,1200,39,,2026-06-29 18:37:14
1157705,281,1,20260629,1200,40,,2026-06-29 18:38:00
1157705,281,1,20260629,1200,41,,2026-06-29 18:39:39
1157705,281,1,20260629,1200,999,,2026-06-29 18:40:44
1157715,286,0,20260629,951,28,,2026-06-29 18:28:19
1157715,286,0,20260629,951,29,,2026-06-29 18:29:23
1157715,286,0,20260629,951,30,,2026-06-29 18:29:59
1157715,286,0,20260629,951,31,,2026-06-29 18:30:53
1157715,286,0,20260629,951,32,,2026-06-29 18:31:28
1157715,286,0,20260629,951,33,,2026-06-29 18:34:08
1157715,286,0,20260629,951,34,,2026-06-29 18:36:06
1157715,286,0,20260629,951,35,,2026-06-29 18:36:35
1157715,286,0,20260629,951,36,,2026-06-29 18:37:22
1157715,286,0,20260629,951,37,,2026-06-29 18:37:36
1157715,286,0,20260629,951,38,,2026-06-29 18:39:09
1157715,286,0,20260629,951,999,,2026-06-29 18:42:04
1157717,286,1,20260629,1934,1,,2026-06-29 18:40:22
1157717,286,1,20260629,1934,2,,2026-06-29 18:40:55
1157717,286,1,20260629,1934,3,,2026-06-29 18:43:45
1157717,286,1,20260629,1934,4,,2026-06-29 18:45:38
1157717,286,1,20260629,1934,5,,2026-06-29 18:47:13
1157717,286,1,20260629,1934,6,,2026-06-29 18:47:45
1157717,286,1,20260629,1934,7,,2026-06-29 18:48:38
1157717,286,1,20260629,1934,8,,2026-06-29 18:49:39
1157717,286,1,20260629,1934,9,,2026-06-29 18:51:48
1157717,286,1,20260629,1934,10,,2026-06-29 18:53:10
1157717,286,1,20260629,1934,11,,2026-06-29 18:53:52
1157717,286,1,20260629,1934,12,,2026-06-29 18:54:23
1157717,286,1,20260629,1934,13,,2026-06-29 18:55:08
1157717,286,1,20260629,1934,14,,2026-06-29 18:55:59
1157717,286,1,20260629,1934,15,,2026-06-29 18:56:45
1157749,286,0,20260629,1915,1,,2026-06-29 18:42:00
1157749,286,0,20260629,1915,2,,2026-06-29 18:42:43
1157749,286,0,20260629,1915,3,,2026-06-29 18:43:16
1157749,286,0,20260629,1915,4,,2026-06-29 18:44:08
1157749,286,0,20260629,1915,5,,2026-06-29 18:44:37
1157749,286,0,20260629,1915,6,,2026-06-29 18:45:11
1157749,286,0,20260629,1915,7,,2026-06-29 18:45:55
1157749,286,0,20260629,1915,8,,2026-06-29 18:46:32
1157749,286,0,20260629,1915,9,,2026-06-29 18:46:27
1157749,286,0,20260629,1915,10,,2026-06-29 18:47:11
1157749,286,0,20260629,1915,11,,2026-06-29 18:47:51
1157749,286,0,20260629,1915,12,,2026-06-29 18:48:21
1157749,286,0,20260629,1915,13,,2026-06-29 18:49:20
1157749,286,0,20260629,1915,14,,2026-06-29 18:50:01
1157749,286,0,20260629,1915,15,,2026-06-29 18:50:13
1157749,286,0,20260629,1915,16,,2026-06-29 18:50:56
1157749,286,0,20260629,1915,17,,2026-06-29 18:51:33
1157749,286,0,20260629,1915,18,,2026-06-29 18:51:55
1157749,286,0,20260629,1915,19,,2026-06-29 18:52:27
1157749,286,0,20260629,1915,20,,2026-06-29 18:52:42
1157749,286,0,20260629,1915,21,,2026-06-29 18:53:20
1157749,286,0,20260629,1915,22,,2026-06-29 18:53:58
1157749,286,0,20260629,1915,23,,2026-06-29 18:54:25
1157749,286,0,20260629,1915,24,,2026-06-29 18:54:56
1157749,286,0,20260629,1915,25,,2026-06-29 18:56:48
1157749,286,0,20260629,1915,26,,2026-06-29 18:57:37
1157749,286,0,20260629,1915,27,,2026-06-29 18:58:04
1157749,286,0,20260629,1915,28,,2026-06-29 18:58:42
1157749,286,0,20260629,1915,29,,2026-06-29 18:59:27
1157749,286,0,20260629,1915,30,,2026-06-29 19:00:05
1157749,286,0,20260629,1915,31,,2026-06-29 19:00:56
1157749,286,0,20260629,1915,32,,2026-06-29 19:01:34
1157749,286,0,20260629,1915,33,,2026-06-29 19:03:13
1157749,286,0,20260629,1915,34,,2026-06-29 19:04:31
1157749,286,0,20260629,1915,35,,2026-06-29 19:05:33
1157749,286,0,20260629,1915,36,,2026-06-29 19:06:30
1157749,286,0,20260629,1915,37,,2026-06-29 19:07:17
1157749,286,0,20260629,1915,38,,2026-06-29 19:08:48
1157749,286,0,20260629,1915,999,,2026-06-29 19:12:39
1157756,286,1,20260629,1051,16,,2026-06-29 18:29:09
1157756,286,1,20260629,1051,17,,2026-06-29 18:30:01
1157756,286,1,20260629,1051,18,,2026-06-29 18:30:43
1157756,286,1,20260629,1051,19,,2026-06-29 18:31:41
1157756,286,1,20260629,1051,20,,2026-06-29 18:33:08
1157756,286,1,20260629,1051,21,,2026-06-29 18:33:32
1157756,286,1,20260629,1051,22,,2026-06-29 18:34:26
1157756,286,1,20260629,1051,23,,2026-06-29 18:35:17
1157756,286,1,20260629,1051,24,,2026-06-29 18:35:49
1157756,286,1,20260629,1051,25,,2026-06-29 18:36:23
1157756,286,1,20260629,1051,26,,2026-06-29 18:36:59
1157756,286,1,20260629,1051,27,,2026-06-29 18:37:30
1157756,286,1,20260629,1051,28,,2026-06-29 18:38:42
1157756,286,1,20260629,1051,29,,2026-06-29 18:39:20
1157756,286,1,20260629,1051,30,,2026-06-29 18:39:28
1157756,286,1,20260629,1051,31,,2026-06-29 18:40:23
1157756,286,1,20260629,1051,32,,2026-06-29 18:40:43
1157756,286,1,20260629,1051,33,,2026-06-29 18:41:07
1157756,286,1,20260629,1051,34,,2026-06-29 18:41:59
1157756,286,1,20260629,1051,35,,2026-06-29 18:43:32
1157756,286,1,20260629,1051,36,,2026-06-29 18:43:36
1157756,286,1,20260629,1051,37,,2026-06-29 18:43:56
1157756,286,1,20260629,1051,38,,2026-06-29 18:44:31
1157756,286,1,20260629,1051,39,,2026-06-29 18:45:08
1157756,286,1,20260629,1051,40,,2026-06-29 18:45:58
1157756,286,1,20260629,1051,41,,2026-06-29 18:47:14
1157756,286,1,20260629,1051,42,,2026-06-29 18:48:05
1157756,286,1,20260629,1051,43,,2026-06-29 18:48:43
1157756,286,1,20260629,1051,44,,2026-06-29 18:50:13
1157756,286,1,20260629,1051,45,,2026-06-29 18:50:53
1157756,286,1,20260629,1051,999,,2026-06-29 18:51:55
1157833,288S,1,20260629,1015,31,,2026-06-29 18:28:28
1157833,288S,1,20260629,1015,32,,2026-06-29 18:28:51
1157833,288S,1,20260629,1015,33,,2026-06-29 18:29:27
1157833,288S,1,20260629,1015,34,,2026-06-29 18:30:57
1157833,288S,1,20260629,1015,35,,2026-06-29 18:31:40
1157833,288S,1,20260629,1015,36,,2026-06-29 18:32:31
1157833,288S,1,20260629,1015,37,,2026-06-29 18:33:08
1157833,288S,1,20260629,1015,38,,2026-06-29 18:33:32
1157833,288S,1,20260629,1015,39,,2026-06-29 18:33:54
1157833,288S,1,20260629,1015,999,,2026-06-29 18:34:53
1157835,288S,1,20260629,1268,2,,2026-06-29 18:30:12
1157835,288S,1,20260629,1268,3,,2026-06-29 18:31:57
1157835,288S,1,20260629,1268,4,,2026-06-29 18:34:08
1157835,288S,1,20260629,1268,5,,2026-06-29 18:35:50
1157835,288S,1,20260629,1268,6,,2026-06-29 18:36:26
1157835,288S,1,20260629,1268,7,,2026-06-29 18:37:21
1157835,288S,1,20260629,1268,8,,2026-06-29 18:39:31
1157835,288S,1,20260629,1268,9,,2026-06-29 18:39:57
1157835,288S,1,20260629,1268,10,,2026-06-29 18:40:39
1157835,288S,1,20260629,1268,11,,2026-06-29 18:41:10
1157835,288S,1,20260629,1268,12,,2026-06-29 18:41:55
1157835,288S,1,20260629,1268,13,,2026-06-29 18:42:46
1157835,288S,1,20260629,1268,14,,2026-06-29 18:43:32
1157835,288S,1,20260629,1268,15,,2026-06-29 18:44:45
1157835,288S,1,20260629,1268,16,,2026-06-29 18:46:08
1157835,288S,1,20260629,1268,17,,2026-06-29 18:46:52
1157835,288S,1,20260629,1268,18,,2026-06-29 18:48:00
1157835,288S,1,20260629,1268,19,,2026-06-29 18:48:48
1157835,288S,1,20260629,1268,20,,2026-06-29 18:49:17
1157835,288S,1,20260629,1268,21,,2026-06-29 18:50:10
1157835,288S,1,20260629,1268,22,,2026-06-29 18:51:04
1157835,288S,1,20260629,1268,23,,2026-06-29 18:51:37
1157835,288S,1,20260629,1268,24,,2026-06-29 18:52:12
1157835,288S,1,20260629,1268,25,,2026-06-29 18:53:01
1157835,288S,1,20260629,1268,26,,2026-06-29 18:53:44
1157835,288S,1,20260629,1268,27,,2026-06-29 18:54:08
1157835,288S,1,20260629,1268,28,,2026-06-29 18:54:41
1157835,288S,1,20260629,1268,29,,2026-06-29 18:55:11
1157835,288S,1,20260629,1268,30,,2026-06-29 18:55:48
1157835,288S,1,20260629,1268,31,,2026-06-29 18:56:37
1157835,288S,1,20260629,1268,32,,2026-06-29 18:57:08
1157835,288S,1,20260629,1268,33,,2026-06-29 18:58:04
1160738,203,0,20260629,1950,43,,2026-06-29 18:28:03
1160738,203,0,20260629,1950,44,,2026-06-29 18:28:41
1160738,203,0,20260629,1950,45,,2026-06-29 18:29:17
1160738,203,0,20260629,1950,46,,2026-06-29 18:30:19
1160738,203,0,20260629,1950,47,,2026-06-29 18:30:44
1160738,203,0,20260629,1950,48,,2026-06-29 18:31:55
1160738,203,0,20260629,1950,49,,2026-06-29 18:32:54
1160738,203,0,20260629,1950,50,,2026-06-29 18:33:16
1160738,203,0,20260629,1950,51,,2026-06-29 18:33:49
1160738,203,0,20260629,1950,52,,2026-06-29 18:34:57
1160738,203,0,20260629,1950,53,,2026-06-29 18:35:23
1160738,203,0,20260629,1950,54,,2026-06-29 18:36:00
1160738,203,0,20260629,1950,55,,2026-06-29 18:35:58
1160738,203,0,20260629,1950,56,,2026-06-29 18:38:07
1160738,203,0,20260629,1950,57,,2026-06-29 18:39:07
1160738,203,0,20260629,1950,58,,2026-06-29 18:39:37
1160738,203,0,20260629,1950,59,,2026-06-29 18:40:01
1160738,203,0,20260629,1950,60,,2026-06-29 18:40:25
1160738,203,0,20260629,1950,999,,2026-06-29 18:41:34
1160740,203,0,20260629,1947,19,,2026-06-29 18:28:07
1160740,203,0,20260629,1947,20,,2026-06-29 18:28:18
1160740,203,0,20260629,1947,21,,2026-06-29 18:28:45
1160740,203,0,20260629,1947,22,,2026-06-29 18:30:49
1160740,203,0,20260629,1947,23,,2026-06-29 18:31:31
1160740,203,0,20260629,1947,24,,2026-06-29 18:32:26
1160740,203,0,20260629,1947,25,,2026-06-29 18:33:18
1160740,203,0,20260629,1947,26,,2026-06-29 18:33:47
1160740,203,0,20260629,1947,27,,2026-06-29 18:34:12
1160740,203,0,20260629,1947,28,,2026-06-29 18:34:24
1160740,203,0,20260629,1947,29,,2026-06-29 18:35:10
1160740,203,0,20260629,1947,30,,2026-06-29 18:36:01
1160740,203,0,20260629,1947,31,,2026-06-29 18:36:43
1160740,203,0,20260629,1947,32,,2026-06-29 18:37:08
1160740,203,0,20260629,1947,33,,2026-06-29 18:37:33
1160740,203,0,20260629,1947,34,,2026-06-29 18:38:09
1160740,203,0,20260629,1947,35,,2026-06-29 18:38:50
1160740,203,0,20260629,1947,36,,2026-06-29 18:39:30
1160740,203,0,20260629,1947,37,,2026-06-29 18:39:51
1160740,203,0,20260629,1947,38,,2026-06-29 18:41:12
1160740,203,0,20260629,1947,39,,2026-06-29 18:41:58
1160740,203,0,20260629,1947,40,,2026-06-29 18:42:41
1160740,203,0,20260629,1947,41,,2026-06-29 18:43:23
1160740,203,0,20260629,1947,42,,2026-06-29 18:44:15
1160740,203,0,20260629,1947,43,,2026-06-29 18:44:22
1160740,203,0,20260629,1947,44,,2026-06-29 18:44:59
1160740,203,0,20260629,1947,45,,2026-06-29 18:45:30
1160740,203,0,20260629,1947,46,,2026-06-29 18:46:37
1160740,203,0,20260629,1947,47,,2026-06-29 18:47:18
1160740,203,0,20260629,1947,48,,2026-06-29 18:48:13
1160740,203,0,20260629,1947,49,,2026-06-29 18:49:21
1160740,203,0,20260629,1947,50,,2026-06-29 18:49:17
1160740,203,0,20260629,1947,51,,2026-06-29 18:50:20
1160740,203,0,20260629,1947,52,,2026-06-29 18:50:57
1160740,203,0,20260629,1947,53,,2026-06-29 18:52:04
1160740,203,0,20260629,1947,54,,2026-06-29 18:52:41
1160740,203,0,20260629,1947,55,,2026-06-29 18:53:12
1160740,203,0,20260629,1947,56,,2026-06-29 18:54:33
1160740,203,0,20260629,1947,57,,2026-06-29 18:55:04
1160740,203,0,20260629,1947,58,,2026-06-29 18:55:53
1160740,203,0,20260629,1947,59,,2026-06-29 18:56:20
1160740,203,0,20260629,1947,60,,2026-06-29 18:56:48
1160740,203,0,20260629,1947,999,,2026-06-29 18:57:41
1160786,203F,1,20260629,1942,21,,2026-06-29 18:28:06
1160786,203F,1,20260629,1942,22,,2026-06-29 18:28:47
1160786,203F,1,20260629,1942,23,,2026-06-29 18:29:19
1160786,203F,1,20260629,1942,24,,2026-06-29 18:29:50
1160786,203F,1,20260629,1942,25,,2026-06-29 18:30:22
1160786,203F,1,20260629,1942,26,,2026-06-29 18:32:02
1160786,203F,1,20260629,1942,27,,2026-06-29 18:32:53
1160786,203F,1,20260629,1942,28,,2026-06-29 18:34:25
1160786,203F,1,20260629,1942,29,,2026-06-29 18:35:13
1160786,203F,1,20260629,1942,30,,2026-06-29 18:35:48
1160786,203F,1,20260629,1942,31,,2026-06-29 18:36:38
1160786,203F,1,20260629,1942,32,,2026-06-29 18:37:09
1160786,203F,1,20260629,1942,33,,2026-06-29 18:38:20
1160786,203F,1,20260629,1942,34,,2026-06-29 18:38:55
1160786,203F,1,20260629,1942,35,,2026-06-29 18:39:39
1160786,203F,1,20260629,1942,36,,2026-06-29 18:41:25
1160786,203F,1,20260629,1942,37,,2026-06-29 18:42:06
1160786,203F,1,20260629,1942,38,,2026-06-29 18:42:41
1160786,203F,1,20260629,1942,39,,2026-06-29 18:42:52
1160786,203F,1,20260629,1942,40,,2026-06-29 18:43:41
1160786,203F,1,20260629,1942,41,,2026-06-29 18:43:49
1160786,203F,1,20260629,1942,42,,2026-06-29 18:44:18
1160786,203F,1,20260629,1942,43,,2026-06-29 18:45:07
1160786,203F,1,20260629,1942,44,,2026-06-29 18:45:46
1160786,203F,1,20260629,1942,45,,2026-06-29 18:46:38
1160786,203F,1,20260629,1942,46,,2026-06-29 18:47:04
1160786,203F,1,20260629,1942,47,,2026-06-29 18:47:19
1160786,203F,1,20260629,1942,48,,2026-06-29 18:47:55
1160786,203F,1,20260629,1942,49,,2026-06-29 18:48:47
1160786,203F,1,20260629,1942,50,,2026-06-29 18:49:17
1160786,203F,1,20260629,1942,51,,2026-06-29 18:49:44
1160786,203F,1,20260629,1942,52,,2026-06-29 18:50:10
1160786,203F,1,20260629,1942,53,,2026-06-29 18:50:35
1160786,203F,1,20260629,1942,54,,2026-06-29 18:51:02
1160786,203F,1,20260629,1942,55,,2026-06-29 18:51:32
1160786,203F,1,20260629,1942,56,,2026-06-29 18:52:12
1160786,203F,1,20260629,1942,57,,2026-06-29 18:52:34
1160786,203F,1,20260629,1942,58,,2026-06-29 18:53:44
1160786,203F,1,20260629,1942,59,,2026-06-29 18:54:15
1160786,203F,1,20260629,1942,60,,2026-06-29 18:55:01
1160786,203F,1,20260629,1942,61,,2026-06-29 18:55:43
1160786,203F,1,20260629,1942,62,,2026-06-29 18:56:28
1160787,203F,1,20260629,1324,6,,2026-06-29 18:28:09
1160787,203F,1,20260629,1324,7,,2026-06-29 18:29:00
1160787,203F,1,20260629,1324,8,,2026-06-29 18:31:09
1160787,203F,1,20260629,1324,9,,2026-06-29 18:32:59
1160787,203F,1,20260629,1324,10,,2026-06-29 18:35:02
1160787,203F,1,20260629,1324,11,,2026-06-29 18:38:33
1160787,203F,1,20260629,1324,12,,2026-06-29 18:39:15
1160787,203F,1,20260629,1324,13,,2026-06-29 18:40:49
1160787,203F,1,20260629,1324,14,,2026-06-29 18:41:23
1160787,203F,1,20260629,1324,15,,2026-06-29 18:41:49
1160787,203F,1,20260629,1324,16,,2026-06-29 18:42:37
1160787,203F,1,20260629,1324,17,,2026-06-29 18:43:10
1160787,203F,1,20260629,1324,18,,2026-06-29 18:44:05
1160787,203F,1,20260629,1324,19,,2026-06-29 18:44:29
1160787,203F,1,20260629,1324,20,,2026-06-29 18:44:40
1160787,203F,1,20260629,1324,21,,2026-06-29 18:45:52
1160787,203F,1,20260629,1324,22,,2026-06-29 18:46:52
1160787,203F,1,20260629,1324,23,,2026-06-29 18:47:03
1160787,203F,1,20260629,1324,24,,2026-06-29 18:47:32
1160787,203F,1,20260629,1324,25,,2026-06-29 18:48:03
1160787,203F,1,20260629,1324,26,,2026-06-29 18:49:59
1160787,203F,1,20260629,1324,27,,2026-06-29 18:50:30
1160787,203F,1,20260629,1324,28,,2026-06-29 18:52:14
1160787,203F,1,20260629,1324,29,,2026-06-29 18:53:06
1160787,203F,1,20260629,1324,30,,2026-06-29 18:53:14
1160787,203F,1,20260629,1324,31,,2026-06-29 18:54:05
1160787,203F,1,20260629,1324,32,,2026-06-29 18:54:33
1160787,203F,1,20260629,1324,33,,2026-06-29 18:55:33
1160787,203F,1,20260629,1324,34,,2026-06-29 18:56:37
1160787,203F,1,20260629,1324,35,,2026-06-29 18:57:20
1160787,203F,1,20260629,1324,36,,2026-06-29 18:58:33
1160787,203F,1,20260629,1324,37,,2026-06-29 18:59:13
1160787,203F,1,20260629,1324,38,,2026-06-29 19:00:07
1160787,203F,1,20260629,1324,39,,2026-06-29 19:00:38
1160787,203F,1,20260629,1324,40,,2026-06-29 19:01:12
1160787,203F,1,20260629,1324,41,,2026-06-29 19:02:06
1160787,203F,1,20260629,1324,42,,2026-06-29 19:02:36
1160787,203F,1,20260629,1324,43,,2026-06-29 19:02:54
1160788,209F,1,20260629,540,999,,2026-06-29 18:28:21
1160802,209F,1,20260629,1239,48,,2026-06-29 18:28:40
1160802,209F,1,20260629,1239,49,,2026-06-29 18:29:07
1160802,209F,1,20260629,1239,50,,2026-06-29 18:29:36
1160802,209F,1,20260629,1239,51,,2026-06-29 18:29:59
1160802,209F,1,20260629,1239,52,,2026-06-29 18:30:36
1160802,209F,1,20260629,1239,53,,2026-06-29 18:30:54
1160802,209F,1,20260629,1239,54,,2026-06-29 18:31:39
1160802,209F,1,20260629,1239,55,,2026-06-29 18:32:34
1160802,209F,1,20260629,1239,56,,2026-06-29 18:32:52
1160802,209F,1,20260629,1239,57,,2026-06-29 18:33:26
1160802,209F,1,20260629,1239,58,,2026-06-29 18:33:39
1160802,209F,1,20260629,1239,59,,2026-06-29 18:35:24
1160802,209F,1,20260629,1239,60,,2026-06-29 18:36:01
1160802,209F,1,20260629,1239,61,,2026-06-29 18:36:22
1160802,209F,1,20260629,1239,62,,2026-06-29 18:37:02
1160802,209F,1,20260629,1239,63,,2026-06-29 18:37:20
1160802,209F,1,20260629,1239,64,,2026-06-29 18:39:10
1160802,209F,1,20260629,1239,65,,2026-06-29 18:39:25
1160802,209F,1,20260629,1239,66,,2026-06-29 18:40:34
1160802,209F,1,20260629,1239,999,,2026-06-29 18:42:37
1160820,235,1,20260629,1236,14,,2026-06-29 18:28:57
1160820,235,1,20260629,1236,15,,2026-06-29 18:31:42
1160820,235,1,20260629,1236,16,,2026-06-29 18:32:19
1160820,235,1,20260629,1236,17,,2026-06-29 18:33:04
1160820,235,1,20260629,1236,18,,2026-06-29 18:33:45
1160820,235,1,20260629,1236,19,,2026-06-29 18:34:45
1160820,235,1,20260629,1236,20,,2026-06-29 18:35:16
1160820,235,1,20260629,1236,21,,2026-06-29 18:35:54
1160820,235,1,20260629,1236,22,,2026-06-29 18:36:54
1160820,235,1,20260629,1236,23,,2026-06-29 18:38:11
1160820,235,1,20260629,1236,24,,2026-06-29 18:39:01
1160820,235,1,20260629,1236,25,,2026-06-29 18:39:30
1160820,235,1,20260629,1236,26,,2026-06-29 18:40:30
1160820,235,1,20260629,1236,27,,2026-06-29 18:40:43
1160820,235,1,20260629,1236,28,,2026-06-29 18:41:26
1160820,235,1,20260629,1236,29,,2026-06-29 18:42:06
1160820,235,1,20260629,1236,999,,2026-06-29 18:42:27
1160822,235,0,20260629,1774,1,,2026-06-29 18:29:37
1160822,235,0,20260629,1774,2,,2026-06-29 18:30:13
1160822,235,0,20260629,1774,3,,2026-06-29 18:30:39
1160822,235,0,20260629,1774,4,,2026-06-29 18:31:04
1160822,235,0,20260629,1774,5,,2026-06-29 18:31:28
1160822,235,0,20260629,1774,6,,2026-06-29 18:32:11
1160822,235,0,20260629,1774,7,,2026-06-29 18:32:47
1160822,235,0,20260629,1774,8,,2026-06-29 18:33:17
1160822,235,0,20260629,1774,9,,2026-06-29 18:34:32
1160822,235,0,20260629,1774,10,,2026-06-29 18:35:34
1160822,235,0,20260629,1774,11,,2026-06-29 18:35:55
1160822,235,0,20260629,1774,12,,2026-06-29 18:36:35
1160822,235,0,20260629,1774,13,,2026-06-29 18:37:01
1160822,235,0,20260629,1774,14,,2026-06-29 18:37:56
1160822,235,0,20260629,1774,15,,2026-06-29 18:38:51
1160822,235,0,20260629,1774,16,,2026-06-29 18:39:44
1160822,235,0,20260629,1774,17,,2026-06-29 18:40:27
1160822,235,0,20260629,1774,18,,2026-06-29 18:41:09
1160822,235,0,20260629,1774,19,,2026-06-29 18:41:55
1160822,235,0,20260629,1774,20,,2026-06-29 18:42:31
1160822,235,0,20260629,1774,21,,2026-06-29 18:42:55
1160822,235,0,20260629,1774,999,,2026-06-29 18:43:49
1160840,235,1,20260629,1257,1,,2026-06-29 18:37:00
1160840,235,1,20260629,1257,2,,2026-06-29 18:37:56
1160840,235,1,20260629,1257,3,,2026-06-29 18:39:49
1160840,235,1,20260629,1257,4,,2026-06-29 18:41:32
1160840,235,1,20260629,1257,5,,2026-06-29 18:44:00
1160840,235,1,20260629,1257,6,,2026-06-29 18:45:21
1160840,235,1,20260629,1257,7,,2026-06-29 18:46:57
1160840,235,1,20260629,1257,8,,2026-06-29 18:48:20
1160840,235,1,20260629,1257,9,,2026-06-29 18:50:11
1160840,235,1,20260629,1257,10,,2026-06-29 18:51:00
1160840,235,1,20260629,1257,11,,2026-06-29 18:52:00
1160840,235,1,20260629,1257,12,,2026-06-29 18:52:24
1160840,235,1,20260629,1257,13,,2026-06-29 18:52:54
1160840,235,1,20260629,1257,14,,2026-06-29 18:53:45
1160840,235,1,20260629,1257,15,,2026-06-29 18:55:10
1160840,235,1,20260629,1257,16,,2026-06-29 18:56:01
1160840,235,1,20260629,1257,17,,2026-06-29 18:56:50
1160844,235,1,20260629,1195,29,,2026-06-29 18:28:23
1160844,235,1,20260629,1195,999,,2026-06-29 18:28:56
1160857,235,1,20260629,5013,4,,2026-06-29 18:29:48
1160857,235,1,20260629,5013,5,,2026-06-29 18:32:13
1160857,235,1,20260629,5013,6,,2026-06-29 18:33:30
1160857,235,1,20260629,5013,7,,2026-06-29 18:36:30
1160857,235,1,20260629,5013,8,,2026-06-29 18:37:12
1160857,235,1,20260629,5013,9,,2026-06-29 18:37:39
1160857,235,1,20260629,5013,10,,2026-06-29 18:38:28
1160857,235,1,20260629,5013,11,,2026-06-29 18:39:38
1160857,235,1,20260629,5013,12,,2026-06-29 18:40:06
1160857,235,1,20260629,5013,13,,2026-06-29 18:40:35
1160857,235,1,20260629,5013,14,,2026-06-29 18:41:46
1160857,235,1,20260629,5013,15,,2026-06-29 18:44:41
1160857,235,1,20260629,5013,16,,2026-06-29 18:45:00
1160857,235,1,20260629,5013,17,,2026-06-29 18:45:45
1160857,235,1,20260629,5013,18,,2026-06-29 18:46:43
1160857,235,1,20260629,5013,19,,2026-06-29 18:47:23
1160857,235,1,20260629,5013,20,,2026-06-29 18:48:07
1160857,235,1,20260629,5013,21,,2026-06-29 18:48:35
1160857,235,1,20260629,5013,22,,2026-06-29 18:49:27
1160857,235,1,20260629,5013,23,,2026-06-29 18:50:24
1160857,235,1,20260629,5013,24,,2026-06-29 18:51:15
1160857,235,1,20260629,5013,25,,2026-06-29 18:52:06
1160857,235,1,20260629,5013,26,,2026-06-29 18:52:37
1160857,235,1,20260629,5013,27,,2026-06-29 18:53:13
1160857,235,1,20260629,5013,28,,2026-06-29 18:53:56
1160857,235,1,20260629,5013,29,,2026-06-29 18:54:31
1160857,235,1,20260629,5013,999,,2026-06-29 18:55:19
1160914,239,0,20260629,535,2,,2026-06-29 18:29:00
1160914,239,0,20260629,535,3,,2026-06-29 18:29:52
1160914,239,0,20260629,535,4,,2026-06-29 18:30:21
1160914,239,0,20260629,535,5,,2026-06-29 18:31:10
1160914,239,0,20260629,535,6,,2026-06-29 18:31:34
1160914,239,0,20260629,535,7,,2026-06-29 18:32:00
1160914,239,0,20260629,535,8,,2026-06-29 18:32:30
1160914,239,0,20260629,535,9,,2026-06-29 18:33:14
1160914,239,0,20260629,535,10,,2026-06-29 18:33:31
1160914,239,0,20260629,535,11,,2026-06-29 18:34:24
1160914,239,0,20260629,535,12,,2026-06-29 18:35:07
1160914,239,0,20260629,535,13,,2026-06-29 18:36:10
1160914,239,0,20260629,535,14,,2026-06-29 18:36:33
1160914,239,0,20260629,535,15,,2026-06-29 18:37:39
1160914,239,0,20260629,535,16,,2026-06-29 18:39:26
1160914,239,0,20260629,535,17,,2026-06-29 18:39:35
1160914,239,0,20260629,535,18,,2026-06-29 18:41:05
1160914,239,0,20260629,535,19,,2026-06-29 18:41:13
1160914,239,0,20260629,535,20,,2026-06-29 18:41:31
1160914,239,0,20260629,535,21,,2026-06-29 18:42:03
1160914,239,0,20260629,535,22,,2026-06-29 18:42:41
1160914,239,0,20260629,535,23,,2026-06-29 18:43:11
1160914,239,0,20260629,535,24,,2026-06-29 18:43:46
1160914,239,0,20260629,535,25,,2026-06-29 18:45:05
1160914,239,0,20260629,535,26,,2026-06-29 18:45:38
1160914,239,0,20260629,535,27,,2026-06-29 18:46:37
1160914,239,0,20260629,535,28,,2026-06-29 18:47:38
1160914,239,0,20260629,535,29,,2026-06-29 18:48:12
1160914,239,0,20260629,535,30,,2026-06-29 18:49:07
1160914,239,0,20260629,535,31,,2026-06-29 18:50:02
1160914,239,0,20260629,535,32,,2026-06-29 18:50:55
1160914,239,0,20260629,535,33,,2026-06-29 18:51:38
1160914,239,0,20260629,535,34,,2026-06-29 18:52:20
1160914,239,0,20260629,535,35,,2026-06-29 18:53:06
1160914,239,0,20260629,535,36,,2026-06-29 18:53:42
1160914,239,0,20260629,535,37,,2026-06-29 18:54:06
1160914,239,0,20260629,535,999,,2026-06-29 18:55:00
1160942,241,0,20260629,1575,1,,2026-06-29 18:35:00
1160942,241,0,20260629,1575,2,,2026-06-29 18:35:20
1160942,241,0,20260629,1575,3,,2026-06-29 18:36:23
1160942,241,0,20260629,1575,4,,2026-06-29 18:36:52
1160942,241,0,20260629,1575,5,,2026-06-29 18:37:18
1160942,241,0,20260629,1575,6,,2026-06-29 18:37:48
1160942,241,0,20260629,1575,7,,2026-06-29 18:39:21
1160942,241,0,20260629,1575,8,,2026-06-29 18:40:17
1160942,241,0,20260629,1575,9,,2026-06-29 18:40:43
1160942,241,0,20260629,1575,10,,2026-06-29 18:41:19
1160942,241,0,20260629,1575,11,,2026-06-29 18:43:01
1160942,241,0,20260629,1575,12,,2026-06-29 18:43:22
1160942,241,0,20260629,1575,13,,2026-06-29 18:43:56
1160942,241,0,20260629,1575,14,,2026-06-29 18:44:44
1160942,241,0,20260629,1575,15,,2026-06-29 18:45:36
1160942,241,0,20260629,1575,16,,2026-06-29 18:47:04
1160942,241,0,20260629,1575,17,,2026-06-29 18:48:07
1160942,241,0,20260629,1575,18,,2026-06-29 18:48:31
1160942,241,0,20260629,1575,19,,2026-06-29 18:49:07
1160942,241,0,20260629,1575,20,,2026-06-29 18:49:45
1160942,241,0,20260629,1575,21,,2026-06-29 18:50:23
1160942,241,0,20260629,1575,22,,2026-06-29 18:51:38
1160942,241,0,20260629,1575,23,,2026-06-29 18:52:59
1160942,241,0,20260629,1575,24,,2026-06-29 18:53:55
1160975,241A,1,20260629,5727,1,,2026-06-29 18:55:00
1160975,241A,1,20260629,5727,2,,2026-06-29 18:59:00
1160975,241A,1,20260629,5727,3,,2026-06-29 18:59:49
1160983,241A,1,20260629,5709,40,,2026-06-29 18:28:51
1160983,241A,1,20260629,5709,41,,2026-06-29 18:29:13
1160983,241A,1,20260629,5709,999,,2026-06-29 18:29:43
1160984,241A,1,20260629,5749,9,,2026-06-29 18:29:14
1160984,241A,1,20260629,5749,10,,2026-06-29 18:29:41
1160984,241A,1,20260629,5749,11,,2026-06-29 18:31:03
1160984,241A,1,20260629,5749,12,,2026-06-29 18:31:58
1160984,241A,1,20260629,5749,13,,2026-06-29 18:32:33
1160984,241A,1,20260629,5749,14,,2026-06-29 18:34:33
1160984,241A,1,20260629,5749,15,,2026-06-29 18:35:33
1160984,241A,1,20260629,5749,16,,2026-06-29 18:36:11
1160984,241A,1,20260629,5749,17,,2026-06-29 18:36:59
1160984,241A,1,20260629,5749,18,,2026-06-29 18:37:47
1160984,241A,1,20260629,5749,19,,2026-06-29 18:38:30
1160984,241A,1,20260629,5749,20,,2026-06-29 18:40:07
1160984,241A,1,20260629,5749,21,,2026-06-29 18:40:34
1160984,241A,1,20260629,5749,22,,2026-06-29 18:41:48
1160984,241A,1,20260629,5749,23,,2026-06-29 18:43:53
1160984,241A,1,20260629,5749,24,,2026-06-29 18:45:27
1160984,241A,1,20260629,5749,25,,2026-06-29 18:46:07
1160984,241A,1,20260629,5749,26,,2026-06-29 18:46:38
1160984,241A,1,20260629,5749,27,,2026-06-29 18:46:51
1160984,241A,1,20260629,5749,28,,2026-06-29 18:47:31
1160984,241A,1,20260629,5749,29,,2026-06-29 18:48:33
1160984,241A,1,20260629,5749,30,,2026-06-29 18:49:41
1160984,241A,1,20260629,5749,31,,2026-06-29 18:50:58
1160984,241A,1,20260629,5749,32,,2026-06-29 18:52:10
1160984,241A,1,20260629,5749,33,,2026-06-29 18:52:52
1160984,241A,1,20260629,5749,34,,2026-06-29 18:53:32
1160984,241A,1,20260629,5749,35,,2026-06-29 18:54:00
1160984,241A,1,20260629,5749,36,,2026-06-29 18:54:31
1160984,241A,1,20260629,5749,37,,2026-06-29 18:55:33
1160984,241A,1,20260629,5749,38,,2026-06-29 18:57:04
1160985,245,1,20260629,5729,1,,2026-06-29 18:57:41
1160985,245,1,20260629,5729,2,,2026-06-29 18:58:47
1160985,245,1,20260629,5729,3,,2026-06-29 19:00:57
1161000,245,1,20260629,1942,24,,2026-06-29 18:28:40
1161000,245,1,20260629,1942,25,,2026-06-29 18:29:11
1161000,245,1,20260629,1942,26,,2026-06-29 18:29:38
1161000,245,1,20260629,1942,27,,2026-06-29 18:30:19
1161000,245,1,20260629,1942,28,,2026-06-29 18:30:57
1161000,245,1,20260629,1942,29,,2026-06-29 18:32:30
1161000,245,1,20260629,1942,30,,2026-06-29 18:33:00
1161000,245,1,20260629,1942,31,,2026-06-29 18:33:32
1161000,245,1,20260629,1942,32,,2026-06-29 18:33:37
1161000,245,1,20260629,1942,33,,2026-06-29 18:34:50
1161000,245,1,20260629,1942,34,,2026-06-29 18:35:15
1161000,245,1,20260629,1942,35,,2026-06-29 18:35:19
1161000,245,1,20260629,1942,36,,2026-06-29 18:36:12
1161000,245,1,20260629,1942,37,,2026-06-29 18:36:35
1161000,245,1,20260629,1942,38,,2026-06-29 18:36:41
1161000,245,1,20260629,1942,39,,2026-06-29 18:38:04
1161000,245,1,20260629,1942,40,,2026-06-29 18:38:11
1161000,245,1,20260629,1942,41,,2026-06-29 18:38:38
1161000,245,1,20260629,1942,999,,2026-06-29 18:39:13
1161008,248,1,20260629,5758,1,,2026-06-29 18:41:34
1161008,248,1,20260629,5758,2,,2026-06-29 18:41:58
1161008,248,1,20260629,5758,3,,2026-06-29 18:44:05
1161008,248,1,20260629,5758,4,,2026-06-29 18:45:49
1161008,248,1,20260629,5758,5,,2026-06-29 18:46:38
1161008,248,1,20260629,5758,6,,2026-06-29 18:48:13
1161008,248,1,20260629,5758,7,,2026-06-29 18:49:28
1161008,248,1,20260629,5758,8,,2026-06-29 18:50:32
1161008,248,1,20260629,5758,9,,2026-06-29 18:52:24
1161017,248,0,20260629,1947,31,,2026-06-29 18:28:32
1161017,248,0,20260629,1947,32,,2026-06-29 18:28:55
1161017,248,0,20260629,1947,33,,2026-06-29 18:29:52
1161017,248,0,20260629,1947,34,,2026-06-29 18:30:48
1161017,248,0,20260629,1947,35,,2026-06-29 18:32:49
1161017,248,0,20260629,1947,36,,2026-06-29 18:33:18
1161017,248,0,20260629,1947,37,,2026-06-29 18:33:44
1161017,248,0,20260629,1947,38,,2026-06-29 18:34:46
1161017,248,0,20260629,1947,39,,2026-06-29 18:35:31
1161017,248,0,20260629,1947,40,,2026-06-29 18:36:13
1161017,248,0,20260629,1947,41,,2026-06-29 18:36:38
1161017,248,0,20260629,1947,42,,2026-06-29 18:36:39
1161017,248,0,20260629,1947,43,,2026-06-29 18:37:51
1161017,248,0,20260629,1947,44,,2026-06-29 18:41:18
1161017,248,0,20260629,1947,45,,2026-06-29 18:41:50
1161017,248,0,20260629,1947,999,,2026-06-29 18:43:48
1161036,248,1,20260629,1023,35,,2026-06-29 18:28:47
1161036,248,1,20260629,1023,36,,2026-06-29 18:29:20
1161036,248,1,20260629,1023,37,,2026-06-29 18:29:39
1161036,248,1,20260629,1023,38,,2026-06-29 18:31:21
1161036,248,1,20260629,1023,39,,2026-06-29 18:31:38
1161036,248,1,20260629,1023,40,,2026-06-29 18:32:12
1161036,248,1,20260629,1023,41,,2026-06-29 18:32:42
1161036,248,1,20260629,1023,42,,2026-06-29 18:33:13
1161036,248,1,20260629,1023,43,,2026-06-29 18:33:47
1161036,248,1,20260629,1023,44,,2026-06-29 18:34:24
1161036,248,1,20260629,1023,45,,2026-06-29 18:34:56
1161036,248,1,20260629,1023,46,,2026-06-29 18:35:48
1161036,248,1,20260629,1023,47,,2026-06-29 18:36:01
1161036,248,1,20260629,1023,48,,2026-06-29 18:36:20
1161036,248,1,20260629,1023,49,,2026-06-29 18:36:46
1161036,248,1,20260629,1023,50,,2026-06-29 18:37:05
1161036,248,1,20260629,1023,51,,2026-06-29 18:37:27
1161036,248,1,20260629,1023,52,,2026-06-29 18:38:52
1161036,248,1,20260629,1023,53,,2026-06-29 18:39:46
1161036,248,1,20260629,1023,54,,2026-06-29 18:40:14
1161036,248,1,20260629,1023,999,,2026-06-29 18:41:29
1161040,248,1,20260629,5722,8,,2026-06-29 18:28:31
1161040,248,1,20260629,5722,9,,2026-06-29 18:29:46
1161040,248,1,20260629,5722,10,,2026-06-29 18:31:07
1161040,248,1,20260629,5722,11,,2026-06-29 18:31:33
1161040,248,1,20260629,5722,12,,2026-06-29 18:32:09
1161040,248,1,20260629,5722,13,,2026-06-29 18:32:47
1161040,248,1,20260629,5722,14,,2026-06-29 18:34:06
1161040,248,1,20260629,5722,15,,2026-06-29 18:35:23
1161040,248,1,20260629,5722,16,,2026-06-29 18:36:38
1161040,248,1,20260629,5722,17,,2026-06-29 18:38:11
1161040,248,1,20260629,5722,18,,2026-06-29 18:38:42
1161040,248,1,20260629,5722,19,,2026-06-29 18:40:05
1161040,248,1,20260629,5722,20,,2026-06-29 18:40:26
1161040,248,1,20260629,5722,21,,2026-06-29 18:41:26
1161040,248,1,20260629,5722,22,,2026-06-29 18:43:16
1161040,248,1,20260629,5722,23,,2026-06-29 18:44:30
1161040,248,1,20260629,5722,24,,2026-06-29 18:45:15
1161040,248,1,20260629,5722,25,,2026-06-29 18:45:55
1161040,248,1,20260629,5722,26,,2026-06-29 18:46:32
1161040,248,1,20260629,5722,27,,2026-06-29 18:47:14
1161040,248,1,20260629,5722,28,,2026-06-29 18:48:28
1161040,248,1,20260629,5722,29,,2026-06-29 18:49:07
1161040,248,1,20260629,5722,30,,2026-06-29 18:49:33
1161040,248,1,20260629,5722,31,,2026-06-29 18:50:19
1161086,271,0,20260629,5852,12,,2026-06-29 18:28:09
1161086,271,0,20260629,5852,13,,2026-06-29 18:28:39
1161086,271,0,20260629,5852,14,,2026-06-29 18:29:00
1161086,271,0,20260629,5852,15,,2026-06-29 18:30:13
1161086,271,0,20260629,5852,16,,2026-06-29 18:31:10
1161086,271,0,20260629,5852,17,,2026-06-29 18:32:46
1161086,271,0,20260629,5852,18,,2026-06-29 18:33:36
1161086,271,0,20260629,5852,19,,2026-06-29 18:34:20
1161086,271,0,20260629,5852,20,,2026-06-29 18:34:21
1161086,271,0,20260629,5852,21,,2026-06-29 18:35:24
1161086,271,0,20260629,5852,22,,2026-06-29 18:35:51
1161086,271,0,20260629,5852,23,,2026-06-29 18:36:23
1161086,271,0,20260629,5852,24,,2026-06-29 18:36:46
1161086,271,0,20260629,5852,25,,2026-06-29 18:37:11
1161086,271,0,20260629,5852,26,,2026-06-29 18:37:50
1161086,271,0,20260629,5852,27,,2026-06-29 18:38:55
1161086,271,0,20260629,5852,28,,2026-06-29 18:39:24
1161086,271,0,20260629,5852,29,,2026-06-29 18:40:10
1161086,271,0,20260629,5852,30,,2026-06-29 18:41:01
1161086,271,0,20260629,5852,31,,2026-06-29 18:41:34
1161086,271,0,20260629,5852,32,,2026-06-29 18:42:21
1161086,271,0,20260629,5852,33,,2026-06-29 18:42:25
1161086,271,0,20260629,5852,34,,2026-06-29 18:44:48
1161086,271,0,20260629,5852,35,,2026-06-29 18:45:28
1161086,271,0,20260629,5852,36,,2026-06-29 18:46:29
1161086,271,0,20260629,5852,37,,2026-06-29 18:47:02
1161086,271,0,20260629,5852,38,,2026-06-29 18:47:37
1161086,271,0,20260629,5852,39,,2026-06-29 18:48:19
1161086,271,0,20260629,5852,40,,2026-06-29 18:49:27
1161086,271,0,20260629,5852,41,,2026-06-29 18:50:08
1161086,271,0,20260629,5852,42,,2026-06-29 18:51:30
1161086,271,0,20260629,5852,43,,2026-06-29 18:52:44
1161086,271,0,20260629,5852,44,,2026-06-29 18:54:38
1161121,271,1,20260629,1969,10,,2026-06-29 18:28:28
1161121,271,1,20260629,1969,11,,2026-06-29 18:29:16
1161121,271,1,20260629,1969,12,,2026-06-29 18:31:05
1161121,271,1,20260629,1969,13,,2026-06-29 18:31:39
1161121,271,1,20260629,1969,14,,2026-06-29 18:31:58
1161121,271,1,20260629,1969,15,,2026-06-29 18:32:48
1161121,271,1,20260629,1969,16,,2026-06-29 18:33:15
1161121,271,1,20260629,1969,17,,2026-06-29 18:34:11
1161121,271,1,20260629,1969,18,,2026-06-29 18:34:53
1161121,271,1,20260629,1969,19,,2026-06-29 18:35:25
1161121,271,1,20260629,1969,20,,2026-06-29 18:37:00
1161121,271,1,20260629,1969,21,,2026-06-29 18:37:42
1161121,271,1,20260629,1969,22,,2026-06-29 18:38:24
1161121,271,1,20260629,1969,23,,2026-06-29 18:39:08
1161121,271,1,20260629,1969,24,,2026-06-29 18:40:29
1161121,271,1,20260629,1969,25,,2026-06-29 18:40:55
1161121,271,1,20260629,1969,26,,2026-06-29 18:41:34
1161121,271,1,20260629,1969,27,,2026-06-29 18:42:13
1161121,271,1,20260629,1969,28,,2026-06-29 18:43:07
1161121,271,1,20260629,1969,29,,2026-06-29 18:44:00
1161121,271,1,20260629,1969,30,,2026-06-29 18:45:44
1161121,271,1,20260629,1969,31,,2026-06-29 18:46:13
1161121,271,1,20260629,1969,32,,2026-06-29 18:47:21
1161121,271,1,20260629,1969,33,,2026-06-29 18:48:25
1161121,271,1,20260629,1969,34,,2026-06-29 18:49:18
1161121,271,1,20260629,1969,35,,2026-06-29 18:49:59
1161121,271,1,20260629,1969,36,,2026-06-29 18:51:36
1161121,271,1,20260629,1969,37,,2026-06-29 18:52:23
1161121,271,1,20260629,1969,38,,2026-06-29 18:52:56
1161121,271,1,20260629,1969,39,,2026-06-29 18:53:56
1161121,271,1,20260629,1969,40,,2026-06-29 18:54:46
1161121,271,1,20260629,1969,41,,2026-06-29 18:55:56
1161150,273,1,20260629,531,31,,2026-06-29 18:28:03
1161150,273,1,20260629,531,32,,2026-06-29 18:28:46
1161150,273,1,20260629,531,33,,2026-06-29 18:29:39
1161150,273,1,20260629,531,34,,2026-06-29 18:30:38
1161150,273,1,20260629,531,35,,2026-06-29 18:31:18
1161150,273,1,20260629,531,36,,2026-06-29 18:32:50
1161150,273,1,20260629,531,37,,2026-06-29 18:33:37
1161150,273,1,20260629,531,38,,2026-06-29 18:34:23
1161150,273,1,20260629,531,39,,2026-06-29 18:34:50
1161150,273,1,20260629,531,999,,2026-06-29 18:36:12
1161156,273,1,20260629,1260,4,,2026-06-29 18:28:18
1161156,273,1,20260629,1260,5,,2026-06-29 18:29:46
1161156,273,1,20260629,1260,6,,2026-06-29 18:30:44
1161156,273,1,20260629,1260,7,,2026-06-29 18:33:54
1161156,273,1,20260629,1260,8,,2026-06-29 18:35:32
1161156,273,1,20260629,1260,9,,2026-06-29 18:38:12
1161156,273,1,20260629,1260,10,,2026-06-29 18:39:12
1161156,273,1,20260629,1260,11,,2026-06-29 18:39:41
1161156,273,1,20260629,1260,12,,2026-06-29 18:41:26
1161156,273,1,20260629,1260,13,,2026-06-29 18:41:58
1161156,273,1,20260629,1260,14,,2026-06-29 18:42:33
1161156,273,1,20260629,1260,15,,2026-06-29 18:43:09
1161156,273,1,20260629,1260,16,,2026-06-29 18:43:37
1161156,273,1,20260629,1260,17,,2026-06-29 18:44:44
1161156,273,1,20260629,1260,18,,2026-06-29 18:45:12
1161156,273,1,20260629,1260,19,,2026-06-29 18:45:54
1161156,273,1,20260629,1260,20,,2026-06-29 18:47:43
1161156,273,1,20260629,1260,21,,2026-06-29 18:48:15
1161156,273,1,20260629,1260,22,,2026-06-29 18:49:24
1161156,273,1,20260629,1260,23,,2026-06-29 18:50:01
1161156,273,1,20260629,1260,24,,2026-06-29 18:50:58
1161156,273,1,20260629,1260,25,,2026-06-29 18:51:25
1161156,273,1,20260629,1260,26,,2026-06-29 18:52:07
1161156,273,1,20260629,1260,27,,2026-06-29 18:52:50
1161156,273,1,20260629,1260,28,,2026-06-29 18:53:29
1161156,273,1,20260629,1260,29,,2026-06-29 18:54:17
1161156,273,1,20260629,1260,30,,2026-06-29 18:55:11
1161156,273,1,20260629,1260,31,,2026-06-29 18:55:35
1161156,273,1,20260629,1260,32,,2026-06-29 18:56:38
1161156,273,1,20260629,1260,33,,2026-06-29 18:57:38
1161156,273,1,20260629,1260,34,,2026-06-29 18:58:27
1161156,273,1,20260629,1260,35,,2026-06-29 18:59:05
1161156,273,1,20260629,1260,36,,2026-06-29 18:59:50
1161156,273,1,20260629,1260,37,,2026-06-29 19:00:14
1161173,273,0,20260629,1253,19,,2026-06-29 18:28:03
1161173,273,0,20260629,1253,20,,2026-06-29 18:29:15
1161173,273,0,20260629,1253,21,,2026-06-29 18:30:25
1161173,273,0,20260629,1253,22,,2026-06-29 18:31:04
1161173,273,0,20260629,1253,23,,2026-06-29 18:31:36
1161183,273,1,20260629,1195,1,,2026-06-29 18:55:00
1161183,273,1,20260629,1195,2,,2026-06-29 18:55:50
1161183,273,1,20260629,1195,3,,2026-06-29 18:57:09
1161226,361,0,20260629,1575,2,,2026-06-29 18:28:03
1161226,361,0,20260629,1575,3,,2026-06-29 18:28:45
1161226,361,0,20260629,1575,4,,2026-06-29 18:29:12
1161226,361,0,20260629,1575,5,,2026-06-29 18:29:56
1161226,361,0,20260629,1575,6,,2026-06-29 18:30:36
1161226,361,0,20260629,1575,7,,2026-06-29 18:30:49
1161226,361,0,20260629,1575,8,,2026-06-29 18:31:10
1161226,361,0,20260629,1575,9,,2026-06-29 18:31:49
1161226,361,0,20260629,1575,10,,2026-06-29 18:32:37
1161226,361,0,20260629,1575,11,,2026-06-29 18:32:56
1161226,361,0,20260629,1575,12,,2026-06-29 18:33:34
1161226,361,0,20260629,1575,13,,2026-06-29 18:34:26
1161226,361,0,20260629,1575,14,,2026-06-29 18:35:32
1161226,361,0,20260629,1575,15,,2026-06-29 18:35:57
1161226,361,0,20260629,1575,16,,2026-06-29 18:36:31
1161226,361,0,20260629,1575,17,,2026-06-29 18:37:19
1161226,361,0,20260629,1575,18,,2026-06-29 18:37:50
1161226,361,0,20260629,1575,19,,2026-06-29 18:38:39
1161226,361,0,20260629,1575,20,,2026-06-29 18:39:03
1161226,361,0,20260629,1575,21,,2026-06-29 18:39:32
1161226,361,0,20260629,1575,22,,2026-06-29 18:41:26
1161226,361,0,20260629,1575,23,,2026-06-29 18:43:15
1161226,361,0,20260629,1575,24,,2026-06-29 18:44:17
1161226,361,0,20260629,1575,25,,2026-06-29 18:45:28
1161226,361,0,20260629,1575,26,,2026-06-29 18:46:26
1161226,361,0,20260629,1575,27,,2026-06-29 18:48:46
1161226,361,0,20260629,1575,28,,2026-06-29 18:49:23
1161226,361,0,20260629,1575,29,,2026-06-29 18:50:17
1161226,361,0,20260629,1575,30,,2026-06-29 18:50:46
1161226,361,0,20260629,1575,31,,2026-06-29 18:51:53
1161226,361,0,20260629,1575,32,,2026-06-29 18:52:48
1161226,361,0,20260629,1575,33,,2026-06-29 18:53:16
1161226,361,0,20260629,1575,34,,2026-06-29 18:53:40
1161226,361,0,20260629,1575,35,,2026-06-29 18:54:42
1161226,361,0,20260629,1575,36,,2026-06-29 18:55:41
1161226,361,0,20260629,1575,37,,2026-06-29 18:56:18
1161226,361,0,20260629,1575,38,,2026-06-29 18:56:40
1161226,361,0,20260629,1575,39,,2026-06-29 18:57:04
1161226,361,0,20260629,1575,40,,2026-06-29 18:57:30
1161226,361,0,20260629,1575,41,,2026-06-29 18:57:57
1161226,361,0,20260629,1575,42,,2026-06-29 18:58:42
1161226,361,0,20260629,1575,43,,2026-06-29 18:59:59
1161226,361,0,20260629,1575,44,,2026-06-29 19:01:03
1161226,361,0,20260629,1575,45,,2026-06-29 19:01:56
1161226,361,0,20260629,1575,46,,2026-06-29 19:02:47
1161246,503,0,20260629,539,3,,2026-06-29 18:28:43
1161246,503,0,20260629,539,4,,2026-06-29 18:29:29
1161246,503,0,20260629,539,5,,2026-06-29 18:30:17
1161246,503,0,20260629,539,6,,2026-06-29 18:31:28
1161246,503,0,20260629,539,7,,2026-06-29 18:32:11
1161246,503,0,20260629,539,8,,2026-06-29 18:32:52
1161246,503,0,20260629,539,9,,2026-06-29 18:33:31
1161246,503,0,20260629,539,10,,2026-06-29 18:34:37
1161246,503,0,20260629,539,11,,2026-06-29 18:35:18
1161246,503,0,20260629,539,12,,2026-06-29 18:36:29
1161246,503,0,20260629,539,13,,2026-06-29 18:38:00
1161246,503,0,20260629,539,14,,2026-06-29 18:38:43
1161246,503,0,20260629,539,15,,2026-06-29 18:39:43
1161246,503,0,20260629,539,16,,2026-06-29 18:40:24
1161246,503,0,20260629,539,17,,2026-06-29 18:41:08
1161246,503,0,20260629,539,18,,2026-06-29 18:41:40
1161246,503,0,20260629,539,19,,2026-06-29 18:42:41
1161246,503,0,20260629,539,20,,2026-06-29 18:43:28
1161246,503,0,20260629,539,21,,2026-06-29 18:43:56
1161246,503,0,20260629,539,22,,2026-06-29 18:44:35
1161246,503,0,20260629,539,23,,2026-06-29 18:45:23
1161246,503,0,20260629,539,24,,2026-06-29 18:45:53
1161246,503,0,20260629,539,25,,2026-06-29 18:46:38
1161246,503,0,20260629,539,26,,2026-06-29 18:44:00
1161246,503,0,20260629,539,27,,2026-06-29 18:44:48
1161246,503,0,20260629,539,999,,2026-06-29 18:46:17
1161264,503,1,20260629,1274,999,,2026-06-29 18:28:26
1161274,503,1,20260629,1556,1,,2026-06-29 18:53:00
1161274,503,1,20260629,1556,2,,2026-06-29 18:54:08
1161274,503,1,20260629,1556,3,,2026-06-29 18:55:06
1161274,503,1,20260629,1556,4,,2026-06-29 18:55:52
1161274,503,1,20260629,1556,5,,2026-06-29 18:56:19
1161274,503,1,20260629,1556,6,,2026-06-29 18:57:02
1161274,503,1,20260629,1556,7,,2026-06-29 18:57:47
1161282,503,1,20260629,532,11,,2026-06-29 18:28:06
1161282,503,1,20260629,532,12,,2026-06-29 18:29:14
1161282,503,1,20260629,532,13,,2026-06-29 18:29:46
1161282,503,1,20260629,532,14,,2026-06-29 18:30:14
1161282,503,1,20260629,532,15,,2026-06-29 18:31:01
1161282,503,1,20260629,532,16,,2026-06-29 18:31:50
1161282,503,1,20260629,532,17,,2026-06-29 18:32:21
1161282,503,1,20260629,532,18,,2026-06-29 18:33:11
1161282,503,1,20260629,532,19,,2026-06-29 18:33:57
1161282,503,1,20260629,532,20,,2026-06-29 18:35:29
1161282,503,1,20260629,532,21,,2026-06-29 18:35:58
1161282,503,1,20260629,532,22,,2026-06-29 18:37:10
1161282,503,1,20260629,532,23,,2026-06-29 18:38:02
1161282,503,1,20260629,532,24,,2026-06-29 18:38:27
1161282,503,1,20260629,532,25,,2026-06-29 18:39:11
1161282,503,1,20260629,532,26,,2026-06-29 18:39:48
1161282,503,1,20260629,532,27,,2026-06-29 18:40:14
1161282,503,1,20260629,532,28,,2026-06-29 18:41:01
1161282,503,1,20260629,532,29,,2026-06-29 18:41:32
1161282,503,1,20260629,532,30,,2026-06-29 18:42:11
1161282,503,1,20260629,532,31,,2026-06-29 18:43:31
1161282,503,1,20260629,532,32,,2026-06-29 18:44:45
1161282,503,1,20260629,532,999,,2026-06-29 18:45:29
1161320,506,0,20260629,1481,42,,2026-06-29 18:28:07
1161320,506,0,20260629,1481,43,,2026-06-29 18:28:36
1161320,506,0,20260629,1481,44,,2026-06-29 18:29:53
1161320,506,0,20260629,1481,45,,2026-06-29 18:30:33
1161320,506,0,20260629,1481,46,,2026-06-29 18:31:20
1161320,506,0,20260629,1481,47,,2026-06-29 18:32:17
1161320,506,0,20260629,1481,48,,2026-06-29 18:32:58
1161320,506,0,20260629,1481,999,,2026-06-29 18:34:44
1161373,506,1,20260629,1106,1,,2026-06-29 18:47:00
1161373,506,1,20260629,1106,2,,2026-06-29 18:47:42
1161373,506,1,20260629,1106,3,,2026-06-29 18:48:45
1161373,506,1,20260629,1106,4,,2026-06-29 18:50:11
1161373,506,1,20260629,1106,5,,2026-06-29 18:51:06
1161373,506,1,20260629,1106,6,,2026-06-29 18:51:42
1161373,506,1,20260629,1106,7,,2026-06-29 18:52:26
1161373,506,1,20260629,1106,8,,2026-06-29 18:53:30
1161373,506,1,20260629,1106,9,,2026-06-29 18:54:01
1161373,506,1,20260629,1106,10,,2026-06-29 18:54:28
1161373,506,1,20260629,1106,11,,2026-06-29 18:55:06
1161373,506,1,20260629,1106,12,,2026-06-29 18:55:45
1161373,506,1,20260629,1106,13,,2026-06-29 18:56:30
1161373,506,1,20260629,1106,14,,2026-06-29 18:56:45
1161373,506,1,20260629,1106,15,,2026-06-29 18:57:25
1161391,506,1,20260629,951,40,,2026-06-29 18:28:36
1161391,506,1,20260629,951,41,,2026-06-29 18:28:56
1161391,506,1,20260629,951,42,,2026-06-29 18:29:12
1161391,506,1,20260629,951,43,,2026-06-29 18:29:50
1161391,506,1,20260629,951,44,,2026-06-29 18:30:16
1161391,506,1,20260629,951,45,,2026-06-29 18:30:50
1161391,506,1,20260629,951,46,,2026-06-29 18:31:32
1161391,506,1,20260629,951,47,,2026-06-29 18:32:24
1161391,506,1,20260629,951,48,,2026-06-29 18:32:24
1161391,506,1,20260629,951,49,,2026-06-29 18:32:45
1161391,506,1,20260629,951,50,,2026-06-29 18:33:16
1161391,506,1,20260629,951,51,,2026-06-29 18:34:24
1161391,506,1,20260629,951,52,,2026-06-29 18:35:13
1161391,506,1,20260629,951,999,,2026-06-29 18:36:15
1161402,506,1,20260629,1447,9,,2026-06-29 18:28:34
1161402,506,1,20260629,1447,10,,2026-06-29 18:29:20
1161402,506,1,20260629,1447,11,,2026-06-29 18:30:00
1161402,506,1,20260629,1447,12,,2026-06-29 18:30:18
1161402,506,1,20260629,1447,13,,2026-06-29 18:31:07
1161402,506,1,20260629,1447,14,,2026-06-29 18:32:45
1161402,506,1,20260629,1447,15,,2026-06-29 18:33:14
1161402,506,1,20260629,1447,16,,2026-06-29 18:33:59
1161402,506,1,20260629,1447,17,,2026-06-29 18:34:47
1161402,506,1,20260629,1447,18,,2026-06-29 18:35:43
1161402,506,1,20260629,1447,19,,2026-06-29 18:35:40
1161402,506,1,20260629,1447,20,,2026-06-29 18:36:48
1161402,506,1,20260629,1447,21,,2026-06-29 18:36:57
1161402,506,1,20260629,1447,22,,2026-06-29 18:38:15
1161402,506,1,20260629,1447,23,,2026-06-29 18:38:58
1161402,506,1,20260629,1447,24,,2026-06-29 18:39:26
1161402,506,1,20260629,1447,25,,2026-06-29 18:40:15
1161402,506,1,20260629,1447,26,,2026-06-29 18:40:32
1161402,506,1,20260629,1447,27,,2026-06-29 18:41:04
1161402,506,1,20260629,1447,28,,2026-06-29 18:41:34
1161402,506,1,20260629,1447,29,,2026-06-29 18:41:34
1161402,506,1,20260629,1447,30,,2026-06-29 18:42:37
1161402,506,1,20260629,1447,31,,2026-06-29 18:42:58
1161402,506,1,20260629,1447,32,,2026-06-29 18:43:47
1161402,506,1,20260629,1447,33,,2026-06-29 18:44:48
1161402,506,1,20260629,1447,34,,2026-06-29 18:45:45
1161402,506,1,20260629,1447,35,,2026-06-29 18:46:17
1161402,506,1,20260629,1447,36,,2026-06-29 18:46:40
1161402,506,1,20260629,1447,37,,2026-06-29 18:47:17
1161402,506,1,20260629,1447,38,,2026-06-29 18:47:38
1161402,506,1,20260629,1447,39,,2026-06-29 18:48:09
1161402,506,1,20260629,1447,40,,2026-06-29 18:48:41
1161402,506,1,20260629,1447,41,,2026-06-29 18:49:07
1161402,506,1,20260629,1447,42,,2026-06-29 18:49:32
1161402,506,1,20260629,1447,43,,2026-06-29 18:50:15
1161402,506,1,20260629,1447,44,,2026-06-29 18:51:05
1161402,506,1,20260629,1447,45,,2026-06-29 18:52:05
1161402,506,1,20260629,1447,46,,2026-06-29 18:52:44
1161402,506,1,20260629,1447,47,,2026-06-29 18:53:19
1161402,506,1,20260629,1447,48,,2026-06-29 18:53:44
1161402,506,1,20260629,1447,49,,2026-06-29 18:54:07
1161402,506,1,20260629,1447,50,,2026-06-29 18:54:43
1161402,506,1,20260629,1447,51,,2026-06-29 18:55:23
1161402,506,1,20260629,1447,52,,2026-06-29 18:56:23
1161402,506,1,20260629,1447,999,,2026-06-29 18:57:29
1161408,506,1,20260629,1472,21,,2026-06-29 18:28:26
1161408,506,1,20260629,1472,22,,2026-06-29 18:29:24
1161408,506,1,20260629,1472,23,,2026-06-29 18:30:08
1161408,506,1,20260629,1472,24,,2026-06-29 18:30:56
1161408,506,1,20260629,1472,25,,2026-06-29 18:31:23
1161408,506,1,20260629,1472,26,,2026-06-29 18:31:39
1161408,506,1,20260629,1472,27,,2026-06-29 18:32:10
1161408,506,1,20260629,1472,28,,2026-06-29 18:32:41
1161408,506,1,20260629,1472,29,,2026-06-29 18:33:03
1161408,506,1,20260629,1472,30,,2026-06-29 18:33:58
1161408,506,1,20260629,1472,31,,2026-06-29 18:34:41
1161408,506,1,20260629,1472,32,,2026-06-29 18:35:29
1161408,506,1,20260629,1472,33,,2026-06-29 18:35:53
1161408,506,1,20260629,1472,34,,2026-06-29 18:36:46
1161408,506,1,20260629,1472,35,,2026-06-29 18:37:29
1161408,506,1,20260629,1472,36,,2026-06-29 18:37:48
1161408,506,1,20260629,1472,37,,2026-06-29 18:38:04
1161408,506,1,20260629,1472,38,,2026-06-29 18:38:40
1161408,506,1,20260629,1472,39,,2026-06-29 18:38:48
1161408,506,1,20260629,1472,40,,2026-06-29 18:39:21
1161408,506,1,20260629,1472,41,,2026-06-29 18:39:37
1161408,506,1,20260629,1472,42,,2026-06-29 18:40:08
1161408,506,1,20260629,1472,43,,2026-06-29 18:40:19
1161408,506,1,20260629,1472,44,,2026-06-29 18:41:12
1161408,506,1,20260629,1472,45,,2026-06-29 18:41:44
1161408,506,1,20260629,1472,46,,2026-06-29 18:42:22
1161408,506,1,20260629,1472,47,,2026-06-29 18:42:25
1161408,506,1,20260629,1472,48,,2026-06-29 18:42:55
1161408,506,1,20260629,1472,49,,2026-06-29 18:43:21
1161408,506,1,20260629,1472,50,,2026-06-29 18:43:58
1161408,506,1,20260629,1472,51,,2026-06-29 18:44:41
1161408,506,1,20260629,1472,52,,2026-06-29 18:45:46
1161408,506,1,20260629,1472,999,,2026-06-29 18:46:55
1161422,506,0,20260629,1279,3,,2026-06-29 18:28:04
1161422,506,0,20260629,1279,4,,2026-06-29 18:28:55
1161422,506,0,20260629,1279,5,,2026-06-29 18:29:26
1161422,506,0,20260629,1279,6,,2026-06-29 18:30:13
1161422,506,0,20260629,1279,7,,2026-06-29 18:30:39
1161422,506,0,20260629,1279,8,,2026-06-29 18:31:05
1161422,506,0,20260629,1279,9,,2026-06-29 18:31:56
1161422,506,0,20260629,1279,10,,2026-06-29 18:32:22
1161422,506,0,20260629,1279,11,,2026-06-29 18:32:55
1161422,506,0,20260629,1279,12,,2026-06-29 18:33:51
1161422,506,0,20260629,1279,13,,2026-06-29 18:34:13
1161422,506,0,20260629,1279,14,,2026-06-29 18:34:32
1161422,506,0,20260629,1279,15,,2026-06-29 18:35:00
1161422,506,0,20260629,1279,16,,2026-06-29 18:35:28
1161422,506,0,20260629,1279,17,,2026-06-29 18:35:51
1161422,506,0,20260629,1279,18,,2026-06-29 18:36:21
1161422,506,0,20260629,1279,19,,2026-06-29 18:36:45
1161422,506,0,20260629,1279,20,,2026-06-29 18:37:04
1161422,506,0,20260629,1279,21,,2026-06-29 18:38:14
1161422,506,0,20260629,1279,22,,2026-06-29 18:39:29
1161422,506,0,20260629,1279,23,,2026-06-29 18:40:16
1161422,506,0,20260629,1279,24,,2026-06-29 18:40:50
1161422,506,0,20260629,1279,25,,2026-06-29 18:41:37
1161422,506,0,20260629,1279,26,,2026-06-29 18:41:58
1161422,506,0,20260629,1279,27,,2026-06-29 18:42:45
1161422,506,0,20260629,1279,28,,2026-06-29 18:43:16
1161422,506,0,20260629,1279,29,,2026-06-29 18:43:33
1161422,506,0,20260629,1279,30,,2026-06-29 18:43:54
1161422,506,0,20260629,1279,31,,2026-06-29 18:44:33
1161422,506,0,20260629,1279,32,,2026-06-29 18:45:28
1161422,506,0,20260629,1279,33,,2026-06-29 18:46:02
1161422,506,0,20260629,1279,34,,2026-06-29 18:46:45
1161422,506,0,20260629,1279,35,,2026-06-29 18:47:32
1161422,506,0,20260629,1279,36,,2026-06-29 18:47:46
1161422,506,0,20260629,1279,37,,2026-06-29 18:48:29
1161422,506,0,20260629,1279,38,,2026-06-29 18:49:17
1161422,506,0,20260629,1279,39,,2026-06-29 18:49:48
1161422,506,0,20260629,1279,40,,2026-06-29 18:50:17
1161422,506,0,20260629,1279,41,,2026-06-29 18:50:55
1161422,506,0,20260629,1279,42,,2026-06-29 18:51:49
1161422,506,0,20260629,1279,43,,2026-06-29 18:52:46
1161422,506,0,20260629,1279,44,,2026-06-29 18:53:18
1161422,506,0,20260629,1279,45,,2026-06-29 18:54:28
1161422,506,0,20260629,1279,46,,2026-06-29 18:55:07
1161422,506,0,20260629,1279,47,,2026-06-29 18:56:36
1161450,507,1,20260629,1114,4,,2026-06-29 18:28:07
1161450,507,1,20260629,1114,5,,2026-06-29 18:28:43
1161450,507,1,20260629,1114,6,,2026-06-29 18:29:22
1161450,507,1,20260629,1114,7,,2026-06-29 18:30:05
1161450,507,1,20260629,1114,8,,2026-06-29 18:30:37
1161450,507,1,20260629,1114,9,,2026-06-29 18:31:18
1161450,507,1,20260629,1114,10,,2026-06-29 18:32:11
1161450,507,1,20260629,1114,11,,2026-06-29 18:32:24
1161450,507,1,20260629,1114,12,,2026-06-29 18:33:21
1161450,507,1,20260629,1114,13,,2026-06-29 18:33:42
1161450,507,1,20260629,1114,14,,2026-06-29 18:34:50
1161450,507,1,20260629,1114,15,,2026-06-29 18:34:52
1161450,507,1,20260629,1114,999,,2026-06-29 18:37:00
1161460,507,0,20260629,533,14,,2026-06-29 18:28:37
1161460,507,0,20260629,533,15,,2026-06-29 18:29:56
1161460,507,0,20260629,533,16,,2026-06-29 18:30:21
1161460,507,0,20260629,533,999,,2026-06-29 18:32:25
1161501,540,1,20260629,1484,999,,2026-06-29 18:32:04
1161502,540,1,20260629,1478,7,,2026-06-29 18:35:32
1161502,540,1,20260629,1478,8,,2026-06-29 18:38:11
1161502,540,1,20260629,1478,999,,2026-06-29 18:44:30
1161505,541,0,20260629,1820,42,,2026-06-29 18:30:18
1161505,541,0,20260629,1820,43,,2026-06-29 18:32:01
1161505,541,0,20260629,1820,44,,2026-06-29 18:35:31
1161505,541,0,20260629,1820,999,,2026-06-29 18:36:11
1161510,541,0,20260629,1828,22,,2026-06-29 18:30:03
1161510,541,0,20260629,1828,23,,2026-06-29 18:36:20
1161510,541,0,20260629,1828,24,,2026-06-29 18:39:19
1161510,541,0,20260629,1828,25,,2026-06-29 18:46:20
1161510,541,0,20260629,1828,26,,2026-06-29 18:48:58
1161510,541,0,20260629,1828,27,,2026-06-29 18:52:27
1161510,541,0,20260629,1828,28,,2026-06-29 18:55:43
1161510,541,0,20260629,1828,999,,2026-06-29 18:56:58
1161540,541,0,20260629,1190,2,,2026-06-29 18:29:34
1161540,541,0,20260629,1190,3,,2026-06-29 18:30:09
1161540,541,0,20260629,1190,4,,2026-06-29 18:28:58
1161540,541,0,20260629,1190,5,,2026-06-29 18:29:24
1161540,541,0,20260629,1190,6,,2026-06-29 18:29:42
1161540,541,0,20260629,1190,7,,2026-06-29 18:30:11
1161540,541,0,20260629,1190,8,,2026-06-29 18:30:47
1161540,541,0,20260629,1190,9,,2026-06-29 18:32:54
1161540,541,0,20260629,1190,10,,2026-06-29 18:31:49
1161540,541,0,20260629,1190,11,,2026-06-29 18:32:24
1161540,541,0,20260629,1190,12,,2026-06-29 18:34:44
1161540,541,0,20260629,1190,13,,2026-06-29 18:36:05
1161540,541,0,20260629,1190,14,,2026-06-29 18:34:45
1161540,541,0,20260629,1190,15,,2026-06-29 18:35:14
1161540,541,0,20260629,1190,16,,2026-06-29 18:37:34
1161540,541,0,20260629,1190,17,,2026-06-29 18:38:11
1161540,541,0,20260629,1190,18,,2026-06-29 18:38:38
1161540,541,0,20260629,1190,19,,2026-06-29 18:39:13
1161540,541,0,20260629,1190,20,,2026-06-29 18:39:30
1161540,541,0,20260629,1190,21,,2026-06-29 18:39:59
1161540,541,0,20260629,1190,22,,2026-06-29 18:40:48
1161540,541,0,20260629,1190,23,,2026-06-29 18:41:09
1161540,541,0,20260629,1190,24,,2026-06-29 18:40:25
1161540,541,0,20260629,1190,25,,2026-06-29 18:41:02
1161540,541,0,20260629,1190,26,,2026-06-29 18:41:31
1161540,541,0,20260629,1190,27,,2026-06-29 18:42:00
1161540,541,0,20260629,1190,28,,2026-06-29 18:42:41
1161540,541,0,20260629,1190,29,,2026-06-29 18:44:21
1161540,541,0,20260629,1190,30,,2026-06-29 18:44:43
1161540,541,0,20260629,1190,31,,2026-06-29 18:45:24
1161540,541,0,20260629,1190,32,,2026-06-29 18:45:45
1161540,541,0,20260629,1190,33,,2026-06-29 18:46:08
1161540,541,0,20260629,1190,34,,2026-06-29 18:46:44
1161540,541,0,20260629,1190,35,,2026-06-29 18:47:28
1161540,541,0,20260629,1190,36,,2026-06-29 18:47:53
1161540,541,0,20260629,1190,37,,2026-06-29 18:48:56
1161540,541,0,20260629,1190,38,,2026-06-29 18:49:24
1161540,541,0,20260629,1190,39,,2026-06-29 18:55:24
1161550,541,1,20260629,1163,2,,2026-06-29 18:30:14
1161550,541,1,20260629,1163,3,,2026-06-29 18:31:36
1161550,541,1,20260629,1163,4,,2026-06-29 18:32:58
1161550,541,1,20260629,1163,5,,2026-06-29 18:35:29
1161550,541,1,20260629,1163,6,,2026-06-29 18:37:28
1161550,541,1,20260629,1163,7,,2026-06-29 18:44:50
1161550,541,1,20260629,1163,8,,2026-06-29 18:47:33
1161550,541,1,20260629,1163,9,,2026-06-29 18:53:34
1161550,541,1,20260629,1163,10,,2026-06-29 18:54:00
1161550,541,1,20260629,1163,11,,2026-06-29 18:54:56
1161550,541,1,20260629,1163,12,,2026-06-29 18:55:20
1161550,541,1,20260629,1163,13,,2026-06-29 18:55:54
1161550,541,1,20260629,1163,14,,2026-06-29 18:56:38
1161550,541,1,20260629,1163,15,,2026-06-29 18:57:19
1161587,541G,1,20260629,1440,30,,2026-06-29 18:28:21
1161587,541G,1,20260629,1440,31,,2026-06-29 18:28:45
1161587,541G,1,20260629,1440,32,,2026-06-29 18:29:03
1161587,541G,1,20260629,1440,33,,2026-06-29 18:29:27
1161587,541G,1,20260629,1440,34,,2026-06-29 18:29:46
1161587,541G,1,20260629,1440,35,,2026-06-29 18:30:14
1161587,541G,1,20260629,1440,36,,2026-06-29 18:30:55
1161587,541G,1,20260629,1440,999,,2026-06-29 18:32:46
1161614,541X,1,20260629,1164,17,,2026-06-29 18:28:18
1161614,541X,1,20260629,1164,18,,2026-06-29 18:28:56
1161614,541X,1,20260629,1164,19,,2026-06-29 18:29:47
1161614,541X,1,20260629,1164,20,,2026-06-29 18:30:28
1161614,541X,1,20260629,1164,21,,2026-06-29 18:31:16
1161614,541X,1,20260629,1164,22,,2026-06-29 18:31:50
1161614,541X,1,20260629,1164,23,,2026-06-29 18:32:13
1161614,541X,1,20260629,1164,24,,2026-06-29 18:33:06
1161614,541X,1,20260629,1164,25,,2026-06-29 18:33:39
1161614,541X,1,20260629,1164,26,,2026-06-29 18:34:10
1161614,541X,1,20260629,1164,27,,2026-06-29 18:34:37
1161614,541X,1,20260629,1164,999,,2026-06-29 18:35:12
1161616,541X,1,20260629,1436,7,,2026-06-29 18:34:13
1161616,541X,1,20260629,1436,8,,2026-06-29 18:38:03
1161616,541X,1,20260629,1436,9,,2026-06-29 18:38:42
1161616,541X,1,20260629,1436,10,,2026-06-29 18:39:21
1161616,541X,1,20260629,1436,11,,2026-06-29 18:39:57
1161616,541X,1,20260629,1436,12,,2026-06-29 18:40:43
1161616,541X,1,20260629,1436,13,,2026-06-29 18:41:25
1161616,541X,1,20260629,1436,14,,2026-06-29 18:41:58
1161616,541X,1,20260629,1436,15,,2026-06-29 18:43:06
1161616,541X,1,20260629,1436,16,,2026-06-29 18:43:44
1161616,541X,1,20260629,1436,17,,2026-06-29 18:44:22
1161616,541X,1,20260629,1436,18,,2026-06-29 18:44:43
1161616,541X,1,20260629,1436,19,,2026-06-29 18:45:54
1161616,541X,1,20260629,1436,20,,2026-06-29 18:46:38
1161616,541X,1,20260629,1436,21,,2026-06-29 18:47:26
1161616,541X,1,20260629,1436,22,,2026-06-29 18:47:59
1161616,541X,1,20260629,1436,23,,2026-06-29 18:48:11
1161616,541X,1,20260629,1436,24,,2026-06-29 18:48:52
1161616,541X,1,20260629,1436,25,,2026-06-29 18:49:26
1161616,541X,1,20260629,1436,26,,2026-06-29 18:50:23
1161616,541X,1,20260629,1436,27,,2026-06-29 18:50:24
1161616,541X,1,20260629,1436,999,,2026-06-29 18:50:56
1161655,542,0,20260629,1428,1,,2026-06-29 18:38:12
1161655,542,0,20260629,1428,2,,2026-06-29 18:38:37
1161655,542,0,20260629,1428,3,,2026-06-29 18:39:13
1161655,542,0,20260629,1428,4,,2026-06-29 18:39:41
1161655,542,0,20260629,1428,5,,2026-06-29 18:40:15
1161655,542,0,20260629,1428,6,,2026-06-29 18:40:46
1161655,542,0,20260629,1428,7,,2026-06-29 18:41:27
1161655,542,0,20260629,1428,8,,2026-06-29 18:41:49
1161655,542,0,20260629,1428,9,,2026-06-29 18:42:21
1161655,542,0,20260629,1428,10,,2026-06-29 18:43:18
1161655,542,0,20260629,1428,11,,2026-06-29 18:43:34
1161655,542,0,20260629,1428,12,,2026-06-29 18:44:24
1161655,542,0,20260629,1428,13,,2026-06-29 18:44:50
1161655,542,0,20260629,1428,14,,2026-06-29 18:45:14
1161655,542,0,20260629,1428,15,,2026-06-29 18:45:51
1161655,542,0,20260629,1428,16,,2026-06-29 18:46:21
1161655,542,0,20260629,1428,17,,2026-06-29 18:46:31
1161655,542,0,20260629,1428,18,,2026-06-29 18:47:21
1161655,542,0,20260629,1428,19,,2026-06-29 18:47:57
1161655,542,0,20260629,1428,20,,2026-06-29 18:48:40
1161655,542,0,20260629,1428,21,,2026-06-29 18:49:23
1161655,542,0,20260629,1428,22,,2026-06-29 18:50:07
1161655,542,0,20260629,1428,23,,2026-06-29 18:51:07
1161655,542,0,20260629,1428,24,,2026-06-29 18:51:57
1161655,542,0,20260629,1428,25,,2026-06-29 18:52:41
1161655,542,0,20260629,1428,26,,2026-06-29 18:53:29
1161655,542,0,20260629,1428,27,,2026-06-29 18:53:56
1161655,542,0,20260629,1428,28,,2026-06-29 18:54:35
1161655,542,0,20260629,1428,29,,2026-06-29 18:55:06
1161655,542,0,20260629,1428,999,,2026-06-29 18:55:57
1161691,542X,1,20260629,1436,6,,2026-06-29 18:29:33
1161691,542X,1,20260629,1436,7,,2026-06-29 18:30:42
1161691,542X,1,20260629,1436,8,,2026-06-29 18:31:05
1161691,542X,1,20260629,1436,9,,2026-06-29 18:31:37
1161691,542X,1,20260629,1436,10,,2026-06-29 18:32:14
1161691,542X,1,20260629,1436,11,,2026-06-29 18:32:55
1161691,542X,1,20260629,1436,12,,2026-06-29 18:33:30
1161691,542X,1,20260629,1436,13,,2026-06-29 18:33:57
1161691,542X,1,20260629,1436,14,,2026-06-29 18:34:32
1161691,542X,1,20260629,1436,15,,2026-06-29 18:35:15
1161691,542X,1,20260629,1436,16,,2026-06-29 18:35:55
1161691,542X,1,20260629,1436,17,,2026-06-29 18:36:41
1161691,542X,1,20260629,1436,18,,2026-06-29 18:37:27
1161691,542X,1,20260629,1436,19,,2026-06-29 18:38:09
1161691,542X,1,20260629,1436,20,,2026-06-29 18:38:41
1161691,542X,1,20260629,1436,21,,2026-06-29 18:39:34
1161691,542X,1,20260629,1436,22,,2026-06-29 18:40:05
1161691,542X,1,20260629,1436,23,,2026-06-29 18:40:36
1161691,542X,1,20260629,1436,24,,2026-06-29 18:41:18
1161691,542X,1,20260629,1436,25,,2026-06-29 18:41:57
1161691,542X,1,20260629,1436,26,,2026-06-29 18:42:33
1161691,542X,1,20260629,1436,27,,2026-06-29 18:43:05
1161691,542X,1,20260629,1436,28,,2026-06-29 18:43:36
1161691,542X,1,20260629,1436,29,,2026-06-29 18:44:25
1161691,542X,1,20260629,1436,30,,2026-06-29 18:44:58
1161691,542X,1,20260629,1436,31,,2026-06-29 18:45:17
1161691,542X,1,20260629,1436,32,,2026-06-29 18:45:54
1161691,542X,1,20260629,1436,33,,2026-06-29 18:46:26
1161691,542X,1,20260629,1436,999,,2026-06-29 18:46:56
1161693,542X,1,20260629,1281,29,,2026-06-29 18:28:38
1161693,542X,1,20260629,1281,30,,2026-06-29 18:29:13
1161693,542X,1,20260629,1281,31,,2026-06-29 18:29:30
1161693,542X,1,20260629,1281,32,,2026-06-29 18:30:08
1161693,542X,1,20260629,1281,33,,2026-06-29 18:30:42
1161693,542X,1,20260629,1281,999,,2026-06-29 18:31:15
1161720,543,1,20260629,1469,1,,2026-06-29 18:48:00
1161720,543,1,20260629,1469,2,,2026-06-29 18:50:18
1161720,543,1,20260629,1469,3,,2026-06-29 18:51:20
1161720,543,1,20260629,1469,4,,2026-06-29 18:52:03
1161720,543,1,20260629,1469,5,,2026-06-29 18:52:43
1161720,543,1,20260629,1469,6,,2026-06-29 18:53:37
1161720,543,1,20260629,1469,7,,2026-06-29 18:54:03
1161720,543,1,20260629,1469,8,,2026-06-29 18:54:26
1161720,543,1,20260629,1469,9,,2026-06-29 18:55:03
1161720,543,1,20260629,1469,10,,2026-06-29 18:55:42
1161720,543,1,20260629,1469,11,,2026-06-29 18:56:17
1161720,543,1,20260629,1469,12,,2026-06-29 18:56:48
1161720,543,1,20260629,1469,13,,2026-06-29 18:57:36
1161720,543,1,20260629,1469,14,,2026-06-29 18:58:17
1161720,543,1,20260629,1469,15,,2026-06-29 18:58:41
1161720,543,1,20260629,1469,16,,2026-06-29 18:59:13
1161720,543,1,20260629,1469,17,,2026-06-29 18:59:58
1161744,543X,1,20260629,1467,999,,2026-06-29 18:28:33
1161754,544,0,20260629,1287,21,,2026-06-29 18:28:37
1161754,544,0,20260629,1287,22,,2026-06-29 18:36:08
1161754,544,0,20260629,1287,23,,2026-06-29 18:38:49
1161754,544,0,20260629,1287,999,,2026-06-29 18:41:09
1161755,544,0,20260629,1134,2,,2026-06-29 18:30:50
1161755,544,0,20260629,1134,3,,2026-06-29 18:32:01
1161755,544,0,20260629,1134,4,,2026-06-29 18:32:30
1161755,544,0,20260629,1134,5,,2026-06-29 18:33:22
1161755,544,0,20260629,1134,6,,2026-06-29 18:33:21
1161755,544,0,20260629,1134,7,,2026-06-29 18:33:52
1161755,544,0,20260629,1134,8,,2026-06-29 18:34:26
1161755,544,0,20260629,1134,9,,2026-06-29 18:35:04
1161755,544,0,20260629,1134,10,,2026-06-29 18:35:41
1161755,544,0,20260629,1134,11,,2026-06-29 18:35:56
1161755,544,0,20260629,1134,12,,2026-06-29 18:36:20
1161755,544,0,20260629,1134,13,,2026-06-29 18:37:31
1161755,544,0,20260629,1134,14,,2026-06-29 18:37:44
1161755,544,0,20260629,1134,15,,2026-06-29 18:38:41
1161755,544,0,20260629,1134,16,,2026-06-29 18:38:47
1161755,544,0,20260629,1134,17,,2026-06-29 18:40:23
1161755,544,0,20260629,1134,18,,2026-06-29 18:42:31
1161755,544,0,20260629,1134,19,,2026-06-29 18:45:04
1161755,544,0,20260629,1134,20,,2026-06-29 18:51:04
1161755,544,0,20260629,1134,21,,2026-06-29 18:54:04
1161804,545,0,20260629,1424,1,,2026-06-29 18:42:00
1161804,545,0,20260629,1424,2,,2026-06-29 18:43:19
1161804,545,0,20260629,1424,3,,2026-06-29 18:44:06
1161804,545,0,20260629,1424,4,,2026-06-29 18:44:49
1161804,545,0,20260629,1424,5,,2026-06-29 18:45:23
1161804,545,0,20260629,1424,6,,2026-06-29 18:45:20
1161804,545,0,20260629,1424,7,,2026-06-29 18:45:55
1161804,545,0,20260629,1424,8,,2026-06-29 18:46:33
1161804,545,0,20260629,1424,9,,2026-06-29 18:47:06
1161804,545,0,20260629,1424,10,,2026-06-29 18:47:34
1161804,545,0,20260629,1424,11,,2026-06-29 18:48:17
1161804,545,0,20260629,1424,12,,2026-06-29 18:48:38
1161804,545,0,20260629,1424,13,,2026-06-29 18:49:11
1161804,545,0,20260629,1424,14,,2026-06-29 18:50:22
1161804,545,0,20260629,1424,15,,2026-06-29 18:51:04
1161804,545,0,20260629,1424,16,,2026-06-29 18:51:55
1161804,545,0,20260629,1424,17,,2026-06-29 18:52:36
1161804,545,0,20260629,1424,18,,2026-06-29 18:53:20
1161804,545,0,20260629,1424,19,,2026-06-29 18:53:52
1161804,545,0,20260629,1424,20,,2026-06-29 18:54:17
1161804,545,0,20260629,1424,21,,2026-06-29 18:55:05
1161804,545,0,20260629,1424,22,,2026-06-29 18:55:49
1161804,545,0,20260629,1424,999,,2026-06-29 18:56:42
1161835,545X,1,20260629,1280,5,,2026-06-29 18:32:51
1161835,545X,1,20260629,1280,6,,2026-06-29 18:38:38
1161835,545X,1,20260629,1280,7,,2026-06-29 18:39:46
1161835,545X,1,20260629,1280,8,,2026-06-29 18:41:52
1161835,545X,1,20260629,1280,9,,2026-06-29 18:42:35
1161835,545X,1,20260629,1280,10,,2026-06-29 18:43:35
1161835,545X,1,20260629,1280,11,,2026-06-29 18:43:43
1161835,545X,1,20260629,1280,12,,2026-06-29 18:44:08
1161835,545X,1,20260629,1280,13,,2026-06-29 18:44:46
1161835,545X,1,20260629,1280,14,,2026-06-29 18:45:26
1161835,545X,1,20260629,1280,15,,2026-06-29 18:46:23
1161835,545X,1,20260629,1280,16,,2026-06-29 18:46:55
1161835,545X,1,20260629,1280,17,,2026-06-29 18:47:37
1161835,545X,1,20260629,1280,18,,2026-06-29 18:48:16
1161835,545X,1,20260629,1280,19,,2026-06-29 18:48:56
1161835,545X,1,20260629,1280,20,,2026-06-29 18:49:49
1161835,545X,1,20260629,1280,21,,2026-06-29 18:50:24
1161835,545X,1,20260629,1280,22,,2026-06-29 18:50:53
1161835,545X,1,20260629,1280,23,,2026-06-29 18:51:29
1161835,545X,1,20260629,1280,24,,2026-06-29 18:52:09
1161835,545X,1,20260629,1280,25,,2026-06-29 18:53:18
1161835,545X,1,20260629,1280,999,,2026-06-29 18:54:47
1161872,548,1,20260629,1443,12,,2026-06-29 18:29:11
1161872,548,1,20260629,1443,13,,2026-06-29 18:29:45
1161872,548,1,20260629,1443,14,,2026-06-29 18:30:59
1161872,548,1,20260629,1443,15,,2026-06-29 18:31:54
1161872,548,1,20260629,1443,16,,2026-06-29 18:32:18
1161872,548,1,20260629,1443,17,,2026-06-29 18:33:52
1161872,548,1,20260629,1443,18,,2026-06-29 18:34:30
1161872,548,1,20260629,1443,19,,2026-06-29 18:35:31
1161872,548,1,20260629,1443,20,,2026-06-29 18:36:22
1161872,548,1,20260629,1443,21,,2026-06-29 18:37:20
1161872,548,1,20260629,1443,22,,2026-06-29 18:38:00
1161872,548,1,20260629,1443,23,,2026-06-29 18:39:11
1161872,548,1,20260629,1443,24,,2026-06-29 18:40:00
1161872,548,1,20260629,1443,25,,2026-06-29 18:41:10
1161872,548,1,20260629,1443,26,,2026-06-29 18:42:08
1161872,548,1,20260629,1443,27,,2026-06-29 18:43:05
1161872,548,1,20260629,1443,28,,2026-06-29 18:43:50
1161872,548,1,20260629,1443,29,,2026-06-29 18:44:36
1161872,548,1,20260629,1443,30,,2026-06-29 18:45:10
1161872,548,1,20260629,1443,31,,2026-06-29 18:46:08
1161872,548,1,20260629,1443,32,,2026-06-29 18:46:28
1161872,548,1,20260629,1443,33,,2026-06-29 18:46:57
1161872,548,1,20260629,1443,34,,2026-06-29 18:47:10
1161872,548,1,20260629,1443,35,,2026-06-29 18:47:30
1161872,548,1,20260629,1443,36,,2026-06-29 18:47:46
1161872,548,1,20260629,1443,37,,2026-06-29 18:48:12
1161872,548,1,20260629,1443,38,,2026-06-29 18:48:47
1161872,548,1,20260629,1443,39,,2026-06-29 18:49:13
1161872,548,1,20260629,1443,40,,2026-06-29 18:49:55
1161872,548,1,20260629,1443,999,,2026-06-29 18:51:14
1161889,548,0,20260629,1452,17,,2026-06-29 18:28:34
1161889,548,0,20260629,1452,18,,2026-06-29 18:30:00
1161889,548,0,20260629,1452,19,,2026-06-29 18:31:01
1161889,548,0,20260629,1452,20,,2026-06-29 18:32:02
1161889,548,0,20260629,1452,21,,2026-06-29 18:32:59
1161889,548,0,20260629,1452,22,,2026-06-29 18:32:45
1161889,548,0,20260629,1452,23,,2026-06-29 18:32:59
1161889,548,0,20260629,1452,24,,2026-06-29 18:34:07
1161889,548,0,20260629,1452,999,,2026-06-29 18:34:53
1161895,548,0,20260629,1467,1,,2026-06-29 18:47:41
1161895,548,0,20260629,1467,2,,2026-06-29 18:47:49
1161895,548,0,20260629,1467,3,,2026-06-29 18:48:31
1161895,548,0,20260629,1467,4,,2026-06-29 18:49:23
1161895,548,0,20260629,1467,5,,2026-06-29 18:50:44
1161895,548,0,20260629,1467,6,,2026-06-29 18:51:37
1161895,548,0,20260629,1467,7,,2026-06-29 18:52:27
1161895,548,0,20260629,1467,8,,2026-06-29 18:53:53
1161895,548,0,20260629,1467,9,,2026-06-29 18:54:30
1161895,548,0,20260629,1467,10,,2026-06-29 18:55:01
1161895,548,0,20260629,1467,11,,2026-06-29 18:56:07
1161895,548,0,20260629,1467,12,,2026-06-29 18:57:51
1161895,548,0,20260629,1467,13,,2026-06-29 18:58:41
1161895,548,0,20260629,1467,14,,2026-06-29 18:59:40
1161895,548,0,20260629,1467,15,,2026-06-29 19:00:12
1161895,548,0,20260629,1467,16,,2026-06-29 19:01:06
1161895,548,0,20260629,1467,17,,2026-06-29 19:01:39
1161895,548,0,20260629,1467,18,,2026-06-29 19:02:51
1161895,548,0,20260629,1467,19,,2026-06-29 19:03:43
1161908,556,0,20260629,1450,25,,2026-06-29 18:28:39
1161908,556,0,20260629,1450,26,,2026-06-29 18:28:57
1161908,556,0,20260629,1450,999,,2026-06-29 18:30:04
1161950,556,1,20260629,5703,21,,2026-06-29 18:28:34
1161950,556,1,20260629,5703,22,,2026-06-29 18:29:02
1161950,556,1,20260629,5703,23,,2026-06-29 18:29:23
1161950,556,1,20260629,5703,24,,2026-06-29 18:29:48
1161950,556,1,20260629,5703,25,,2026-06-29 18:30:45
1161950,556,1,20260629,5703,26,,2026-06-29 18:31:11
1161950,556,1,20260629,5703,27,,2026-06-29 18:31:49
1161950,556,1,20260629,5703,28,,2026-06-29 18:32:19
1161950,556,1,20260629,5703,29,,2026-06-29 18:32:44
1161950,556,1,20260629,5703,30,,2026-06-29 18:33:15
1161950,556,1,20260629,5703,31,,2026-06-29 18:33:36
1161950,556,1,20260629,5703,32,,2026-06-29 18:33:54
1161950,556,1,20260629,5703,999,,2026-06-29 18:34:20
1161967,557,0,20260629,1823,1,,2026-06-29 18:29:00
1161967,557,0,20260629,1823,2,,2026-06-29 18:32:41
1161967,557,0,20260629,1823,3,,2026-06-29 18:33:48
1161967,557,0,20260629,1823,4,,2026-06-29 18:34:08
1161967,557,0,20260629,1823,5,,2026-06-29 18:34:25
1161967,557,0,20260629,1823,6,,2026-06-29 18:34:55
1161967,557,0,20260629,1823,7,,2026-06-29 18:35:00
1161967,557,0,20260629,1823,8,,2026-06-29 18:35:56
1161967,557,0,20260629,1823,9,,2026-06-29 18:36:23
1161967,557,0,20260629,1823,10,,2026-06-29 18:36:47
1161967,557,0,20260629,1823,11,,2026-06-29 18:37:42
1161967,557,0,20260629,1823,12,,2026-06-29 18:38:15
1161967,557,0,20260629,1823,13,,2026-06-29 18:38:38
1161967,557,0,20260629,1823,14,,2026-06-29 18:39:10
1161967,557,0,20260629,1823,15,,2026-06-29 18:39:36
1161967,557,0,20260629,1823,16,,2026-06-29 18:40:03
1161967,557,0,20260629,1823,17,,2026-06-29 18:40:57
1161967,557,0,20260629,1823,18,,2026-06-29 18:41:15
1161967,557,0,20260629,1823,19,,2026-06-29 18:41:39
1161967,557,0,20260629,1823,20,,2026-06-29 18:42:21
1161967,557,0,20260629,1823,21,,2026-06-29 18:42:42
1161967,557,0,20260629,1823,22,,2026-06-29 18:43:22
1161967,557,0,20260629,1823,23,,2026-06-29 18:43:44
1161967,557,0,20260629,1823,24,,2026-06-29 18:44:36
1161967,557,0,20260629,1823,25,,2026-06-29 18:44:32
1161967,557,0,20260629,1823,26,,2026-06-29 18:45:39
1161967,557,0,20260629,1823,27,,2026-06-29 18:46:17
1161967,557,0,20260629,1823,28,,2026-06-29 18:46:45
1161967,557,0,20260629,1823,29,,2026-06-29 18:46:59
1161967,557,0,20260629,1823,30,,2026-06-29 18:48:09
1161967,557,0,20260629,1823,31,,2026-06-29 18:48:32
1161967,557,0,20260629,1823,32,,2026-06-29 18:49:09
1161967,557,0,20260629,1823,33,,2026-06-29 18:49:43
1161967,557,0,20260629,1823,34,,2026-06-29 18:50:12
1161967,557,0,20260629,1823,35,,2026-06-29 18:50:50
1161967,557,0,20260629,1823,36,,2026-06-29 18:51:39
1161967,557,0,20260629,1823,37,,2026-06-29 18:52:36
1161967,557,0,20260629,1823,38,,2026-06-29 18:53:30
1161967,557,0,20260629,1823,39,,2026-06-29 18:54:06
1161967,557,0,20260629,1823,40,,2026-06-29 18:54:35
1161967,557,0,20260629,1823,41,,2026-06-29 18:55:15
1161967,557,0,20260629,1823,42,,2026-06-29 18:56:02
1161967,557,0,20260629,1823,43,,2026-06-29 18:56:39
1161967,557,0,20260629,1823,44,,2026-06-29 18:57:10
1161967,557,0,20260629,1823,45,,2026-06-29 18:58:21
1161967,557,0,20260629,1823,46,,2026-06-29 18:59:10
1161967,557,0,20260629,1823,47,,2026-06-29 18:59:36
1161983,557,1,20260629,1239,44,,2026-06-29 18:28:20
1161983,557,1,20260629,1239,45,,2026-06-29 18:28:54
1161983,557,1,20260629,1239,46,,2026-06-29 18:29:23
1161983,557,1,20260629,1239,47,,2026-06-29 18:29:57
1161983,557,1,20260629,1239,48,,2026-06-29 18:30:23
1161983,557,1,20260629,1239,49,,2026-06-29 18:30:50
1161983,557,1,20260629,1239,50,,2026-06-29 18:30:43
1161983,557,1,20260629,1239,51,,2026-06-29 18:30:59
1161983,557,1,20260629,1239,52,,2026-06-29 18:31:47
1161983,557,1,20260629,1239,53,,2026-06-29 18:32:23
1161983,557,1,20260629,1239,999,,2026-06-29 18:33:40
1162017,557,1,20260629,1191,5,,2026-06-29 18:34:34
1162017,557,1,20260629,1191,6,,2026-06-29 18:37:40
1162017,557,1,20260629,1191,7,,2026-06-29 18:40:09
1162017,557,1,20260629,1191,8,,2026-06-29 18:40:33
1162017,557,1,20260629,1191,9,,2026-06-29 18:41:18
1162017,557,1,20260629,1191,10,,2026-06-29 18:41:51
1162017,557,1,20260629,1191,11,,2026-06-29 18:42:44
1162017,557,1,20260629,1191,12,,2026-06-29 18:43:24
1162017,557,1,20260629,1191,13,,2026-06-29 18:43:55
1162017,557,1,20260629,1191,14,,2026-06-29 18:44:50
1162017,557,1,20260629,1191,15,,2026-06-29 18:45:21
1162017,557,1,20260629,1191,16,,2026-06-29 18:45:49
1162017,557,1,20260629,1191,17,,2026-06-29 18:46:17
1162017,557,1,20260629,1191,18,,2026-06-29 18:46:42
1162017,557,1,20260629,1191,19,,2026-06-29 18:47:46
1162017,557,1,20260629,1191,20,,2026-06-29 18:48:18
1162017,557,1,20260629,1191,21,,2026-06-29 18:49:04
1162017,557,1,20260629,1191,22,,2026-06-29 18:49:29
1162017,557,1,20260629,1191,23,,2026-06-29 18:49:50
1162017,557,1,20260629,1191,24,,2026-06-29 18:50:16
1162017,557,1,20260629,1191,25,,2026-06-29 18:51:27
1162017,557,1,20260629,1191,26,,2026-06-29 18:52:17
1162017,557,1,20260629,1191,27,,2026-06-29 18:52:58
1162017,557,1,20260629,1191,28,,2026-06-29 18:53:33
1162017,557,1,20260629,1191,29,,2026-06-29 18:54:13
1162017,557,1,20260629,1191,30,,2026-06-29 18:55:04
1162017,557,1,20260629,1191,31,,2026-06-29 18:55:45
1162017,557,1,20260629,1191,32,,2026-06-29 18:56:24
1162017,557,1,20260629,1191,33,,2026-06-29 18:56:40
1162017,557,1,20260629,1191,34,,2026-06-29 18:57:14
1162017,557,1,20260629,1191,35,,2026-06-29 18:57:39
1162017,557,1,20260629,1191,36,,2026-06-29 18:58:11
1162017,557,1,20260629,1191,37,,2026-06-29 18:58:37
1162017,557,1,20260629,1191,38,,2026-06-29 18:59:17
1162017,557,1,20260629,1191,39,,2026-06-29 19:00:08
1162017,557,1,20260629,1191,40,,2026-06-29 19:00:38
1162017,557,1,20260629,1191,41,,2026-06-29 19:00:57
1162017,557,1,20260629,1191,42,,2026-06-29 19:01:20
1162017,557,1,20260629,1191,43,,2026-06-29 19:01:45
1162017,557,1,20260629,1191,44,,2026-06-29 19:02:28
1162017,557,1,20260629,1191,45,,2026-06-29 19:03:11
1162017,557,1,20260629,1191,46,,2026-06-29 19:03:55
1162017,557,1,20260629,1191,47,,2026-06-29 19:04:55
1162017,557,1,20260629,1191,48,,2026-06-29 19:05:45
1162054,559S,1,20260629,1285,19,,2026-06-29 18:28:22
1162054,559S,1,20260629,1285,20,,2026-06-29 18:28:45
1162054,559S,1,20260629,1285,21,,2026-06-29 18:29:47
1162054,559S,1,20260629,1285,22,,2026-06-29 18:30:12
1162054,559S,1,20260629,1285,23,,2026-06-29 18:31:29
1162054,559S,1,20260629,1285,24,,2026-06-29 18:31:54
1162054,559S,1,20260629,1285,25,,2026-06-29 18:32:49
1162054,559S,1,20260629,1285,26,,2026-06-29 18:33:58
1162054,559S,1,20260629,1285,27,,2026-06-29 18:34:08
1162054,559S,1,20260629,1285,28,,2026-06-29 18:34:41
1162054,559S,1,20260629,1285,29,,2026-06-29 18:35:16
1162054,559S,1,20260629,1285,30,,2026-06-29 18:35:51
1162054,559S,1,20260629,1285,31,,2026-06-29 18:36:17
1162054,559S,1,20260629,1285,32,,2026-06-29 18:36:34
1162054,559S,1,20260629,1285,33,,2026-06-29 18:37:04
1162054,559S,1,20260629,1285,34,,2026-06-29 18:37:23
1162054,559S,1,20260629,1285,35,,2026-06-29 18:37:44
1162054,559S,1,20260629,1285,36,,2026-06-29 18:38:23
1162054,559S,1,20260629,1285,37,,2026-06-29 18:38:25
1162054,559S,1,20260629,1285,999,,2026-06-29 18:38:48
1162067,560,1,20260629,1525,49,,2026-06-29 18:28:09
1162067,560,1,20260629,1525,50,,2026-06-29 18:29:00
1162067,560,1,20260629,1525,51,,2026-06-29 18:29:31
1162067,560,1,20260629,1525,52,,2026-06-29 18:30:02
1162067,560,1,20260629,1525,53,,2026-06-29 18:30:31
1162067,560,1,20260629,1525,54,,2026-06-29 18:31:46
1162067,560,1,20260629,1525,55,,2026-06-29 18:32:08
1162067,560,1,20260629,1525,56,,2026-06-29 18:32:26
1162067,560,1,20260629,1525,57,,2026-06-29 18:33:13
1162067,560,1,20260629,1525,58,,2026-06-29 18:34:10
1162067,560,1,20260629,1525,59,,2026-06-29 18:34:52
1162067,560,1,20260629,1525,60,,2026-06-29 18:35:16
1162067,560,1,20260629,1525,61,,2026-06-29 18:36:21
1162067,560,1,20260629,1525,62,,2026-06-29 18:36:46
1162067,560,1,20260629,1525,63,,2026-06-29 18:37:30
1162067,560,1,20260629,1525,64,,2026-06-29 18:38:16
1162067,560,1,20260629,1525,65,,2026-06-29 18:38:48
1162067,560,1,20260629,1525,66,,2026-06-29 18:39:15
1162067,560,1,20260629,1525,67,,2026-06-29 18:39:53
1162067,560,1,20260629,1525,68,,2026-06-29 18:40:34
1162067,560,1,20260629,1525,69,,2026-06-29 18:41:41
1162067,560,1,20260629,1525,70,,2026-06-29 18:42:15
1162067,560,1,20260629,1525,999,,2026-06-29 18:44:05
1162097,560,1,20260629,1564,16,,2026-06-29 18:29:53
1162097,560,1,20260629,1564,17,,2026-06-29 18:30:35
1162097,560,1,20260629,1564,18,,2026-06-29 18:31:26
1162097,560,1,20260629,1564,19,,2026-06-29 18:31:54
1162097,560,1,20260629,1564,20,,2026-06-29 18:32:16
1162097,560,1,20260629,1564,21,,2026-06-29 18:33:35
1162097,560,1,20260629,1564,22,,2026-06-29 18:34:31
1162097,560,1,20260629,1564,23,,2026-06-29 18:35:24
1162097,560,1,20260629,1564,24,,2026-06-29 18:35:57
1162097,560,1,20260629,1564,25,,2026-06-29 18:36:26
1162097,560,1,20260629,1564,26,,2026-06-29 18:37:52
1162097,560,1,20260629,1564,27,,2026-06-29 18:38:47
1162097,560,1,20260629,1564,28,,2026-06-29 18:39:17
1162097,560,1,20260629,1564,29,,2026-06-29 18:39:46
1162097,560,1,20260629,1564,30,,2026-06-29 18:40:27
1162097,560,1,20260629,1564,31,,2026-06-29 18:40:45
1162097,560,1,20260629,1564,32,,2026-06-29 18:41:19
1162097,560,1,20260629,1564,33,,2026-06-29 18:41:34
1162097,560,1,20260629,1564,34,,2026-06-29 18:42:08
1162097,560,1,20260629,1564,35,,2026-06-29 18:42:30
1162097,560,1,20260629,1564,36,,2026-06-29 18:43:02
1162097,560,1,20260629,1564,37,,2026-06-29 18:43:21
1162097,560,1,20260629,1564,38,,2026-06-29 18:45:16
1162097,560,1,20260629,1564,39,,2026-06-29 18:45:42
1162097,560,1,20260629,1564,40,,2026-06-29 18:46:03
1162097,560,1,20260629,1564,41,,2026-06-29 18:46:52
1162097,560,1,20260629,1564,42,,2026-06-29 18:47:30
1162097,560,1,20260629,1564,43,,2026-06-29 18:48:32
1162097,560,1,20260629,1564,44,,2026-06-29 18:49:32
1162097,560,1,20260629,1564,45,,2026-06-29 18:50:17
1162097,560,1,20260629,1564,46,,2026-06-29 18:51:26
1162097,560,1,20260629,1564,47,,2026-06-29 18:51:57
1162097,560,1,20260629,1564,48,,2026-06-29 18:52:33
1162097,560,1,20260629,1564,49,,2026-06-29 18:53:52
1162097,560,1,20260629,1564,50,,2026-06-29 18:54:33
1162097,560,1,20260629,1564,51,,2026-06-29 18:55:21
1162097,560,1,20260629,1564,52,,2026-06-29 18:55:59
1162097,560,1,20260629,1564,53,,2026-06-29 18:56:47
1162097,560,1,20260629,1564,54,,2026-06-29 18:57:49
1162097,560,1,20260629,1564,55,,2026-06-29 18:58:27
1162097,560,1,20260629,1564,56,,2026-06-29 18:59:10
1162103,560A,0,20260629,1053,1,,2026-06-29 18:40:00
1162103,560A,0,20260629,1053,2,,2026-06-29 18:40:46
1162103,560A,0,20260629,1053,3,,2026-06-29 18:42:23
1162103,560A,0,20260629,1053,4,,2026-06-29 18:43:10
1162103,560A,0,20260629,1053,5,,2026-06-29 18:44:25
1162103,560A,0,20260629,1053,6,,2026-06-29 18:45:31
1162103,560A,0,20260629,1053,7,,2026-06-29 18:46:47
1162103,560A,0,20260629,1053,8,,2026-06-29 18:47:58
1162103,560A,0,20260629,1053,9,,2026-06-29 18:49:10
1162103,560A,0,20260629,1053,10,,2026-06-29 18:50:16
1162103,560A,0,20260629,1053,11,,2026-06-29 18:51:03
1162103,560A,0,20260629,1053,12,,2026-06-29 18:51:51
1162103,560A,0,20260629,1053,13,,2026-06-29 18:53:11
1162103,560A,0,20260629,1053,14,,2026-06-29 18:54:00
1162103,560A,0,20260629,1053,15,,2026-06-29 18:54:52
1162103,560A,0,20260629,1053,16,,2026-06-29 18:55:42
1162103,560A,0,20260629,1053,17,,2026-06-29 18:56:24
1162103,560A,0,20260629,1053,18,,2026-06-29 18:57:35
1162103,560A,0,20260629,1053,19,,2026-06-29 18:58:31
1162103,560A,0,20260629,1053,20,,2026-06-29 18:59:19
1162103,560A,0,20260629,1053,21,,2026-06-29 19:00:24
1162130,C2X,1,20260629,1962,8,,2026-06-29 18:28:04
1162130,C2X,1,20260629,1962,9,,2026-06-29 18:28:48
1162130,C2X,1,20260629,1962,10,,2026-06-29 18:29:10
1162130,C2X,1,20260629,1962,11,,2026-06-29 18:29:28
1162130,C2X,1,20260629,1962,12,,2026-06-29 18:29:46
1162130,C2X,1,20260629,1962,13,,2026-06-29 18:30:25
1162130,C2X,1,20260629,1962,14,,2026-06-29 18:30:57
1162130,C2X,1,20260629,1962,15,,2026-06-29 18:31:28
1162130,C2X,1,20260629,1962,16,,2026-06-29 18:32:07
1162130,C2X,1,20260629,1962,17,,2026-06-29 18:32:58
1162130,C2X,1,20260629,1962,18,,2026-06-29 18:33:39
1162130,C2X,1,20260629,1962,19,,2026-06-29 18:34:32
1162130,C2X,1,20260629,1962,20,,2026-06-29 18:35:18
1162130,C2X,1,20260629,1962,21,,2026-06-29 18:36:08
1162130,C2X,1,20260629,1962,22,,2026-06-29 18:37:06
1162130,C2X,1,20260629,1962,23,,2026-06-29 18:38:09
1162130,C2X,1,20260629,1962,24,,2026-06-29 18:38:58
1162130,C2X,1,20260629,1962,25,,2026-06-29 18:39:53
1162130,C2X,1,20260629,1962,26,,2026-06-29 18:40:34
1162130,C2X,1,20260629,1962,999,,2026-06-29 18:41:58
1162132,C2X,1,20260629,509,5,,2026-06-29 18:31:37
1162132,C2X,1,20260629,509,6,,2026-06-29 18:39:22
1162132,C2X,1,20260629,509,7,,2026-06-29 18:42:30
1162132,C2X,1,20260629,509,8,,2026-06-29 18:43:47
1162132,C2X,1,20260629,509,9,,2026-06-29 18:44:35
1162132,C2X,1,20260629,509,10,,2026-06-29 18:44:55
1162132,C2X,1,20260629,509,11,,2026-06-29 18:45:14
1162132,C2X,1,20260629,509,12,,2026-06-29 18:45:32
1162132,C2X,1,20260629,509,13,,2026-06-29 18:46:06
1162132,C2X,1,20260629,509,14,,2026-06-29 18:46:36
1162132,C2X,1,20260629,509,15,,2026-06-29 18:47:09
1162132,C2X,1,20260629,509,999,,2026-06-29 18:47:41
1162144,G40X,1,20260629,1450,14,,2026-06-29 18:28:04
1162144,G40X,1,20260629,1450,15,,2026-06-29 18:30:02
1162144,G40X,1,20260629,1450,16,,2026-06-29 18:37:15
1162144,G40X,1,20260629,1450,17,,2026-06-29 18:40:33
1162144,G40X,1,20260629,1450,18,,2026-06-29 18:46:34
1162144,G40X,1,20260629,1450,19,,2026-06-29 18:50:37
1162144,G40X,1,20260629,1450,20,,2026-06-29 18:51:55
1162144,G40X,1,20260629,1450,21,,2026-06-29 18:52:31
1162144,G40X,1,20260629,1450,22,,2026-06-29 18:53:17
1162144,G40X,1,20260629,1450,23,,2026-06-29 18:54:30
1162144,G40X,1,20260629,1450,24,,2026-06-29 18:55:12
1162144,G40X,1,20260629,1450,25,,2026-06-29 18:56:28
1162144,G40X,1,20260629,1450,26,,2026-06-29 18:57:56
1162144,G40X,1,20260629,1450,27,,2026-06-29 18:58:42
1162144,G40X,1,20260629,1450,28,,2026-06-29 19:00:02
1162144,G40X,1,20260629,1450,29,,2026-06-29 19:00:52
1162144,G40X,1,20260629,1450,30,,2026-06-29 19:02:11
1162144,G40X,1,20260629,1450,31,,2026-06-29 19:02:22
1162151,G40X,1,20260629,1149,31,,2026-06-29 18:28:10
1162151,G40X,1,20260629,1149,32,,2026-06-29 18:28:36
1162151,G40X,1,20260629,1149,33,,2026-06-29 18:29:03
1162151,G40X,1,20260629,1149,34,,2026-06-29 18:29:44
1162151,G40X,1,20260629,1149,35,,2026-06-29 18:30:16
1162151,G40X,1,20260629,1149,36,,2026-06-29 18:30:37
1162151,G40X,1,20260629,1149,37,,2026-06-29 18:30:54
1162151,G40X,1,20260629,1149,38,,2026-06-29 18:31:39
1162151,G40X,1,20260629,1149,39,,2026-06-29 18:32:59
1162151,G40X,1,20260629,1149,40,,2026-06-29 18:33:16
1162151,G40X,1,20260629,1149,41,,2026-06-29 18:33:41
1162151,G40X,1,20260629,1149,999,,2026-06-29 18:35:23
1162152,G40X,1,20260629,1277,18,,2026-06-29 18:29:43
1162152,G40X,1,20260629,1277,19,,2026-06-29 18:34:15
1162152,G40X,1,20260629,1277,20,,2026-06-29 18:35:21
1162152,G40X,1,20260629,1277,21,,2026-06-29 18:35:26
1162152,G40X,1,20260629,1277,22,,2026-06-29 18:36:24
1162152,G40X,1,20260629,1277,23,,2026-06-29 18:37:41
1162152,G40X,1,20260629,1277,24,,2026-06-29 18:38:15
1162152,G40X,1,20260629,1277,25,,2026-06-29 18:39:25
1162152,G40X,1,20260629,1277,26,,2026-06-29 18:40:23
1162152,G40X,1,20260629,1277,27,,2026-06-29 18:40:54
1162152,G40X,1,20260629,1277,28,,2026-06-29 18:41:36
1162152,G40X,1,20260629,1277,29,,2026-06-29 18:42:36
1162152,G40X,1,20260629,1277,30,,2026-06-29 18:43:21
1162152,G40X,1,20260629,1277,31,,2026-06-29 18:43:31
1162152,G40X,1,20260629,1277,32,,2026-06-29 18:44:05
1162152,G40X,1,20260629,1277,33,,2026-06-29 18:44:26
1162152,G40X,1,20260629,1277,34,,2026-06-29 18:45:20
1162152,G40X,1,20260629,1277,35,,2026-06-29 18:45:45
1162152,G40X,1,20260629,1277,36,,2026-06-29 18:46:15
1162152,G40X,1,20260629,1277,37,,2026-06-29 18:46:08
1162152,G40X,1,20260629,1277,38,,2026-06-29 18:46:56
1162152,G40X,1,20260629,1277,39,,2026-06-29 18:48:22
1162152,G40X,1,20260629,1277,40,,2026-06-29 18:48:45
1162152,G40X,1,20260629,1277,41,,2026-06-29 18:48:59
1162152,G40X,1,20260629,1277,999,,2026-06-29 18:50:51
1162157,J1,0,20260629,1158,33,,2026-06-29 18:29:29
1162157,J1,0,20260629,1158,34,,2026-06-29 18:31:34
1162157,J1,0,20260629,1158,35,,2026-06-29 18:32:38
1162157,J1,0,20260629,1158,36,,2026-06-29 18:33:42
1162157,J1,0,20260629,1158,37,,2026-06-29 18:34:07
1162157,J1,0,20260629,1158,38,,2026-06-29 18:35:50
1162157,J1,0,20260629,1158,39,,2026-06-29 18:36:22
1162157,J1,0,20260629,1158,40,,2026-06-29 18:37:27
1162157,J1,0,20260629,1158,41,,2026-06-29 18:38:24
1162157,J1,0,20260629,1158,42,,2026-06-29 18:38:53
1162157,J1,0,20260629,1158,43,,2026-06-29 18:39:30
1162157,J1,0,20260629,1158,44,,2026-06-29 18:40:38
1162157,J1,0,20260629,1158,45,,2026-06-29 18:41:09
1162157,J1,0,20260629,1158,46,,2026-06-29 18:41:50
1162157,J1,0,20260629,1158,47,,2026-06-29 18:43:10
1162157,J1,0,20260629,1158,48,,2026-06-29 18:45:59
1162157,J1,0,20260629,1158,49,,2026-06-29 18:48:04
1162157,J1,0,20260629,1158,50,,2026-06-29 18:48:44
1162157,J1,0,20260629,1158,51,,2026-06-29 18:49:32
1162157,J1,0,20260629,1158,52,,2026-06-29 18:51:47
1162157,J1,0,20260629,1158,53,,2026-06-29 18:52:41
1162157,J1,0,20260629,1158,54,,2026-06-29 18:53:28
1162157,J1,0,20260629,1158,55,,2026-06-29 18:54:05
1162163,J1,0,20260629,1122,1,,2026-06-29 18:31:00
1162163,J1,0,20260629,1122,2,,2026-06-29 18:31:53
1162163,J1,0,20260629,1122,3,,2026-06-29 18:33:29
1162163,J1,0,20260629,1122,4,,2026-06-29 18:39:03
1162163,J1,0,20260629,1122,5,,2026-06-29 18:41:16
1162163,J1,0,20260629,1122,6,,2026-06-29 18:44:26
1162163,J1,0,20260629,1122,7,,2026-06-29 18:45:54
1162163,J1,0,20260629,1122,8,,2026-06-29 18:47:31
1162163,J1,0,20260629,1122,9,,2026-06-29 18:48:32
1162163,J1,0,20260629,1122,10,,2026-06-29 18:53:32
1162163,J1,0,20260629,1122,11,,2026-06-29 18:54:23
1162163,J1,0,20260629,1122,12,,2026-06-29 18:55:33
1162163,J1,0,20260629,1122,13,,2026-06-29 18:55:58
1162163,J1,0,20260629,1122,14,,2026-06-29 18:56:55
1162163,J1,0,20260629,1122,15,,2026-06-29 18:57:31
1162163,J1,0,20260629,1122,16,,2026-06-29 18:58:32
1162163,J1,0,20260629,1122,17,,2026-06-29 18:59:26
1162163,J1,0,20260629,1122,18,,2026-06-29 19:01:23
1162179,J1,0,20260629,1118,26,,2026-06-29 18:31:19
1162179,J1,0,20260629,1118,27,,2026-06-29 18:34:49
1162179,J1,0,20260629,1118,28,,2026-06-29 18:42:17
1162179,J1,0,20260629,1118,29,,2026-06-29 18:45:13
1162179,J1,0,20260629,1118,30,,2026-06-29 18:47:12
1162179,J1,0,20260629,1118,31,,2026-06-29 18:49:03
1162179,J1,0,20260629,1118,32,,2026-06-29 18:49:52
1162179,J1,0,20260629,1118,33,,2026-06-29 18:51:46
1162179,J1,0,20260629,1118,34,,2026-06-29 18:55:07
1162179,J1,0,20260629,1118,35,,2026-06-29 18:55:58
1162179,J1,0,20260629,1118,36,,2026-06-29 18:56:57
1162179,J1,0,20260629,1118,37,,2026-06-29 18:57:40
1162179,J1,0,20260629,1118,38,,2026-06-29 18:58:48
1162179,J1,0,20260629,1118,39,,2026-06-29 18:59:36
1162179,J1,0,20260629,1118,40,,2026-06-29 19:00:45
1162179,J1,0,20260629,1118,41,,2026-06-29 19:01:47
1162179,J1,0,20260629,1118,42,,2026-06-29 19:02:33
1162179,J1,0,20260629,1118,43,,2026-06-29 19:03:13
1162179,J1,0,20260629,1118,44,,2026-06-29 19:04:26
1162181,J1,1,20260629,1282,44,,2026-06-29 18:28:40
1162181,J1,1,20260629,1282,45,,2026-06-29 18:32:43
1162181,J1,1,20260629,1282,46,,2026-06-29 18:33:14
1162181,J1,1,20260629,1282,999,,2026-06-29 18:35:13
1162190,J1,1,20260629,1435,26,,2026-06-29 18:28:11
1162190,J1,1,20260629,1435,27,,2026-06-29 18:28:41
1162190,J1,1,20260629,1435,28,,2026-06-29 18:29:13
1162190,J1,1,20260629,1435,29,,2026-06-29 18:30:27
1162190,J1,1,20260629,1435,30,,2026-06-29 18:30:58
1162190,J1,1,20260629,1435,31,,2026-06-29 18:31:44
1162190,J1,1,20260629,1435,32,,2026-06-29 18:32:40
1162190,J1,1,20260629,1435,33,,2026-06-29 18:33:21
1162190,J1,1,20260629,1435,34,,2026-06-29 18:34:01
1162190,J1,1,20260629,1435,35,,2026-06-29 18:35:16
1162190,J1,1,20260629,1435,36,,2026-06-29 18:35:41
1162190,J1,1,20260629,1435,37,,2026-06-29 18:36:13
1162190,J1,1,20260629,1435,38,,2026-06-29 18:37:55
1162190,J1,1,20260629,1435,39,,2026-06-29 18:38:23
1162190,J1,1,20260629,1435,40,,2026-06-29 18:39:01
1162190,J1,1,20260629,1435,41,,2026-06-29 18:40:18
1162190,J1,1,20260629,1435,42,,2026-06-29 18:41:21
1162190,J1,1,20260629,1435,43,,2026-06-29 18:43:33
1162190,J1,1,20260629,1435,44,,2026-06-29 18:45:33
1162190,J1,1,20260629,1435,45,,2026-06-29 18:47:19
1162190,J1,1,20260629,1435,46,,2026-06-29 18:48:15
1162190,J1,1,20260629,1435,47,,2026-06-29 18:57:20
1162193,J1,0,20260629,1117,58,,2026-06-29 18:30:57
1162193,J1,0,20260629,1117,59,,2026-06-29 18:31:32
1162193,J1,0,20260629,1117,60,,2026-06-29 18:32:29
1162193,J1,0,20260629,1117,61,,2026-06-29 18:33:08
1162193,J1,0,20260629,1117,62,,2026-06-29 18:33:48
1162193,J1,0,20260629,1117,63,,2026-06-29 18:34:15
1162193,J1,0,20260629,1117,64,,2026-06-29 18:34:35
1162193,J1,0,20260629,1117,65,,2026-06-29 18:35:08
1162193,J1,0,20260629,1117,66,,2026-06-29 18:35:38
1162193,J1,0,20260629,1117,67,,2026-06-29 18:36:05
1162193,J1,0,20260629,1117,68,,2026-06-29 18:36:55
1162193,J1,0,20260629,1117,69,,2026-06-29 18:37:21
1162193,J1,0,20260629,1117,70,,2026-06-29 18:38:13
1162193,J1,0,20260629,1117,71,,2026-06-29 18:38:54
1162193,J1,0,20260629,1117,72,,2026-06-29 18:39:41
1162193,J1,0,20260629,1117,73,,2026-06-29 18:40:27
1162193,J1,0,20260629,1117,74,,2026-06-29 18:41:10
1162193,J1,0,20260629,1117,75,,2026-06-29 18:42:15
1162193,J1,0,20260629,1117,999,,2026-06-29 18:44:14
1162194,J1,1,20260629,1123,1,,2026-06-29 18:46:00
1162194,J1,1,20260629,1123,2,,2026-06-29 18:46:53
1162194,J1,1,20260629,1123,3,,2026-06-29 18:47:38
1162194,J1,1,20260629,1123,4,,2026-06-29 18:48:13
1162194,J1,1,20260629,1123,5,,2026-06-29 18:48:54
1162194,J1,1,20260629,1123,6,,2026-06-29 18:49:29
1162194,J1,1,20260629,1123,7,,2026-06-29 18:49:57
1162194,J1,1,20260629,1123,8,,2026-06-29 18:50:51
1162194,J1,1,20260629,1123,9,,2026-06-29 18:52:00
1162206,J1,1,20260629,1123,51,,2026-06-29 18:29:05
1162206,J1,1,20260629,1123,52,,2026-06-29 18:30:48
1162206,J1,1,20260629,1123,53,,2026-06-29 18:33:50
1162206,J1,1,20260629,1123,54,,2026-06-29 18:36:56
1162206,J1,1,20260629,1123,55,,2026-06-29 18:38:26
1162206,J1,1,20260629,1123,56,,2026-06-29 18:40:13
1162206,J1,1,20260629,1123,57,,2026-06-29 18:42:01
1162206,J1,1,20260629,1123,58,,2026-06-29 18:44:02
1162206,J1,1,20260629,1123,59,,2026-06-29 18:46:05
1162206,J1,1,20260629,1123,60,,2026-06-29 18:52:10
1162206,J1,1,20260629,1123,61,,2026-06-29 18:52:34
1162206,J1,1,20260629,1123,999,,2026-06-29 18:53:32
1162219,J1,1,20260629,1115,47,,2026-06-29 18:35:04
1162219,J1,1,20260629,1115,48,,2026-06-29 18:39:28
1162219,J1,1,20260629,1115,49,,2026-06-29 18:45:36
1162219,J1,1,20260629,1115,50,,2026-06-29 18:53:15
1162219,J1,1,20260629,1115,51,,2026-06-29 18:56:06
1162219,J1,1,20260629,1115,52,,2026-06-29 18:57:44
1162219,J1,1,20260629,1115,53,,2026-06-29 18:58:27
1162219,J1,1,20260629,1115,54,,2026-06-29 19:02:57
1162219,J1,1,20260629,1115,55,,2026-06-29 19:04:10
1162219,J1,1,20260629,1115,56,,2026-06-29 19:05:53
1162232,J1G,1,20260629,1110,999,,2026-06-29 18:29:30
1162233,J1G,1,20260629,1144,36,,2026-06-29 18:30:32
1162233,J1G,1,20260629,1144,999,,2026-06-29 18:32:12
1162249,J2,1,20260629,1280,30,,2026-06-29 18:28:11
1162249,J2,1,20260629,1280,31,,2026-06-29 18:28:40
1162249,J2,1,20260629,1280,32,,2026-06-29 18:29:17
1162249,J2,1,20260629,1280,33,,2026-06-29 18:30:38
1162249,J2,1,20260629,1280,34,,2026-06-29 18:31:43
1162249,J2,1,20260629,1280,35,,2026-06-29 18:33:51
1162249,J2,1,20260629,1280,36,,2026-06-29 18:35:45
1162249,J2,1,20260629,1280,37,,2026-06-29 18:37:52
1162249,J2,1,20260629,1280,38,,2026-06-29 18:40:35
1162249,J2,1,20260629,1280,39,,2026-06-29 18:49:40
1162249,J2,1,20260629,1280,40,,2026-06-29 18:52:40
1162249,J2,1,20260629,1280,41,,2026-06-29 18:58:40
1162254,J2,0,20260629,1143,66,,2026-06-29 18:28:45
1162254,J2,0,20260629,1143,67,,2026-06-29 18:29:15
1162254,J2,0,20260629,1143,68,,2026-06-29 18:29:58
1162254,J2,0,20260629,1143,69,,2026-06-29 18:30:36
1162254,J2,0,20260629,1143,70,,2026-06-29 18:31:29
1162254,J2,0,20260629,1143,71,,2026-06-29 18:32:11
1162254,J2,0,20260629,1143,72,,2026-06-29 18:33:01
1162254,J2,0,20260629,1143,73,,2026-06-29 18:33:21
1162254,J2,0,20260629,1143,74,,2026-06-29 18:33:50
1162254,J2,0,20260629,1143,999,,2026-06-29 18:36:36
1162255,J2,1,20260629,1138,1,,2026-06-29 18:58:00
1162257,J2,1,20260629,1138,13,,2026-06-29 18:28:26
1162257,J2,1,20260629,1138,14,,2026-06-29 18:29:59
1162257,J2,1,20260629,1138,15,,2026-06-29 18:31:43
1162257,J2,1,20260629,1138,16,,2026-06-29 18:33:52
1162257,J2,1,20260629,1138,17,,2026-06-29 18:38:16
1162257,J2,1,20260629,1138,18,,2026-06-29 18:39:53
1162257,J2,1,20260629,1138,19,,2026-06-29 18:40:30
1162257,J2,1,20260629,1138,20,,2026-06-29 18:40:56
1162257,J2,1,20260629,1138,21,,2026-06-29 18:42:13
1162257,J2,1,20260629,1138,22,,2026-06-29 18:42:43
1162257,J2,1,20260629,1138,23,,2026-06-29 18:43:28
1162257,J2,1,20260629,1138,24,,2026-06-29 18:43:40
1162257,J2,1,20260629,1138,25,,2026-06-29 18:44:18
1162257,J2,1,20260629,1138,26,,2026-06-29 18:45:06
1162257,J2,1,20260629,1138,27,,2026-06-29 18:46:04
1162257,J2,1,20260629,1138,28,,2026-06-29 18:46:25
1162257,J2,1,20260629,1138,29,,2026-06-29 18:46:42
1162257,J2,1,20260629,1138,30,,2026-06-29 18:48:24
1162257,J2,1,20260629,1138,31,,2026-06-29 18:48:58
1162257,J2,1,20260629,1138,32,,2026-06-29 18:49:44
1162257,J2,1,20260629,1138,33,,2026-06-29 18:52:00
1162257,J2,1,20260629,1138,34,,2026-06-29 18:52:42
1162257,J2,1,20260629,1138,35,,2026-06-29 18:53:41
1162257,J2,1,20260629,1138,36,,2026-06-29 18:55:51
1162257,J2,1,20260629,1138,37,,2026-06-29 18:58:41
1162282,J2,0,20260629,1276,39,,2026-06-29 18:33:39
1162282,J2,0,20260629,1276,40,,2026-06-29 18:36:02
1162282,J2,0,20260629,1276,41,,2026-06-29 18:38:21
1162282,J2,0,20260629,1276,42,,2026-06-29 18:39:54
1162282,J2,0,20260629,1276,43,,2026-06-29 18:40:39
1162282,J2,0,20260629,1276,44,,2026-06-29 18:41:49
1162282,J2,0,20260629,1276,45,,2026-06-29 18:43:31
1162282,J2,0,20260629,1276,46,,2026-06-29 18:44:32
1162282,J2,0,20260629,1276,47,,2026-06-29 18:45:39
1162282,J2,0,20260629,1276,48,,2026-06-29 18:46:28
1162282,J2,0,20260629,1276,49,,2026-06-29 18:47:45
1162282,J2,0,20260629,1276,50,,2026-06-29 18:48:40
1162282,J2,0,20260629,1276,51,,2026-06-29 18:49:23
1162282,J2,0,20260629,1276,52,,2026-06-29 18:50:34
1162282,J2,0,20260629,1276,53,,2026-06-29 18:50:58
1162282,J2,0,20260629,1276,54,,2026-06-29 18:52:01
1162282,J2,0,20260629,1276,55,,2026-06-29 18:53:20
1162282,J2,0,20260629,1276,56,,2026-06-29 18:54:03
1162282,J2,0,20260629,1276,57,,2026-06-29 18:54:58
1162282,J2,0,20260629,1276,58,,2026-06-29 18:55:43
1162282,J2,0,20260629,1276,59,,2026-06-29 18:58:12
1162282,J2,0,20260629,1276,60,,2026-06-29 19:00:13
1162282,J2,0,20260629,1276,61,,2026-06-29 19:00:50
1162282,J2,0,20260629,1276,62,,2026-06-29 19:01:35
1162282,J2,0,20260629,1276,63,,2026-06-29 19:03:42
1162287,J2G,0,20260629,1113,17,,2026-06-29 18:28:13
1162287,J2G,0,20260629,1113,18,,2026-06-29 18:28:27
1162287,J2G,0,20260629,1113,19,,2026-06-29 18:28:43
1162287,J2G,0,20260629,1113,20,,2026-06-29 18:28:59
1162287,J2G,0,20260629,1113,21,,2026-06-29 18:29:19
1162287,J2G,0,20260629,1113,22,,2026-06-29 18:30:52
1162287,J2G,0,20260629,1113,23,,2026-06-29 18:33:57
1162287,J2G,0,20260629,1113,24,,2026-06-29 18:34:07
1162287,J2G,0,20260629,1113,25,,2026-06-29 18:34:47
1162287,J2G,0,20260629,1113,26,,2026-06-29 18:35:13
1162287,J2G,0,20260629,1113,27,,2026-06-29 18:36:12
1162287,J2G,0,20260629,1113,28,,2026-06-29 18:36:36
1162287,J2G,0,20260629,1113,29,,2026-06-29 18:37:52
1162287,J2G,0,20260629,1113,30,,2026-06-29 18:39:03
1162287,J2G,0,20260629,1113,31,,2026-06-29 18:39:26
1162287,J2G,0,20260629,1113,32,,2026-06-29 18:39:51
1162287,J2G,0,20260629,1113,33,,2026-06-29 18:40:46
1162287,J2G,0,20260629,1113,34,,2026-06-29 18:41:35
1162287,J2G,0,20260629,1113,35,,2026-06-29 18:42:50
1162287,J2G,0,20260629,1113,36,,2026-06-29 18:44:29
1162287,J2G,0,20260629,1113,37,,2026-06-29 18:50:29
1162287,J2G,0,20260629,1113,38,,2026-06-29 18:53:29
1162315,M44,0,20260629,1849,30,,2026-06-29 18:29:15
1162315,M44,0,20260629,1849,31,,2026-06-29 18:29:38
1162315,M44,0,20260629,1849,32,,2026-06-29 18:30:50
1162315,M44,0,20260629,1849,33,,2026-06-29 18:31:28
1162315,M44,0,20260629,1849,34,,2026-06-29 18:32:10
1162315,M44,0,20260629,1849,35,,2026-06-29 18:33:08
1162315,M44,0,20260629,1849,36,,2026-06-29 18:33:51
1162315,M44,0,20260629,1849,37,,2026-06-29 18:34:29
1162315,M44,0,20260629,1849,38,,2026-06-29 18:34:52
1162315,M44,0,20260629,1849,39,,2026-06-29 18:35:28
1162315,M44,0,20260629,1849,40,,2026-06-29 18:37:31
1162315,M44,0,20260629,1849,41,,2026-06-29 18:38:31
1162315,M44,0,20260629,1849,42,,2026-06-29 18:39:16
1162315,M44,0,20260629,1849,43,,2026-06-29 18:40:02
1162315,M44,0,20260629,1849,44,,2026-06-29 18:40:49
1162315,M44,0,20260629,1849,45,,2026-06-29 18:41:28
1162315,M44,0,20260629,1849,46,,2026-06-29 18:42:13
1162315,M44,0,20260629,1849,47,,2026-06-29 18:42:48
1162315,M44,0,20260629,1849,48,,2026-06-29 18:43:28
1162315,M44,0,20260629,1849,49,,2026-06-29 18:44:17
1162315,M44,0,20260629,1849,50,,2026-06-29 18:45:48
1162315,M44,0,20260629,1849,51,,2026-06-29 18:46:45
1162315,M44,0,20260629,1849,52,,2026-06-29 18:48:37
1162315,M44,0,20260629,1849,53,,2026-06-29 18:50:02
1162315,M44,0,20260629,1849,54,,2026-06-29 18:50:38
1162315,M44,0,20260629,1849,55,,2026-06-29 18:51:51
1162315,M44,0,20260629,1849,56,,2026-06-29 18:53:07
1162315,M44,0,20260629,1849,57,,2026-06-29 18:53:49
1162351,M44,1,20260629,1272,27,,2026-06-29 18:28:13
1162351,M44,1,20260629,1272,28,,2026-06-29 18:29:17
1162351,M44,1,20260629,1272,29,,2026-06-29 18:30:46
1162351,M44,1,20260629,1272,30,,2026-06-29 18:31:48
1162351,M44,1,20260629,1272,31,,2026-06-29 18:32:16
1162351,M44,1,20260629,1272,32,,2026-06-29 18:32:53
1162351,M44,1,20260629,1272,33,,2026-06-29 18:34:41
1162351,M44,1,20260629,1272,34,,2026-06-29 18:36:11
1162351,M44,1,20260629,1272,35,,2026-06-29 18:37:28
1162351,M44,1,20260629,1272,36,,2026-06-29 18:40:00
1162351,M44,1,20260629,1272,37,,2026-06-29 18:42:28
1162351,M44,1,20260629,1272,38,,2026-06-29 18:49:42
1162351,M44,1,20260629,1272,39,,2026-06-29 18:52:43
1162351,M44,1,20260629,1272,40,,2026-06-29 18:58:43
1162354,M44,0,20260629,1159,999,,2026-06-29 18:28:11
1162355,M44,1,20260629,1465,1,,2026-06-29 18:37:00
1162355,M44,1,20260629,1465,2,,2026-06-29 18:37:58
1162355,M44,1,20260629,1465,3,,2026-06-29 18:39:03
1162355,M44,1,20260629,1465,4,,2026-06-29 18:39:28
1162355,M44,1,20260629,1465,5,,2026-06-29 18:40:03
1162355,M44,1,20260629,1465,6,,2026-06-29 18:40:50
1162355,M44,1,20260629,1465,7,,2026-06-29 18:42:40
1162355,M44,1,20260629,1465,8,,2026-06-29 18:43:18
1162355,M44,1,20260629,1465,9,,2026-06-29 18:44:00
1162355,M44,1,20260629,1465,10,,2026-06-29 18:44:32
1162355,M44,1,20260629,1465,11,,2026-06-29 18:45:56
1162355,M44,1,20260629,1465,12,,2026-06-29 18:46:50
1162355,M44,1,20260629,1465,13,,2026-06-29 18:47:13
1162355,M44,1,20260629,1465,14,,2026-06-29 18:47:58
1162355,M44,1,20260629,1465,15,,2026-06-29 18:49:06
1162355,M44,1,20260629,1465,16,,2026-06-29 18:49:39
1162355,M44,1,20260629,1465,17,,2026-06-29 18:50:22
1162355,M44,1,20260629,1465,18,,2026-06-29 18:51:00
1162355,M44,1,20260629,1465,19,,2026-06-29 18:51:53
1162355,M44,1,20260629,1465,20,,2026-06-29 18:53:51
1162355,M44,1,20260629,1465,21,,2026-06-29 18:53:52
1162355,M44,1,20260629,1465,22,,2026-06-29 18:54:28
1162355,M44,1,20260629,1465,23,,2026-06-29 18:55:39
1162355,M44,1,20260629,1465,24,,2026-06-29 18:56:39
1162355,M44,1,20260629,1465,25,,2026-06-29 18:57:36
1162355,M44,1,20260629,1465,26,,2026-06-29 18:57:51
1162355,M44,1,20260629,1465,27,,2026-06-29 18:58:50
1162355,M44,1,20260629,1465,28,,2026-06-29 19:00:29
1162355,M44,1,20260629,1465,29,,2026-06-29 19:01:27
1162355,M44,1,20260629,1465,30,,2026-06-29 19:03:32
1162355,M44,1,20260629,1465,31,,2026-06-29 19:04:12
1162355,M44,1,20260629,1465,32,,2026-06-29 19:04:58
1162355,M44,1,20260629,1465,33,,2026-06-29 19:06:22
1162355,M44,1,20260629,1465,34,,2026-06-29 19:07:29
1162358,M44,1,20260629,1465,8,,2026-06-29 18:28:40
1162358,M44,1,20260629,1465,9,,2026-06-29 18:29:10
1162358,M44,1,20260629,1465,10,,2026-06-29 18:29:40
1162358,M44,1,20260629,1465,11,,2026-06-29 18:31:15
1162358,M44,1,20260629,1465,12,,2026-06-29 18:32:08
1162358,M44,1,20260629,1465,13,,2026-06-29 18:32:46
1162358,M44,1,20260629,1465,14,,2026-06-29 18:33:10
1162358,M44,1,20260629,1465,15,,2026-06-29 18:34:23
1162358,M44,1,20260629,1465,16,,2026-06-29 18:34:59
1162358,M44,1,20260629,1465,17,,2026-06-29 18:35:43
1162358,M44,1,20260629,1465,18,,2026-06-29 18:36:17
1162358,M44,1,20260629,1465,19,,2026-06-29 18:37:23
1162358,M44,1,20260629,1465,20,,2026-06-29 18:39:15
1162358,M44,1,20260629,1465,21,,2026-06-29 18:39:46
1162358,M44,1,20260629,1465,22,,2026-06-29 18:40:13
1162358,M44,1,20260629,1465,23,,2026-06-29 18:41:02
1162358,M44,1,20260629,1465,24,,2026-06-29 18:41:57
1162358,M44,1,20260629,1465,25,,2026-06-29 18:43:03
1162358,M44,1,20260629,1465,26,,2026-06-29 18:43:31
1162358,M44,1,20260629,1465,27,,2026-06-29 18:44:22
1162358,M44,1,20260629,1465,28,,2026-06-29 18:45:32
1162358,M44,1,20260629,1465,29,,2026-06-29 18:46:21
1162358,M44,1,20260629,1465,30,,2026-06-29 18:47:37
1162358,M44,1,20260629,1465,31,,2026-06-29 18:47:40
1162358,M44,1,20260629,1465,32,,2026-06-29 18:48:26
1162358,M44,1,20260629,1465,33,,2026-06-29 18:49:50
1162358,M44,1,20260629,1465,34,,2026-06-29 18:50:57
1162358,M44,1,20260629,1465,35,,2026-06-29 18:53:07
1162358,M44,1,20260629,1465,36,,2026-06-29 18:55:57
1162358,M44,1,20260629,1465,37,,2026-06-29 18:56:52
1162363,M44,0,20260629,1137,19,,2026-06-29 18:29:31
1162363,M44,0,20260629,1137,20,,2026-06-29 18:35:41
1162363,M44,0,20260629,1137,21,,2026-06-29 18:38:37
1162363,M44,0,20260629,1137,22,,2026-06-29 18:46:16
1162363,M44,0,20260629,1137,23,,2026-06-29 18:48:37
1162363,M44,0,20260629,1137,24,,2026-06-29 18:50:13
1162363,M44,0,20260629,1137,25,,2026-06-29 18:51:32
1162363,M44,0,20260629,1137,26,,2026-06-29 18:52:16
1162363,M44,0,20260629,1137,27,,2026-06-29 18:53:37
1162363,M44,0,20260629,1137,28,,2026-06-29 18:54:39
1162363,M44,0,20260629,1137,29,,2026-06-29 18:55:44
1162363,M44,0,20260629,1137,30,,2026-06-29 18:57:48
1162363,M44,0,20260629,1137,31,,2026-06-29 18:58:38
1162365,M44,0,20260629,1446,1,,2026-06-29 18:46:46
1162365,M44,0,20260629,1446,2,,2026-06-29 18:47:54
1162365,M44,0,20260629,1446,3,,2026-06-29 18:48:55
1162365,M44,0,20260629,1446,4,,2026-06-29 18:49:20
1162365,M44,0,20260629,1446,5,,2026-06-29 18:50:04
1162365,M44,0,20260629,1446,6,,2026-06-29 18:50:46
1162365,M44,0,20260629,1446,7,,2026-06-29 18:51:12
1162365,M44,0,20260629,1446,8,,2026-06-29 18:51:41
1162365,M44,0,20260629,1446,9,,2026-06-29 18:52:13
1162365,M44,0,20260629,1446,10,,2026-06-29 18:52:46
1162365,M44,0,20260629,1446,11,,2026-06-29 18:53:50
1162365,M44,0,20260629,1446,12,,2026-06-29 18:54:46
1162365,M44,0,20260629,1446,13,,2026-06-29 18:55:56
1162365,M44,0,20260629,1446,14,,2026-06-29 18:56:41
1162365,M44,0,20260629,1446,15,,2026-06-29 18:57:37
1162374,M44,0,20260629,1164,25,,2026-06-29 18:28:06
1162374,M44,0,20260629,1164,26,,2026-06-29 18:29:38
1162374,M44,0,20260629,1164,27,,2026-06-29 18:31:12
1162374,M44,0,20260629,1164,28,,2026-06-29 18:31:40
1162374,M44,0,20260629,1164,29,,2026-06-29 18:32:49
1162374,M44,0,20260629,1164,30,,2026-06-29 18:34:03
1162374,M44,0,20260629,1164,31,,2026-06-29 18:34:26
1162374,M44,0,20260629,1164,32,,2026-06-29 18:35:34
1162374,M44,0,20260629,1164,33,,2026-06-29 18:36:12
1162374,M44,0,20260629,1164,34,,2026-06-29 18:36:56
1162374,M44,0,20260629,1164,35,,2026-06-29 18:37:56
1162374,M44,0,20260629,1164,36,,2026-06-29 18:38:39
1162374,M44,0,20260629,1164,37,,2026-06-29 18:39:17
1162374,M44,0,20260629,1164,38,,2026-06-29 18:39:39
1162374,M44,0,20260629,1164,39,,2026-06-29 18:40:14
1162374,M44,0,20260629,1164,40,,2026-06-29 18:42:10
1162374,M44,0,20260629,1164,41,,2026-06-29 18:43:30
1162374,M44,0,20260629,1164,42,,2026-06-29 18:43:51
1162374,M44,0,20260629,1164,43,,2026-06-29 18:44:48
1162374,M44,0,20260629,1164,44,,2026-06-29 18:45:24
1162374,M44,0,20260629,1164,45,,2026-06-29 18:45:53
1162374,M44,0,20260629,1164,46,,2026-06-29 18:46:35
1162374,M44,0,20260629,1164,47,,2026-06-29 18:47:10
1162374,M44,0,20260629,1164,48,,2026-06-29 18:48:01
1162374,M44,0,20260629,1164,49,,2026-06-29 18:48:57
1162374,M44,0,20260629,1164,50,,2026-06-29 18:50:28
1162374,M44,0,20260629,1164,51,,2026-06-29 18:51:25
1162374,M44,0,20260629,1164,52,,2026-06-29 18:53:17
1162374,M44,0,20260629,1164,53,,2026-06-29 18:54:42
1162374,M44,0,20260629,1164,54,,2026-06-29 18:55:18
1162374,M44,0,20260629,1164,55,,2026-06-29 18:56:31
1162374,M44,0,20260629,1164,56,,2026-06-29 18:57:47
1162390,M44,1,20260629,1136,47,,2026-06-29 18:29:04
1162390,M44,1,20260629,1136,48,,2026-06-29 18:29:55
1162390,M44,1,20260629,1136,49,,2026-06-29 18:30:30
1162390,M44,1,20260629,1136,50,,2026-06-29 18:31:10
1162390,M44,1,20260629,1136,51,,2026-06-29 18:31:50
1162390,M44,1,20260629,1136,52,,2026-06-29 18:32:42
1162390,M44,1,20260629,1136,53,,2026-06-29 18:33:17
1162390,M44,1,20260629,1136,54,,2026-06-29 18:33:56
1162390,M44,1,20260629,1136,55,,2026-06-29 18:34:35
1162390,M44,1,20260629,1136,56,,2026-06-29 18:35:05
1162390,M44,1,20260629,1136,57,,2026-06-29 18:35:50
1162390,M44,1,20260629,1136,58,,2026-06-29 18:36:22
1162390,M44,1,20260629,1136,59,,2026-06-29 18:37:08
1162390,M44,1,20260629,1136,60,,2026-06-29 18:37:36
1162390,M44,1,20260629,1136,999,,2026-06-29 18:39:16
1162395,M44,1,20260629,1127,40,,2026-06-29 18:31:57
1162395,M44,1,20260629,1127,41,,2026-06-29 18:36:56
1162395,M44,1,20260629,1127,42,,2026-06-29 18:39:00
1162395,M44,1,20260629,1127,43,,2026-06-29 18:40:24
1162395,M44,1,20260629,1127,44,,2026-06-29 18:40:54
1162395,M44,1,20260629,1127,45,,2026-06-29 18:41:32
1162395,M44,1,20260629,1127,46,,2026-06-29 18:42:18
1162395,M44,1,20260629,1127,47,,2026-06-29 18:43:30
1162395,M44,1,20260629,1127,48,,2026-06-29 18:44:19
1162395,M44,1,20260629,1127,49,,2026-06-29 18:44:53
1162395,M44,1,20260629,1127,50,,2026-06-29 18:45:43
1162395,M44,1,20260629,1127,51,,2026-06-29 18:46:20
1162395,M44,1,20260629,1127,52,,2026-06-29 18:47:22
1162395,M44,1,20260629,1127,53,,2026-06-29 18:47:57
1162395,M44,1,20260629,1127,54,,2026-06-29 18:48:22
1162395,M44,1,20260629,1127,55,,2026-06-29 18:49:01
1162395,M44,1,20260629,1127,56,,2026-06-29 18:49:31
1162395,M44,1,20260629,1127,57,,2026-06-29 18:50:14
1162395,M44,1,20260629,1127,999,,2026-06-29 18:52:04
1162407,M44,1,20260629,1441,38,,2026-06-29 18:35:17
1162407,M44,1,20260629,1441,39,,2026-06-29 18:38:25
1162407,M44,1,20260629,1441,40,,2026-06-29 18:44:27
1162407,M44,1,20260629,1441,41,,2026-06-29 18:49:09
1162407,M44,1,20260629,1441,42,,2026-06-29 18:50:51
1162407,M44,1,20260629,1441,43,,2026-06-29 18:52:16
1162407,M44,1,20260629,1441,44,,2026-06-29 18:53:12
1162407,M44,1,20260629,1441,45,,2026-06-29 18:53:56
1162407,M44,1,20260629,1441,46,,2026-06-29 18:54:44
1162407,M44,1,20260629,1441,47,,2026-06-29 18:55:52
1162407,M44,1,20260629,1441,48,,2026-06-29 18:57:11
1162407,M44,1,20260629,1441,49,,2026-06-29 18:57:47
1162407,M44,1,20260629,1441,50,,2026-06-29 18:58:42
1162407,M44,1,20260629,1441,51,,2026-06-29 18:58:54
1162407,M44,1,20260629,1441,52,,2026-06-29 18:59:23
1162407,M44,1,20260629,1441,53,,2026-06-29 18:59:55
1162407,M44,1,20260629,1441,54,,2026-06-29 19:00:49
1162407,M44,1,20260629,1441,55,,2026-06-29 19:01:52
1162407,M44,1,20260629,1441,56,,2026-06-29 19:02:19
1162407,M44,1,20260629,1441,57,,2026-06-29 19:03:35
1162407,M44,1,20260629,1441,999,,2026-06-29 19:05:10
1162436,202,0,20260629,1439,1,,2026-06-29 18:45:56
1162436,202,0,20260629,1439,2,,2026-06-29 18:48:07
1162436,202,0,20260629,1439,3,,2026-06-29 18:48:32
1162436,202,0,20260629,1439,4,,2026-06-29 18:49:12
1162436,202,0,20260629,1439,5,,2026-06-29 18:49:43
1162436,202,0,20260629,1439,6,,2026-06-29 18:50:55
1162436,202,0,20260629,1439,7,,2026-06-29 18:51:43
1162436,202,0,20260629,1439,8,,2026-06-29 18:52:28
1162436,202,0,20260629,1439,9,,2026-06-29 18:53:17
1162436,202,0,20260629,1439,10,,2026-06-29 18:53:53
1162436,202,0,20260629,1439,11,,2026-06-29 18:54:52
1162436,202,0,20260629,1439,12,,2026-06-29 18:55:37
1162436,202,0,20260629,1439,13,,2026-06-29 18:56:34
1162436,202,0,20260629,1439,14,,2026-06-29 18:57:16
1162436,202,0,20260629,1439,15,,2026-06-29 18:57:54
1162436,202,0,20260629,1439,16,,2026-06-29 18:58:46
1162460,202F,1,20260629,5013,14,,2026-06-29 18:28:35
1162460,202F,1,20260629,5013,15,,2026-06-29 18:29:04
1162460,202F,1,20260629,5013,16,,2026-06-29 18:29:59
1162460,202F,1,20260629,5013,17,,2026-06-29 18:30:25
1162460,202F,1,20260629,5013,18,,2026-06-29 18:30:50
1162460,202F,1,20260629,5013,19,,2026-06-29 18:31:53
1162460,202F,1,20260629,5013,20,,2026-06-29 18:32:34
1162460,202F,1,20260629,5013,21,,2026-06-29 18:33:07
1162460,202F,1,20260629,5013,22,,2026-06-29 18:33:37
1162460,202F,1,20260629,5013,23,,2026-06-29 18:34:10
1162460,202F,1,20260629,5013,24,,2026-06-29 18:35:58
1162460,202F,1,20260629,5013,25,,2026-06-29 18:36:49
1162460,202F,1,20260629,5013,26,,2026-06-29 18:38:25
1162460,202F,1,20260629,5013,27,,2026-06-29 18:39:10
1162460,202F,1,20260629,5013,28,,2026-06-29 18:39:45
1162460,202F,1,20260629,5013,29,,2026-06-29 18:40:36
1162460,202F,1,20260629,5013,30,,2026-06-29 18:41:06
1162460,202F,1,20260629,5013,31,,2026-06-29 18:41:54
1162460,202F,1,20260629,5013,32,,2026-06-29 18:42:48
1162460,202F,1,20260629,5013,33,,2026-06-29 18:43:34
1162460,202F,1,20260629,5013,34,,2026-06-29 18:45:02
1162460,202F,1,20260629,5013,35,,2026-06-29 18:45:47
1162460,202F,1,20260629,5013,36,,2026-06-29 18:46:22
1162460,202F,1,20260629,5013,37,,2026-06-29 18:46:58
1162460,202F,1,20260629,5013,38,,2026-06-29 18:47:55
1162460,202F,1,20260629,5013,39,,2026-06-29 18:48:45
1162460,202F,1,20260629,5013,40,,2026-06-29 18:49:41
1162460,202F,1,20260629,5013,41,,2026-06-29 18:50:50
1162460,202F,1,20260629,5013,42,,2026-06-29 18:51:26
1162460,202F,1,20260629,5013,43,,2026-06-29 18:52:08
1162460,202F,1,20260629,5013,44,,2026-06-29 18:52:44
1162460,202F,1,20260629,5013,999,,2026-06-29 18:54:31
1162466,202F,1,20260629,1243,1,,2026-06-29 18:43:48
1162466,202F,1,20260629,1243,2,,2026-06-29 18:44:43
1162466,202F,1,20260629,1243,3,,2026-06-29 18:46:10
1162466,202F,1,20260629,1243,4,,2026-06-29 18:47:39
1162466,202F,1,20260629,1243,5,,2026-06-29 18:48:23
1162466,202F,1,20260629,1243,6,,2026-06-29 18:50:14
1162466,202F,1,20260629,1243,7,,2026-06-29 18:51:39
1162466,202F,1,20260629,1243,8,,2026-06-29 18:52:06
1162466,202F,1,20260629,1243,9,,2026-06-29 18:53:55
1162466,202F,1,20260629,1243,10,,2026-06-29 18:54:35
683691,BEL,0,20260629,1023,999,,2026-06-29 18:30:35
683692,BEL,0,20260629,3026,6,,2026-06-29 18:29:48
683692,BEL,0,20260629,3026,7,,2026-06-29 18:35:57
683692,BEL,0,20260629,3026,8,,2026-06-29 18:37:55
683692,BEL,0,20260629,3026,9,,2026-06-29 18:40:29
683692,BEL,0,20260629,3026,10,,2026-06-29 18:43:07
683692,BEL,0,20260629,3026,11,,2026-06-29 18:44:37
683692,BEL,0,20260629,3026,12,,2026-06-29 18:46:01
683692,BEL,0,20260629,3026,13,,2026-06-29 18:47:55
683692,BEL,0,20260629,3026,14,,2026-06-29 18:49:54
683692,BEL,0,20260629,3026,999,,2026-06-29 18:53:54
683738,BEL,1,20260629,3128,3,,2026-06-29 18:28:59
683738,BEL,1,20260629,3128,4,,2026-06-29 18:30:44
683738,BEL,1,20260629,3128,5,,2026-06-29 18:32:45
683738,BEL,1,20260629,3128,6,,2026-06-29 18:34:45
683738,BEL,1,20260629,3128,7,,2026-06-29 18:37:39
683738,BEL,1,20260629,3128,8,,2026-06-29 18:41:14
683738,BEL,1,20260629,3128,9,,2026-06-29 18:43:37
683738,BEL,1,20260629,3128,10,,2026-06-29 18:48:27
683738,BEL,1,20260629,3128,11,,2026-06-29 18:53:59
683738,BEL,1,20260629,3128,12,,2026-06-29 18:55:59
683738,BEL,1,20260629,3128,13,,2026-06-29 18:57:59
683738,BEL,1,20260629,3128,14,,2026-06-29 18:59:59
683738,BEL,1,20260629,3128,999,,2026-06-29 19:01:59
683980,SEAFRD,0,20260629,3022,999,,2026-06-29 18:33:45
683981,FLNDRS,0,20260629,4023,999,,2026-06-29 18:32:09
683982,SEAFRD,0,20260629,4013,17,,2026-06-29 18:29:36
683982,SEAFRD,0,20260629,4013,18,,2026-06-29 18:32:13
683982,SEAFRD,0,20260629,4013,19,,2026-06-29 18:33:34
683982,SEAFRD,0,20260629,4013,20,,2026-06-29 18:35:01
683982,SEAFRD,0,20260629,4013,21,,2026-06-29 18:36:58
683982,SEAFRD,0,20260629,4013,22,,2026-06-29 18:39:03
683982,SEAFRD,0,20260629,4013,23,,2026-06-29 18:41:13
683982,SEAFRD,0,20260629,4013,999,,2026-06-29 18:45:13
683983,SEAFRD,0,20260629,4033,10,,2026-06-29 18:29:25
683983,SEAFRD,0,20260629,4033,11,,2026-06-29 18:31:30
683983,SEAFRD,0,20260629,4033,12,,2026-06-29 18:33:51
683983,SEAFRD,0,20260629,4033,13,,2026-06-29 18:35:42
683983,SEAFRD,0,20260629,4033,14,,2026-06-29 18:37:01
683983,SEAFRD,0,20260629,4033,15,,2026-06-29 18:39:16
683983,SEAFRD,0,20260629,4033,16,,2026-06-29 18:40:47
683983,SEAFRD,0,20260629,4033,17,,2026-06-29 18:42:38
683983,SEAFRD,0,20260629,4033,999,,2026-06-29 18:53:38
683985,FLNDRS,0,20260629,4007,1,,2026-06-29 18:37:00
683985,FLNDRS,0,20260629,4007,2,,2026-06-29 18:39:00
683985,FLNDRS,0,20260629,4007,3,,2026-06-29 18:41:00
683985,FLNDRS,0,20260629,4007,4,,2026-06-29 18:45:00
683985,FLNDRS,0,20260629,4007,5,,2026-06-29 18:47:00
683985,FLNDRS,0,20260629,4007,6,,2026-06-29 18:48:00
683985,FLNDRS,0,20260629,4007,7,,2026-06-29 18:50:00
683985,FLNDRS,0,20260629,4007,8,,2026-06-29 18:53:00
683985,FLNDRS,0,20260629,4007,9,,2026-06-29 18:54:00
683985,FLNDRS,0,20260629,4007,10,,2026-06-29 18:57:00
683985,FLNDRS,0,20260629,4007,999,,2026-06-29 19:00:47
684086,SEAFRD,1,20260629,4022,999,,2026-06-29 18:28:32
684087,SEAFRD,1,20260629,4034,13,,2026-06-29 18:28:38
684087,SEAFRD,1,20260629,4034,14,,2026-06-29 18:30:58
684087,SEAFRD,1,20260629,4034,15,,2026-06-29 18:36:53
684087,SEAFRD,1,20260629,4034,16,,2026-06-29 18:38:46
684087,SEAFRD,1,20260629,4034,17,,2026-06-29 18:42:52
684087,SEAFRD,1,20260629,4034,999,,2026-06-29 18:45:27
684089,SEAFRD,1,20260629,4004,7,,2026-06-29 18:29:36
684089,SEAFRD,1,20260629,4004,8,,2026-06-29 18:31:32
684089,SEAFRD,1,20260629,4004,9,,2026-06-29 18:33:58
684089,SEAFRD,1,20260629,4004,10,,2026-06-29 18:36:09
684089,SEAFRD,1,20260629,4004,11,,2026-06-29 18:43:00
684089,SEAFRD,1,20260629,4004,12,,2026-06-29 18:45:21
684089,SEAFRD,1,20260629,4004,13,,2026-06-29 18:49:21
684089,SEAFRD,1,20260629,4004,14,,2026-06-29 18:53:21
684089,SEAFRD,1,20260629,4004,15,,2026-06-29 18:56:21
684089,SEAFRD,1,20260629,4004,999,,2026-06-29 18:58:21
924660,GRNG,0,20260629,4031,7,,2026-06-29 18:29:28
924660,GRNG,0,20260629,4031,8,,2026-06-29 18:31:21
924660,GRNG,0,20260629,4031,9,,2026-06-29 18:33:02
924660,GRNG,0,20260629,4031,10,,2026-06-29 18:35:21
924660,GRNG,0,20260629,4031,999,,2026-06-29 18:39:13
924662,PTDOCK,0,20260629,3112,1,,2026-06-29 18:30:00
924662,PTDOCK,0,20260629,3112,2,,2026-06-29 18:34:00
924662,PTDOCK,0,20260629,3112,3,,2026-06-29 18:36:00
924662,PTDOCK,0,20260629,3112,4,,2026-06-29 18:37:00
924662,PTDOCK,0,20260629,3112,5,,2026-06-29 18:38:00
924662,PTDOCK,0,20260629,3112,6,,2026-06-29 18:39:00
924662,PTDOCK,0,20260629,3112,7,,2026-06-29 18:41:00
924662,PTDOCK,0,20260629,3112,8,,2026-06-29 18:42:00
924662,PTDOCK,0,20260629,3112,9,,2026-06-29 18:44:00
924662,PTDOCK,0,20260629,3112,10,,2026-06-29 18:46:00
924662,PTDOCK,0,20260629,3112,999,,2026-06-29 18:51:00
924664,GRNG,0,20260629,3120,1,,2026-06-29 18:50:45
924664,GRNG,0,20260629,3120,2,,2026-06-29 18:51:34
924664,GRNG,0,20260629,3120,3,,2026-06-29 18:54:15
924664,GRNG,0,20260629,3120,4,,2026-06-29 18:56:15
924664,GRNG,0,20260629,3120,5,,2026-06-29 18:59:15
924664,GRNG,0,20260629,3120,6,,2026-06-29 19:00:15
924664,GRNG,0,20260629,3120,7,,2026-06-29 19:02:15
924664,GRNG,0,20260629,3120,8,,2026-06-29 19:03:15
924786,GRNG,1,20260629,3028,7,,2026-06-29 18:29:41
924786,GRNG,1,20260629,3028,8,,2026-06-29 18:33:00
924786,GRNG,1,20260629,3028,9,,2026-06-29 18:35:19
924786,GRNG,1,20260629,3028,10,,2026-06-29 18:37:58
924786,GRNG,1,20260629,3028,999,,2026-06-29 18:40:45
924787,OSBORN,1,20260629,3028,2,,2026-06-29 18:31:01
924787,OSBORN,1,20260629,3028,3,,2026-06-29 18:33:21
924787,OSBORN,1,20260629,3028,4,,2026-06-29 18:34:26
924787,OSBORN,1,20260629,3028,5,,2026-06-29 18:36:23
924787,OSBORN,1,20260629,3028,6,,2026-06-29 18:39:08
924787,OSBORN,1,20260629,3028,7,,2026-06-29 18:41:32
924787,OSBORN,1,20260629,3028,8,,2026-06-29 18:43:32
924787,OSBORN,1,20260629,3028,9,,2026-06-29 18:45:32
924787,OSBORN,1,20260629,3028,10,,2026-06-29 18:47:32
924787,OSBORN,1,20260629,3028,11,,2026-06-29 18:48:55
924787,OSBORN,1,20260629,3028,12,,2026-06-29 18:50:32
924787,OSBORN,1,20260629,3028,13,,2026-06-29 18:52:32
924787,OSBORN,1,20260629,3028,14,,2026-06-29 18:53:32
924787,OSBORN,1,20260629,3028,999,,2026-06-29 18:55:32
925303,681,1,20260629,3139,49,,2026-06-29 18:31:14
925303,681,1,20260629,3139,50,,2026-06-29 18:31:49
925303,681,1,20260629,3139,51,,2026-06-29 18:32:10
925303,681,1,20260629,3139,52,,2026-06-29 18:32:30
925303,681,1,20260629,3139,53,,2026-06-29 18:32:49
925303,681,1,20260629,3139,999,,2026-06-29 18:34:05
925317,681,0,20260629,2751,45,,2026-06-29 18:28:34
925317,681,0,20260629,2751,46,,2026-06-29 18:29:03
925317,681,0,20260629,2751,47,,2026-06-29 18:31:24
925317,681,0,20260629,2751,48,,2026-06-29 18:32:19
925317,681,0,20260629,2751,49,,2026-06-29 18:32:40
925317,681,0,20260629,2751,50,,2026-06-29 18:33:35
925317,681,0,20260629,2751,51,,2026-06-29 18:34:29
925317,681,0,20260629,2751,52,,2026-06-29 18:36:58
925317,681,0,20260629,2751,53,,2026-06-29 18:37:37
925317,681,0,20260629,2751,999,,2026-06-29 18:39:25
925321,681,0,20260629,2577,7,,2026-06-29 18:28:06
925321,681,0,20260629,2577,8,,2026-06-29 18:28:25
925321,681,0,20260629,2577,9,,2026-06-29 18:28:59
925321,681,0,20260629,2577,10,,2026-06-29 18:31:09
925321,681,0,20260629,2577,11,,2026-06-29 18:31:18
925321,681,0,20260629,2577,12,,2026-06-29 18:32:00
925321,681,0,20260629,2577,13,,2026-06-29 18:32:50
925321,681,0,20260629,2577,14,,2026-06-29 18:33:57
925321,681,0,20260629,2577,15,,2026-06-29 18:33:56
925321,681,0,20260629,2577,16,,2026-06-29 18:34:15
925321,681,0,20260629,2577,17,,2026-06-29 18:35:02
925321,681,0,20260629,2577,18,,2026-06-29 18:35:40
925321,681,0,20260629,2577,19,,2026-06-29 18:36:33
925321,681,0,20260629,2577,20,,2026-06-29 18:37:04
925321,681,0,20260629,2577,21,,2026-06-29 18:37:46
925321,681,0,20260629,2577,22,,2026-06-29 18:38:05
925321,681,0,20260629,2577,23,,2026-06-29 18:38:27
925321,681,0,20260629,2577,24,,2026-06-29 18:38:33
925321,681,0,20260629,2577,25,,2026-06-29 18:39:26
925321,681,0,20260629,2577,26,,2026-06-29 18:40:03
925321,681,0,20260629,2577,27,,2026-06-29 18:40:41
925321,681,0,20260629,2577,28,,2026-06-29 18:41:12
925321,681,0,20260629,2577,29,,2026-06-29 18:41:34
925321,681,0,20260629,2577,30,,2026-06-29 18:43:19
925321,681,0,20260629,2577,31,,2026-06-29 18:44:56
925321,681,0,20260629,2577,32,,2026-06-29 18:44:59
925321,681,0,20260629,2577,33,,2026-06-29 18:45:57
925321,681,0,20260629,2577,34,,2026-06-29 18:46:02
925321,681,0,20260629,2577,35,,2026-06-29 18:46:30
925321,681,0,20260629,2577,36,,2026-06-29 18:47:06
925321,681,0,20260629,2577,37,,2026-06-29 18:47:48
925321,681,0,20260629,2577,38,,2026-06-29 18:48:20
925321,681,0,20260629,2577,39,,2026-06-29 18:49:21
925321,681,0,20260629,2577,40,,2026-06-29 18:49:58
925321,681,0,20260629,2577,41,,2026-06-29 18:50:34
925321,681,0,20260629,2577,42,,2026-06-29 18:51:23
925321,681,0,20260629,2577,43,,2026-06-29 18:52:13
925321,681,0,20260629,2577,44,,2026-06-29 18:52:46
925321,681,0,20260629,2577,45,,2026-06-29 18:53:23
925321,681,0,20260629,2577,46,,2026-06-29 18:53:59
925321,681,0,20260629,2577,47,,2026-06-29 18:55:49
925321,681,0,20260629,2577,48,,2026-06-29 18:56:37
925340,681A,0,20260629,2706,1,,2026-06-29 19:19:00
925340,681A,0,20260629,2706,2,,2026-06-29 19:19:27
925340,681A,0,20260629,2706,3,,2026-06-29 19:20:05
925340,681A,0,20260629,2706,4,,2026-06-29 19:20:48
925340,681A,0,20260629,2706,5,,2026-06-29 19:21:23
925340,681A,0,20260629,2706,6,,2026-06-29 19:22:02
925340,681A,0,20260629,2706,7,,2026-06-29 19:22:45
925340,681A,0,20260629,2706,8,,2026-06-29 19:23:25
925340,681A,0,20260629,2706,9,,2026-06-29 19:24:00
925340,681A,0,20260629,2706,10,,2026-06-29 19:24:27
925340,681A,0,20260629,2706,11,,2026-06-29 19:25:06
925340,681A,0,20260629,2706,12,,2026-06-29 19:25:48
925340,681A,0,20260629,2706,13,,2026-06-29 19:26:38
925340,681A,0,20260629,2706,14,,2026-06-29 19:27:01
925340,681A,0,20260629,2706,15,,2026-06-29 19:27:44
925340,681A,0,20260629,2706,16,,2026-06-29 19:28:03
925340,681A,0,20260629,2706,17,,2026-06-29 19:28:50
925340,681A,0,20260629,2706,18,,2026-06-29 19:29:28
925340,681A,0,20260629,2706,19,,2026-06-29 19:30:21
925340,681A,0,20260629,2706,20,,2026-06-29 19:30:53
925340,681A,0,20260629,2706,21,,2026-06-29 19:31:26
925340,681A,0,20260629,2706,22,,2026-06-29 19:31:51
925340,681A,0,20260629,2706,23,,2026-06-29 19:32:15
925340,681A,0,20260629,2706,24,,2026-06-29 19:32:52
925340,681A,0,20260629,2706,25,,2026-06-29 19:33:45
925340,681A,0,20260629,2706,26,,2026-06-29 19:34:26
925340,681A,0,20260629,2706,999,,2026-06-29 19:35:00
925366,682,1,20260629,2862,1,,2026-06-29 18:44:00
925366,682,1,20260629,2862,2,,2026-06-29 18:44:41
925366,682,1,20260629,2862,3,,2026-06-29 18:45:27
925366,682,1,20260629,2862,4,,2026-06-29 18:46:14
925366,682,1,20260629,2862,5,,2026-06-29 18:47:08
925366,682,1,20260629,2862,6,,2026-06-29 18:48:00
925366,682,1,20260629,2862,7,,2026-06-29 18:48:45
925376,682,1,20260629,2572,14,,2026-06-29 18:29:02
925376,682,1,20260629,2572,15,,2026-06-29 18:29:34
925376,682,1,20260629,2572,16,,2026-06-29 18:30:04
925376,682,1,20260629,2572,17,,2026-06-29 18:30:40
925376,682,1,20260629,2572,18,,2026-06-29 18:31:11
925376,682,1,20260629,2572,19,,2026-06-29 18:32:27
925376,682,1,20260629,2572,20,,2026-06-29 18:32:57
925376,682,1,20260629,2572,21,,2026-06-29 18:33:38
925376,682,1,20260629,2572,22,,2026-06-29 18:35:48
925376,682,1,20260629,2572,23,,2026-06-29 18:36:17
925376,682,1,20260629,2572,24,,2026-06-29 18:36:47
925376,682,1,20260629,2572,25,,2026-06-29 18:37:22
925376,682,1,20260629,2572,26,,2026-06-29 18:38:21
925376,682,1,20260629,2572,27,,2026-06-29 18:38:40
925376,682,1,20260629,2572,28,,2026-06-29 18:39:02
925376,682,1,20260629,2572,999,,2026-06-29 18:40:11
925390,682,0,20260629,2400,1,,2026-06-29 18:35:00
925390,682,0,20260629,2400,2,,2026-06-29 18:35:33
925390,682,0,20260629,2400,3,,2026-06-29 18:36:19
925390,682,0,20260629,2400,4,,2026-06-29 18:37:12
925390,682,0,20260629,2400,5,,2026-06-29 18:37:12
925390,682,0,20260629,2400,6,,2026-06-29 18:38:25
925390,682,0,20260629,2400,7,,2026-06-29 18:38:28
925390,682,0,20260629,2400,8,,2026-06-29 18:39:05
925390,682,0,20260629,2400,9,,2026-06-29 18:39:43
925390,682,0,20260629,2400,10,,2026-06-29 18:40:26
925390,682,0,20260629,2400,11,,2026-06-29 18:43:23
925390,682,0,20260629,2400,12,,2026-06-29 18:43:52
925390,682,0,20260629,2400,13,,2026-06-29 18:44:22
925390,682,0,20260629,2400,14,,2026-06-29 18:46:13
925390,682,0,20260629,2400,15,,2026-06-29 18:46:46
925390,682,0,20260629,2400,16,,2026-06-29 18:47:14
925390,682,0,20260629,2400,17,,2026-06-29 18:48:03
925390,682,0,20260629,2400,18,,2026-06-29 18:48:31
925390,682,0,20260629,2400,19,,2026-06-29 18:49:40
925390,682,0,20260629,2400,20,,2026-06-29 18:50:27
925390,682,0,20260629,2400,21,,2026-06-29 18:50:56
925390,682,0,20260629,2400,22,,2026-06-29 18:51:31
925390,682,0,20260629,2400,23,,2026-06-29 18:52:12
925390,682,0,20260629,2400,24,,2026-06-29 18:52:59
925390,682,0,20260629,2400,25,,2026-06-29 18:54:00
925390,682,0,20260629,2400,26,,2026-06-29 18:54:48
925390,682,0,20260629,2400,27,,2026-06-29 18:55:20
925390,682,0,20260629,2400,28,,2026-06-29 18:56:17
925390,682,0,20260629,2400,999,,2026-06-29 18:57:25
925410,682,0,20260629,2751,25,,2026-06-29 18:28:21
925410,682,0,20260629,2751,26,,2026-06-29 18:29:11
925410,682,0,20260629,2751,27,,2026-06-29 18:29:54
925410,682,0,20260629,2751,28,,2026-06-29 18:31:07
925410,682,0,20260629,2751,999,,2026-06-29 18:32:05
925411,682,0,20260629,2591,1,,2026-06-29 18:48:00
925411,682,0,20260629,2591,2,,2026-06-29 18:48:33
925411,682,0,20260629,2591,3,,2026-06-29 18:49:19
925411,682,0,20260629,2591,4,,2026-06-29 18:50:12
925411,682,0,20260629,2591,5,,2026-06-29 18:50:10
925411,682,0,20260629,2591,6,,2026-06-29 18:51:25
925411,682,0,20260629,2591,7,,2026-06-29 18:52:03
925411,682,0,20260629,2591,8,,2026-06-29 18:52:39
925411,682,0,20260629,2591,9,,2026-06-29 18:53:17
925411,682,0,20260629,2591,10,,2026-06-29 18:54:00
925411,682,0,20260629,2591,11,,2026-06-29 18:54:35
925411,682,0,20260629,2591,12,,2026-06-29 18:55:02
925411,682,0,20260629,2591,13,,2026-06-29 18:56:17
925411,682,0,20260629,2591,14,,2026-06-29 18:58:05
925411,682,0,20260629,2591,15,,2026-06-29 18:58:44
925411,682,0,20260629,2591,16,,2026-06-29 18:59:44
925411,682,0,20260629,2591,17,,2026-06-29 19:00:38
925411,682,0,20260629,2591,18,,2026-06-29 19:01:06
925424,683,0,20260629,2591,1,,2026-06-29 18:40:11
925424,683,0,20260629,2591,2,,2026-06-29 18:40:46
925424,683,0,20260629,2591,3,,2026-06-29 18:41:29
925424,683,0,20260629,2591,4,,2026-06-29 18:42:28
925424,683,0,20260629,2591,5,,2026-06-29 18:43:17
925424,683,0,20260629,2591,6,,2026-06-29 18:44:18
925424,683,0,20260629,2591,7,,2026-06-29 18:45:18
925424,683,0,20260629,2591,8,,2026-06-29 18:46:21
925424,683,0,20260629,2591,999,,2026-06-29 18:47:16
925694,725,0,20260629,2400,1,,2026-06-29 18:31:00
925694,725,0,20260629,2400,2,,2026-06-29 18:31:48
925694,725,0,20260629,2400,3,,2026-06-29 18:32:25
925694,725,0,20260629,2400,4,,2026-06-29 18:32:53
925694,725,0,20260629,2400,5,,2026-06-29 18:33:32
925694,725,0,20260629,2400,6,,2026-06-29 18:34:12
925694,725,0,20260629,2400,7,,2026-06-29 18:34:40
925694,725,0,20260629,2400,8,,2026-06-29 18:35:11
925694,725,0,20260629,2400,9,,2026-06-29 18:35:39
925694,725,0,20260629,2400,10,,2026-06-29 18:36:29
925694,725,0,20260629,2400,11,,2026-06-29 18:39:04
925694,725,0,20260629,2400,12,,2026-06-29 18:37:39
925694,725,0,20260629,2400,13,,2026-06-29 18:38:15
925694,725,0,20260629,2400,14,,2026-06-29 18:38:48
925694,725,0,20260629,2400,15,,2026-06-29 18:39:22
925694,725,0,20260629,2400,16,,2026-06-29 18:40:13
925694,725,0,20260629,2400,17,,2026-06-29 18:41:34
925694,725,0,20260629,2400,18,,2026-06-29 18:41:15
925694,725,0,20260629,2400,19,,2026-06-29 18:41:36
925694,725,0,20260629,2400,20,,2026-06-29 18:42:09
925694,725,0,20260629,2400,21,,2026-06-29 18:43:29
925694,725,0,20260629,2400,22,,2026-06-29 18:43:47
925694,725,0,20260629,2400,23,,2026-06-29 18:43:46
925694,725,0,20260629,2400,24,,2026-06-29 18:44:17
925694,725,0,20260629,2400,25,,2026-06-29 18:45:13
925694,725,0,20260629,2400,26,,2026-06-29 18:46:07
925694,725,0,20260629,2400,27,,2026-06-29 18:47:00
925694,725,0,20260629,2400,28,,2026-06-29 18:47:54
925694,725,0,20260629,2400,29,,2026-06-29 18:48:54
925694,725,0,20260629,2400,30,,2026-06-29 18:50:04
925694,725,0,20260629,2400,31,,2026-06-29 18:50:52
925694,725,0,20260629,2400,32,,2026-06-29 18:51:59
925694,725,0,20260629,2400,33,,2026-06-29 18:53:01
925694,725,0,20260629,2400,999,,2026-06-29 18:54:00
925696,725,0,20260629,2575,29,,2026-06-29 18:28:12
925696,725,0,20260629,2575,30,,2026-06-29 18:28:38
925696,725,0,20260629,2575,31,,2026-06-29 18:29:02
925696,725,0,20260629,2575,32,,2026-06-29 18:29:27
925696,725,0,20260629,2575,33,,2026-06-29 18:30:06
925696,725,0,20260629,2575,999,,2026-06-29 18:31:18
925709,725,0,20260629,2595,1,,2026-06-29 19:03:00
925709,725,0,20260629,2595,2,,2026-06-29 19:03:48
925709,725,0,20260629,2595,3,,2026-06-29 19:04:25
925709,725,0,20260629,2595,4,,2026-06-29 19:04:53
925709,725,0,20260629,2595,5,,2026-06-29 19:05:32
925709,725,0,20260629,2595,6,,2026-06-29 19:06:12
925709,725,0,20260629,2595,7,,2026-06-29 19:06:40
925709,725,0,20260629,2595,8,,2026-06-29 19:07:11
925709,725,0,20260629,2595,9,,2026-06-29 19:07:39
925709,725,0,20260629,2595,10,,2026-06-29 19:08:29
925709,725,0,20260629,2595,11,,2026-06-29 19:09:06
925709,725,0,20260629,2595,12,,2026-06-29 19:09:39
925719,725,1,20260629,2709,21,,2026-06-29 18:28:37
925719,725,1,20260629,2709,22,,2026-06-29 18:29:20
925719,725,1,20260629,2709,23,,2026-06-29 18:29:43
925719,725,1,20260629,2709,24,,2026-06-29 18:30:00
925719,725,1,20260629,2709,25,,2026-06-29 18:30:36
925719,725,1,20260629,2709,26,,2026-06-29 18:31:01
925719,725,1,20260629,2709,27,,2026-06-29 18:31:27
925719,725,1,20260629,2709,28,,2026-06-29 18:32:01
925719,725,1,20260629,2709,29,,2026-06-29 18:32:23
925719,725,1,20260629,2709,30,,2026-06-29 18:33:14
925719,725,1,20260629,2709,31,,2026-06-29 18:35:32
925719,725,1,20260629,2709,32,,2026-06-29 18:36:20
925719,725,1,20260629,2709,999,,2026-06-29 18:37:50
925724,725,1,20260629,2513,1,,2026-06-29 18:46:00
925724,725,1,20260629,2513,2,,2026-06-29 18:50:51
925724,725,1,20260629,2513,3,,2026-06-29 18:51:18
925724,725,1,20260629,2513,4,,2026-06-29 18:51:46
925724,725,1,20260629,2513,5,,2026-06-29 18:52:19
925724,725,1,20260629,2513,6,,2026-06-29 18:52:51
925724,725,1,20260629,2513,7,,2026-06-29 18:53:20
925724,725,1,20260629,2513,8,,2026-06-29 18:53:32
925724,725,1,20260629,2513,9,,2026-06-29 18:54:06
925724,725,1,20260629,2513,10,,2026-06-29 18:54:42
925724,725,1,20260629,2513,11,,2026-06-29 18:55:11
925724,725,1,20260629,2513,12,,2026-06-29 18:55:40
925724,725,1,20260629,2513,13,,2026-06-29 18:56:35
925724,725,1,20260629,2513,14,,2026-06-29 18:57:14
925724,725,1,20260629,2513,15,,2026-06-29 18:57:40
925724,725,1,20260629,2513,16,,2026-06-29 18:58:18
925724,725,1,20260629,2513,17,,2026-06-29 18:58:45
925724,725,1,20260629,2513,18,,2026-06-29 18:59:22
925724,725,1,20260629,2513,19,,2026-06-29 19:00:20
925724,725,1,20260629,2513,20,,2026-06-29 19:00:54
925724,725,1,20260629,2513,21,,2026-06-29 19:01:35
925724,725,1,20260629,2513,22,,2026-06-29 19:02:51
925724,725,1,20260629,2513,23,,2026-06-29 19:03:37
925724,725,1,20260629,2513,24,,2026-06-29 19:03:55
925724,725,1,20260629,2513,25,,2026-06-29 19:05:07
925724,725,1,20260629,2513,26,,2026-06-29 19:05:40
925774,733,0,20260629,2417,31,,2026-06-29 18:28:09
925774,733,0,20260629,2417,32,,2026-06-29 18:28:43
925774,733,0,20260629,2417,33,,2026-06-29 18:29:32
925774,733,0,20260629,2417,34,,2026-06-29 18:30:04
925774,733,0,20260629,2417,35,,2026-06-29 18:30:28
925774,733,0,20260629,2417,36,,2026-06-29 18:30:55
925774,733,0,20260629,2417,37,,2026-06-29 18:31:52
925774,733,0,20260629,2417,38,,2026-06-29 18:32:31
925774,733,0,20260629,2417,39,,2026-06-29 18:33:11
925774,733,0,20260629,2417,40,,2026-06-29 18:33:33
925774,733,0,20260629,2417,41,,2026-06-29 18:34:05
925774,733,0,20260629,2417,42,,2026-06-29 18:34:46
925774,733,0,20260629,2417,43,,2026-06-29 18:35:24
925774,733,0,20260629,2417,44,,2026-06-29 18:35:49
925774,733,0,20260629,2417,45,,2026-06-29 18:36:15
925774,733,0,20260629,2417,46,,2026-06-29 18:36:39
925774,733,0,20260629,2417,47,,2026-06-29 18:37:25
925774,733,0,20260629,2417,48,,2026-06-29 18:38:09
925774,733,0,20260629,2417,49,,2026-06-29 18:39:07
925774,733,0,20260629,2417,50,,2026-06-29 18:40:04
925774,733,0,20260629,2417,51,,2026-06-29 18:40:23
925774,733,0,20260629,2417,52,,2026-06-29 18:40:41
925774,733,0,20260629,2417,53,,2026-06-29 18:41:31
925774,733,0,20260629,2417,54,,2026-06-29 18:41:58
925774,733,0,20260629,2417,55,,2026-06-29 18:42:34
925774,733,0,20260629,2417,56,,2026-06-29 18:43:16
925774,733,0,20260629,2417,57,,2026-06-29 18:43:36
925774,733,0,20260629,2417,58,,2026-06-29 18:44:01
925774,733,0,20260629,2417,59,,2026-06-29 18:44:22
925774,733,0,20260629,2417,60,,2026-06-29 18:45:08
925774,733,0,20260629,2417,61,,2026-06-29 18:46:41
925774,733,0,20260629,2417,62,,2026-06-29 18:51:46
925774,733,0,20260629,2417,63,,2026-06-29 18:52:54
925778,733,1,20260629,2570,2,,2026-06-29 18:29:24
925778,733,1,20260629,2570,3,,2026-06-29 18:30:04
925778,733,1,20260629,2570,4,,2026-06-29 18:30:12
925778,733,1,20260629,2570,5,,2026-06-29 18:30:50
925778,733,1,20260629,2570,6,,2026-06-29 18:31:36
925778,733,1,20260629,2570,7,,2026-06-29 18:32:30
925778,733,1,20260629,2570,8,,2026-06-29 18:35:31
925778,733,1,20260629,2570,9,,2026-06-29 18:36:04
925778,733,1,20260629,2570,10,,2026-06-29 18:36:55
925778,733,1,20260629,2570,11,,2026-06-29 18:41:33
925778,733,1,20260629,2570,12,,2026-06-29 18:42:12
925778,733,1,20260629,2570,13,,2026-06-29 18:42:37
925778,733,1,20260629,2570,14,,2026-06-29 18:43:05
925778,733,1,20260629,2570,15,,2026-06-29 18:43:31
925778,733,1,20260629,2570,16,,2026-06-29 18:44:19
925778,733,1,20260629,2570,17,,2026-06-29 18:45:06
925778,733,1,20260629,2570,18,,2026-06-29 18:45:48
925778,733,1,20260629,2570,19,,2026-06-29 18:46:19
925778,733,1,20260629,2570,20,,2026-06-29 18:46:45
925778,733,1,20260629,2570,21,,2026-06-29 18:47:05
925778,733,1,20260629,2570,22,,2026-06-29 18:48:03
925778,733,1,20260629,2570,23,,2026-06-29 18:48:58
925778,733,1,20260629,2570,24,,2026-06-29 18:49:24
925778,733,1,20260629,2570,25,,2026-06-29 18:50:06
925778,733,1,20260629,2570,26,,2026-06-29 18:50:35
925778,733,1,20260629,2570,27,,2026-06-29 18:51:18
925778,733,1,20260629,2570,28,,2026-06-29 18:51:52
925778,733,1,20260629,2570,29,,2026-06-29 18:52:17
925778,733,1,20260629,2570,30,,2026-06-29 18:52:49
925778,733,1,20260629,2570,31,,2026-06-29 18:53:18
925778,733,1,20260629,2570,32,,2026-06-29 18:53:54
925778,733,1,20260629,2570,33,,2026-06-29 18:54:47
925778,733,1,20260629,2570,34,,2026-06-29 18:55:15
925778,733,1,20260629,2570,35,,2026-06-29 18:55:45
925778,733,1,20260629,2570,36,,2026-06-29 18:56:29
925778,733,1,20260629,2570,37,,2026-06-29 18:57:07
925778,733,1,20260629,2570,38,,2026-06-29 18:57:56
925812,734,0,20260629,2739,20,,2026-06-29 18:28:46
925812,734,0,20260629,2739,21,,2026-06-29 18:29:18
925812,734,0,20260629,2739,22,,2026-06-29 18:29:51
925812,734,0,20260629,2739,23,,2026-06-29 18:30:13
925812,734,0,20260629,2739,24,,2026-06-29 18:31:40
925812,734,0,20260629,2739,25,,2026-06-29 18:32:10
925812,734,0,20260629,2739,26,,2026-06-29 18:32:42
925812,734,0,20260629,2739,27,,2026-06-29 18:32:57
925812,734,0,20260629,2739,28,,2026-06-29 18:33:24
925812,734,0,20260629,2739,29,,2026-06-29 18:34:06
925812,734,0,20260629,2739,30,,2026-06-29 18:34:37
925812,734,0,20260629,2739,31,,2026-06-29 18:35:15
925812,734,0,20260629,2739,32,,2026-06-29 18:36:09
925812,734,0,20260629,2739,33,,2026-06-29 18:36:46
925812,734,0,20260629,2739,34,,2026-06-29 18:37:27
925812,734,0,20260629,2739,35,,2026-06-29 18:37:50
925812,734,0,20260629,2739,36,,2026-06-29 18:38:25
925812,734,0,20260629,2739,37,,2026-06-29 18:39:03
925812,734,0,20260629,2739,38,,2026-06-29 18:40:18
925812,734,0,20260629,2739,39,,2026-06-29 18:41:06
925812,734,0,20260629,2739,40,,2026-06-29 18:41:37
925812,734,0,20260629,2739,41,,2026-06-29 18:42:01
925812,734,0,20260629,2739,42,,2026-06-29 18:42:26
925812,734,0,20260629,2739,43,,2026-06-29 18:43:06
925812,734,0,20260629,2739,44,,2026-06-29 18:43:42
925812,734,0,20260629,2739,45,,2026-06-29 18:44:02
925812,734,0,20260629,2739,46,,2026-06-29 18:44:54
925812,734,0,20260629,2739,47,,2026-06-29 18:45:29
925812,734,0,20260629,2739,48,,2026-06-29 18:46:35
925812,734,0,20260629,2739,49,,2026-06-29 18:47:25
925846,734,0,20260629,2583,65,,2026-06-29 18:28:12
925846,734,0,20260629,2583,66,,2026-06-29 18:28:59
925846,734,0,20260629,2583,67,,2026-06-29 18:29:19
925846,734,0,20260629,2583,68,,2026-06-29 18:29:39
925846,734,0,20260629,2583,69,,2026-06-29 18:30:01
925846,734,0,20260629,2583,70,,2026-06-29 18:30:28
925846,734,0,20260629,2583,71,,2026-06-29 18:30:49
925846,734,0,20260629,2583,72,,2026-06-29 18:31:30
925846,734,0,20260629,2583,73,,2026-06-29 18:32:28
925846,734,0,20260629,2583,74,,2026-06-29 18:32:39
925846,734,0,20260629,2583,75,,2026-06-29 18:33:17
925846,734,0,20260629,2583,76,,2026-06-29 18:34:05
925846,734,0,20260629,2583,77,,2026-06-29 18:34:08
925846,734,0,20260629,2583,78,,2026-06-29 18:34:48
925846,734,0,20260629,2583,999,,2026-06-29 18:35:22
925847,734,0,20260629,2734,38,,2026-06-29 18:28:53
925847,734,0,20260629,2734,39,,2026-06-29 18:29:42
925847,734,0,20260629,2734,40,,2026-06-29 18:30:34
925847,734,0,20260629,2734,41,,2026-06-29 18:30:43
925847,734,0,20260629,2734,42,,2026-06-29 18:31:07
925847,734,0,20260629,2734,43,,2026-06-29 18:31:40
925847,734,0,20260629,2734,44,,2026-06-29 18:32:15
925847,734,0,20260629,2734,45,,2026-06-29 18:32:39
925847,734,0,20260629,2734,46,,2026-06-29 18:33:04
925847,734,0,20260629,2734,47,,2026-06-29 18:33:33
925847,734,0,20260629,2734,48,,2026-06-29 18:34:06
925847,734,0,20260629,2734,49,,2026-06-29 18:35:37
925847,734,0,20260629,2734,50,,2026-06-29 18:41:24
925847,734,0,20260629,2734,51,,2026-06-29 18:42:26
925847,734,0,20260629,2734,52,,2026-06-29 18:43:36
925847,734,0,20260629,2734,53,,2026-06-29 18:44:20
925847,734,0,20260629,2734,54,,2026-06-29 18:44:45
925847,734,0,20260629,2734,55,,2026-06-29 18:45:03
925847,734,0,20260629,2734,56,,2026-06-29 18:46:43
925847,734,0,20260629,2734,57,,2026-06-29 18:47:20
925847,734,0,20260629,2734,58,,2026-06-29 18:47:44
925847,734,0,20260629,2734,59,,2026-06-29 18:48:22
925847,734,0,20260629,2734,60,,2026-06-29 18:49:00
925847,734,0,20260629,2734,61,,2026-06-29 18:49:32
925847,734,0,20260629,2734,62,,2026-06-29 18:50:02
925847,734,0,20260629,2734,63,,2026-06-29 18:52:18
925847,734,0,20260629,2734,64,,2026-06-29 18:55:34
925847,734,0,20260629,2734,65,,2026-06-29 18:56:14
925847,734,0,20260629,2734,66,,2026-06-29 18:57:42
925847,734,0,20260629,2734,67,,2026-06-29 18:58:23
925850,734,1,20260629,2559,1,,2026-06-29 18:43:00
925850,734,1,20260629,2559,2,,2026-06-29 18:44:17
925850,734,1,20260629,2559,3,,2026-06-29 18:45:11
925850,734,1,20260629,2559,4,,2026-06-29 18:45:42
925850,734,1,20260629,2559,5,,2026-06-29 18:46:17
925850,734,1,20260629,2559,6,,2026-06-29 18:46:55
925850,734,1,20260629,2559,7,,2026-06-29 18:46:49
925850,734,1,20260629,2559,8,,2026-06-29 18:47:41
925850,734,1,20260629,2559,9,,2026-06-29 18:48:08
925850,734,1,20260629,2559,10,,2026-06-29 18:48:38
925850,734,1,20260629,2559,11,,2026-06-29 18:49:08
925850,734,1,20260629,2559,12,,2026-06-29 18:49:35
925850,734,1,20260629,2559,13,,2026-06-29 18:50:11
925850,734,1,20260629,2559,14,,2026-06-29 18:49:58
925850,734,1,20260629,2559,15,,2026-06-29 18:50:32
925850,734,1,20260629,2559,16,,2026-06-29 18:51:28
925850,734,1,20260629,2559,17,,2026-06-29 18:52:00
925850,734,1,20260629,2559,18,,2026-06-29 18:54:45
925850,734,1,20260629,2559,19,,2026-06-29 18:57:29
925850,734,1,20260629,2559,20,,2026-06-29 18:58:02
925850,734,1,20260629,2559,21,,2026-06-29 18:58:45
925850,734,1,20260629,2559,22,,2026-06-29 18:59:26
925851,734,1,20260629,2734,58,,2026-06-29 18:29:30
925851,734,1,20260629,2734,59,,2026-06-29 18:30:04
925851,734,1,20260629,2734,60,,2026-06-29 18:30:33
925851,734,1,20260629,2734,61,,2026-06-29 18:31:03
925851,734,1,20260629,2734,62,,2026-06-29 18:31:25
925851,734,1,20260629,2734,63,,2026-06-29 18:32:00
925851,734,1,20260629,2734,64,,2026-06-29 18:32:38
925851,734,1,20260629,2734,65,,2026-06-29 18:32:57
925851,734,1,20260629,2734,66,,2026-06-29 18:33:26
925851,734,1,20260629,2734,67,,2026-06-29 18:33:47
925851,734,1,20260629,2734,68,,2026-06-29 18:34:06
925851,734,1,20260629,2734,69,,2026-06-29 18:34:39
925851,734,1,20260629,2734,70,,2026-06-29 18:35:00
925851,734,1,20260629,2734,71,,2026-06-29 18:35:36
925851,734,1,20260629,2734,72,,2026-06-29 18:36:14
925851,734,1,20260629,2734,73,,2026-06-29 18:36:52
925851,734,1,20260629,2734,74,,2026-06-29 18:37:09
925851,734,1,20260629,2734,75,,2026-06-29 18:37:45
925851,734,1,20260629,2734,76,,2026-06-29 18:38:32
925851,734,1,20260629,2734,77,,2026-06-29 18:38:46
925851,734,1,20260629,2734,78,,2026-06-29 18:40:01
925851,734,1,20260629,2734,79,,2026-06-29 18:41:11
925851,734,1,20260629,2734,999,,2026-06-29 18:43:27
925856,734,0,20260629,2711,1,,2026-06-29 18:54:51
925890,737,1,20260629,2738,20,,2026-06-29 18:28:49
925890,737,1,20260629,2738,21,,2026-06-29 18:29:21
925890,737,1,20260629,2738,22,,2026-06-29 18:29:48
925890,737,1,20260629,2738,23,,2026-06-29 18:30:22
925890,737,1,20260629,2738,24,,2026-06-29 18:31:38
925890,737,1,20260629,2738,25,,2026-06-29 18:32:30
925890,737,1,20260629,2738,26,,2026-06-29 18:33:02
925890,737,1,20260629,2738,27,,2026-06-29 18:33:30
925890,737,1,20260629,2738,28,,2026-06-29 18:34:10
925890,737,1,20260629,2738,29,,2026-06-29 18:34:48
925890,737,1,20260629,2738,30,,2026-06-29 18:35:19
925890,737,1,20260629,2738,31,,2026-06-29 18:35:40
925890,737,1,20260629,2738,32,,2026-06-29 18:37:23
925890,737,1,20260629,2738,33,,2026-06-29 18:37:56
925890,737,1,20260629,2738,34,,2026-06-29 18:38:20
925890,737,1,20260629,2738,35,,2026-06-29 18:39:06
925890,737,1,20260629,2738,36,,2026-06-29 18:39:37
925890,737,1,20260629,2738,37,,2026-06-29 18:39:56
925890,737,1,20260629,2738,38,,2026-06-29 18:40:21
925890,737,1,20260629,2738,39,,2026-06-29 18:41:38
925890,737,1,20260629,2738,40,,2026-06-29 18:41:48
925890,737,1,20260629,2738,41,,2026-06-29 18:42:25
925890,737,1,20260629,2738,42,,2026-06-29 18:43:30
925890,737,1,20260629,2738,999,,2026-06-29 18:43:59
925897,737,1,20260629,2464,1,,2026-06-29 18:44:29
925897,737,1,20260629,2464,2,,2026-06-29 18:46:01
925897,737,1,20260629,2464,3,,2026-06-29 18:46:36
925897,737,1,20260629,2464,4,,2026-06-29 18:47:43
925897,737,1,20260629,2464,5,,2026-06-29 18:48:13
925897,737,1,20260629,2464,6,,2026-06-29 18:48:51
925897,737,1,20260629,2464,7,,2026-06-29 18:49:11
925897,737,1,20260629,2464,8,,2026-06-29 18:49:40
925897,737,1,20260629,2464,9,,2026-06-29 18:50:09
925897,737,1,20260629,2464,10,,2026-06-29 18:51:01
925897,737,1,20260629,2464,11,,2026-06-29 18:52:07
925897,737,1,20260629,2464,12,,2026-06-29 18:52:47
925897,737,1,20260629,2464,13,,2026-06-29 18:53:25
925897,737,1,20260629,2464,14,,2026-06-29 18:54:01
925897,737,1,20260629,2464,15,,2026-06-29 18:55:03
925897,737,1,20260629,2464,16,,2026-06-29 18:55:41
925897,737,1,20260629,2464,17,,2026-06-29 18:56:29
925897,737,1,20260629,2464,18,,2026-06-29 18:57:36
925897,737,1,20260629,2464,19,,2026-06-29 18:58:40
925897,737,1,20260629,2464,20,,2026-06-29 18:59:41
925897,737,1,20260629,2464,21,,2026-06-29 19:00:35
925897,737,1,20260629,2464,22,,2026-06-29 19:01:00
925897,737,1,20260629,2464,23,,2026-06-29 19:01:47
925897,737,1,20260629,2464,24,,2026-06-29 19:03:07
925900,737,0,20260629,2722,35,,2026-06-29 18:28:56
925900,737,0,20260629,2722,36,,2026-06-29 18:29:09
925900,737,0,20260629,2722,37,,2026-06-29 18:29:45
925900,737,0,20260629,2722,38,,2026-06-29 18:30:08
925900,737,0,20260629,2722,39,,2026-06-29 18:30:56
925900,737,0,20260629,2722,40,,2026-06-29 18:31:25
925900,737,0,20260629,2722,41,,2026-06-29 18:32:27
925900,737,0,20260629,2722,42,,2026-06-29 18:33:07
925900,737,0,20260629,2722,999,,2026-06-29 18:33:54
925901,737,0,20260629,2603,1,,2026-06-29 18:50:00
925901,737,0,20260629,2603,2,,2026-06-29 18:50:34
925901,737,0,20260629,2603,3,,2026-06-29 18:51:04
925901,737,0,20260629,2603,4,,2026-06-29 18:51:26
925901,737,0,20260629,2603,5,,2026-06-29 18:52:13
925901,737,0,20260629,2603,6,,2026-06-29 18:52:53
925901,737,0,20260629,2603,7,,2026-06-29 18:53:01
925901,737,0,20260629,2603,8,,2026-06-29 18:53:25
925901,737,0,20260629,2603,9,,2026-06-29 18:53:37
925901,737,0,20260629,2603,10,,2026-06-29 18:54:00
925901,737,0,20260629,2603,11,,2026-06-29 18:54:45
925901,737,0,20260629,2603,12,,2026-06-29 18:55:18
925901,737,0,20260629,2603,13,,2026-06-29 18:55:52
925901,737,0,20260629,2603,14,,2026-06-29 18:56:46
925901,737,0,20260629,2603,15,,2026-06-29 18:57:28
925901,737,0,20260629,2603,16,,2026-06-29 18:58:01
925901,737,0,20260629,2603,17,,2026-06-29 18:59:16
925901,737,0,20260629,2603,18,,2026-06-29 18:59:48
925903,741,1,20260629,2464,12,,2026-06-29 18:28:24
925903,741,1,20260629,2464,13,,2026-06-29 18:28:49
925903,741,1,20260629,2464,14,,2026-06-29 18:29:12
925903,741,1,20260629,2464,15,,2026-06-29 18:29:47
925903,741,1,20260629,2464,999,,2026-06-29 18:30:20
925905,741,1,20260629,2581,1,,2026-06-29 18:45:00
925905,741,1,20260629,2581,2,,2026-06-29 18:45:54
925905,741,1,20260629,2581,3,,2026-06-29 18:47:00
925905,741,1,20260629,2581,4,,2026-06-29 18:48:27
925905,741,1,20260629,2581,5,,2026-06-29 18:48:53
925905,741,1,20260629,2581,6,,2026-06-29 18:49:14
925905,741,1,20260629,2581,7,,2026-06-29 18:49:15
925905,741,1,20260629,2581,8,,2026-06-29 18:49:33
925905,741,1,20260629,2581,9,,2026-06-29 18:49:48
925905,741,1,20260629,2581,10,,2026-06-29 18:50:06
925905,741,1,20260629,2581,11,,2026-06-29 18:50:59
925905,741,1,20260629,2581,12,,2026-06-29 18:52:39
925905,741,1,20260629,2581,13,,2026-06-29 18:53:13
925905,741,1,20260629,2581,14,,2026-06-29 18:53:56
925905,741,1,20260629,2581,15,,2026-06-29 18:54:44
925905,741,1,20260629,2581,999,,2026-06-29 18:55:34
925922,743,1,20260629,2588,17,,2026-06-29 18:28:10
925922,743,1,20260629,2588,18,,2026-06-29 18:29:14
925922,743,1,20260629,2588,19,,2026-06-29 18:29:53
925922,743,1,20260629,2588,20,,2026-06-29 18:30:25
925922,743,1,20260629,2588,21,,2026-06-29 18:30:54
925922,743,1,20260629,2588,22,,2026-06-29 18:31:23
925922,743,1,20260629,2588,23,,2026-06-29 18:31:52
925922,743,1,20260629,2588,24,,2026-06-29 18:32:38
925922,743,1,20260629,2588,25,,2026-06-29 18:33:33
925922,743,1,20260629,2588,26,,2026-06-29 18:34:09
925922,743,1,20260629,2588,27,,2026-06-29 18:35:36
925922,743,1,20260629,2588,28,,2026-06-29 18:37:26
925922,743,1,20260629,2588,29,,2026-06-29 18:38:44
925922,743,1,20260629,2588,30,,2026-06-29 18:39:55
925922,743,1,20260629,2588,999,,2026-06-29 18:41:25
925947,743,1,20260629,2813,1,,2026-06-29 18:49:00
925947,743,1,20260629,2813,2,,2026-06-29 18:49:51
925947,743,1,20260629,2813,3,,2026-06-29 18:50:24
925947,743,1,20260629,2813,4,,2026-06-29 18:51:00
925947,743,1,20260629,2813,5,,2026-06-29 18:51:31
925947,743,1,20260629,2813,6,,2026-06-29 18:52:14
925947,743,1,20260629,2813,7,,2026-06-29 18:53:00
925947,743,1,20260629,2813,8,,2026-06-29 18:53:25
925947,743,1,20260629,2813,9,,2026-06-29 18:53:53
925947,743,1,20260629,2813,10,,2026-06-29 18:54:27
925947,743,1,20260629,2813,11,,2026-06-29 18:54:44
925947,743,1,20260629,2813,12,,2026-06-29 18:55:20
925947,743,1,20260629,2813,13,,2026-06-29 18:55:44
925947,743,1,20260629,2813,14,,2026-06-29 18:56:14
925947,743,1,20260629,2813,15,,2026-06-29 18:56:43
925947,743,1,20260629,2813,16,,2026-06-29 18:57:08
925947,743,1,20260629,2813,17,,2026-06-29 18:57:42
925947,743,1,20260629,2813,18,,2026-06-29 18:58:12
925947,743,1,20260629,2813,19,,2026-06-29 18:59:00
925948,743,1,20260629,2517,5,,2026-06-29 18:28:08
925948,743,1,20260629,2517,6,,2026-06-29 18:28:51
925948,743,1,20260629,2517,7,,2026-06-29 18:29:31
925948,743,1,20260629,2517,8,,2026-06-29 18:29:57
925948,743,1,20260629,2517,9,,2026-06-29 18:30:17
925948,743,1,20260629,2517,10,,2026-06-29 18:31:06
925948,743,1,20260629,2517,11,,2026-06-29 18:31:27
925948,743,1,20260629,2517,12,,2026-06-29 18:31:56
925948,743,1,20260629,2517,13,,2026-06-29 18:32:22
925948,743,1,20260629,2517,14,,2026-06-29 18:33:05
925948,743,1,20260629,2517,15,,2026-06-29 18:33:48
925948,743,1,20260629,2517,16,,2026-06-29 18:34:26
925948,743,1,20260629,2517,17,,2026-06-29 18:35:21
925948,743,1,20260629,2517,18,,2026-06-29 18:36:24
925948,743,1,20260629,2517,19,,2026-06-29 18:37:05
925948,743,1,20260629,2517,20,,2026-06-29 18:37:35
925948,743,1,20260629,2517,21,,2026-06-29 18:38:02
925948,743,1,20260629,2517,22,,2026-06-29 18:38:30
925948,743,1,20260629,2517,23,,2026-06-29 18:39:01
925948,743,1,20260629,2517,24,,2026-06-29 18:39:49
925948,743,1,20260629,2517,25,,2026-06-29 18:40:47
925948,743,1,20260629,2517,26,,2026-06-29 18:41:23
925948,743,1,20260629,2517,27,,2026-06-29 18:42:27
925948,743,1,20260629,2517,28,,2026-06-29 18:43:14
925948,743,1,20260629,2517,29,,2026-06-29 18:44:38
925948,743,1,20260629,2517,30,,2026-06-29 18:45:12
925948,743,1,20260629,2517,999,,2026-06-29 18:46:33
925957,745,1,20260629,2813,32,,2026-06-29 18:28:40
925957,745,1,20260629,2813,33,,2026-06-29 18:29:34
925957,745,1,20260629,2813,34,,2026-06-29 18:30:11
925957,745,1,20260629,2813,35,,2026-06-29 18:30:42
925957,745,1,20260629,2813,36,,2026-06-29 18:31:26
925957,745,1,20260629,2813,37,,2026-06-29 18:32:20
925957,745,1,20260629,2813,38,,2026-06-29 18:32:39
925957,745,1,20260629,2813,39,,2026-06-29 18:33:39
925957,745,1,20260629,2813,40,,2026-06-29 18:33:52
925957,745,1,20260629,2813,41,,2026-06-29 18:34:24
925957,745,1,20260629,2813,42,,2026-06-29 18:35:17
925957,745,1,20260629,2813,43,,2026-06-29 18:36:21
925957,745,1,20260629,2813,44,,2026-06-29 18:38:06
925957,745,1,20260629,2813,45,,2026-06-29 18:39:04
925957,745,1,20260629,2813,46,,2026-06-29 18:40:43
925957,745,1,20260629,2813,47,,2026-06-29 18:41:32
925957,745,1,20260629,2813,48,,2026-06-29 18:42:01
925957,745,1,20260629,2813,49,,2026-06-29 18:42:24
925957,745,1,20260629,2813,50,,2026-06-29 18:44:11
925957,745,1,20260629,2813,51,,2026-06-29 18:45:27
925957,745,1,20260629,2813,52,,2026-06-29 18:46:21
925957,745,1,20260629,2813,53,,2026-06-29 18:47:56
925957,745,1,20260629,2813,54,,2026-06-29 18:48:24
925957,745,1,20260629,2813,55,,2026-06-29 18:48:53
925957,745,1,20260629,2813,56,,2026-06-29 18:50:16
925957,745,1,20260629,2813,57,,2026-06-29 18:50:40
925957,745,1,20260629,2813,58,,2026-06-29 18:51:27
925957,745,1,20260629,2813,59,,2026-06-29 18:51:54
925957,745,1,20260629,2813,60,,2026-06-29 18:52:31
925957,745,1,20260629,2813,61,,2026-06-29 18:53:11
925957,745,1,20260629,2813,62,,2026-06-29 18:53:46
925957,745,1,20260629,2813,63,,2026-06-29 18:54:35
925957,745,1,20260629,2813,64,,2026-06-29 18:55:13
925957,745,1,20260629,2813,65,,2026-06-29 18:55:48
925957,745,1,20260629,2813,66,,2026-06-29 18:56:43
925957,745,1,20260629,2813,67,,2026-06-29 18:58:06
925957,745,1,20260629,2813,68,,2026-06-29 18:58:29
925962,745,1,20260629,2748,50,,2026-06-29 18:29:27
925962,745,1,20260629,2748,51,,2026-06-29 18:30:53
925962,745,1,20260629,2748,52,,2026-06-29 18:31:36
925962,745,1,20260629,2748,53,,2026-06-29 18:32:53
925962,745,1,20260629,2748,54,,2026-06-29 18:34:15
925962,745,1,20260629,2748,55,,2026-06-29 18:34:11
925962,745,1,20260629,2748,56,,2026-06-29 18:35:36
925962,745,1,20260629,2748,57,,2026-06-29 18:36:05
925962,745,1,20260629,2748,58,,2026-06-29 18:36:44
925962,745,1,20260629,2748,59,,2026-06-29 18:37:14
925962,745,1,20260629,2748,60,,2026-06-29 18:37:51
925962,745,1,20260629,2748,61,,2026-06-29 18:38:01
925962,745,1,20260629,2748,62,,2026-06-29 18:38:29
925962,745,1,20260629,2748,63,,2026-06-29 18:39:14
925962,745,1,20260629,2748,64,,2026-06-29 18:39:57
925962,745,1,20260629,2748,65,,2026-06-29 18:39:55
925962,745,1,20260629,2748,66,,2026-06-29 18:41:25
925962,745,1,20260629,2748,67,,2026-06-29 18:42:22
925962,745,1,20260629,2748,68,,2026-06-29 18:45:17
925962,745,1,20260629,2748,999,,2026-06-29 18:46:36
925967,745,1,20260629,2743,3,,2026-06-29 18:29:13
925967,745,1,20260629,2743,4,,2026-06-29 18:29:43
925967,745,1,20260629,2743,5,,2026-06-29 18:31:00
925967,745,1,20260629,2743,6,,2026-06-29 18:31:32
925967,745,1,20260629,2743,7,,2026-06-29 18:31:46
925967,745,1,20260629,2743,8,,2026-06-29 18:32:14
925967,745,1,20260629,2743,9,,2026-06-29 18:32:35
925967,745,1,20260629,2743,10,,2026-06-29 18:32:29
925967,745,1,20260629,2743,11,,2026-06-29 18:34:27
925967,745,1,20260629,2743,12,,2026-06-29 18:35:35
925967,745,1,20260629,2743,13,,2026-06-29 18:36:24
925967,745,1,20260629,2743,14,,2026-06-29 18:36:50
925967,745,1,20260629,2743,15,,2026-06-29 18:37:06
925967,745,1,20260629,2743,16,,2026-06-29 18:38:14
925967,745,1,20260629,2743,17,,2026-06-29 18:38:50
925967,745,1,20260629,2743,18,,2026-06-29 18:39:35
925967,745,1,20260629,2743,19,,2026-06-29 18:40:45
925967,745,1,20260629,2743,20,,2026-06-29 18:41:20
925967,745,1,20260629,2743,21,,2026-06-29 18:42:13
925967,745,1,20260629,2743,22,,2026-06-29 18:42:53
925967,745,1,20260629,2743,23,,2026-06-29 18:43:52
925967,745,1,20260629,2743,24,,2026-06-29 18:44:06
925967,745,1,20260629,2743,25,,2026-06-29 18:45:22
925967,745,1,20260629,2743,26,,2026-06-29 18:46:08
925967,745,1,20260629,2743,27,,2026-06-29 18:46:13
925967,745,1,20260629,2743,28,,2026-06-29 18:47:19
925967,745,1,20260629,2743,29,,2026-06-29 18:47:43
925967,745,1,20260629,2743,30,,2026-06-29 18:48:25
925967,745,1,20260629,2743,31,,2026-06-29 18:48:38
925967,745,1,20260629,2743,32,,2026-06-29 18:49:44
925967,745,1,20260629,2743,33,,2026-06-29 18:50:20
925967,745,1,20260629,2743,34,,2026-06-29 18:51:14
925967,745,1,20260629,2743,35,,2026-06-29 18:52:19
925967,745,1,20260629,2743,36,,2026-06-29 18:53:03
925967,745,1,20260629,2743,37,,2026-06-29 18:53:49
925967,745,1,20260629,2743,38,,2026-06-29 18:54:17
925967,745,1,20260629,2743,39,,2026-06-29 18:55:24
925967,745,1,20260629,2743,40,,2026-06-29 18:56:04
925967,745,1,20260629,2743,41,,2026-06-29 18:56:51
925967,745,1,20260629,2743,42,,2026-06-29 18:57:47
925967,745,1,20260629,2743,43,,2026-06-29 18:58:44
925989,747,0,20260629,2714,4,,2026-06-29 18:30:19
925989,747,0,20260629,2714,5,,2026-06-29 18:30:55
925989,747,0,20260629,2714,6,,2026-06-29 18:31:56
925989,747,0,20260629,2714,7,,2026-06-29 18:32:32
925989,747,0,20260629,2714,8,,2026-06-29 18:33:04
925989,747,0,20260629,2714,9,,2026-06-29 18:33:48
925989,747,0,20260629,2714,10,,2026-06-29 18:34:43
925989,747,0,20260629,2714,11,,2026-06-29 18:35:17
925989,747,0,20260629,2714,12,,2026-06-29 18:35:46
925989,747,0,20260629,2714,13,,2026-06-29 18:36:08
925989,747,0,20260629,2714,14,,2026-06-29 18:36:53
925989,747,0,20260629,2714,15,,2026-06-29 18:37:52
925989,747,0,20260629,2714,16,,2026-06-29 18:38:36
925989,747,0,20260629,2714,17,,2026-06-29 18:38:54
925989,747,0,20260629,2714,18,,2026-06-29 18:39:54
925989,747,0,20260629,2714,19,,2026-06-29 18:41:08
925989,747,0,20260629,2714,20,,2026-06-29 18:42:10
925989,747,0,20260629,2714,21,,2026-06-29 18:44:39
925989,747,0,20260629,2714,22,,2026-06-29 18:45:22
925989,747,0,20260629,2714,23,,2026-06-29 18:45:55
925989,747,0,20260629,2714,24,,2026-06-29 18:49:16
925989,747,0,20260629,2714,25,,2026-06-29 18:49:36
925989,747,0,20260629,2714,26,,2026-06-29 18:50:45
925989,747,0,20260629,2714,27,,2026-06-29 18:51:45
925989,747,0,20260629,2714,28,,2026-06-29 18:52:45
925989,747,0,20260629,2714,29,,2026-06-29 18:53:31
925989,747,0,20260629,2714,30,,2026-06-29 18:54:12
925989,747,0,20260629,2714,31,,2026-06-29 18:55:00
925989,747,0,20260629,2714,32,,2026-06-29 18:55:37
925989,747,0,20260629,2714,33,,2026-06-29 18:56:15
925989,747,0,20260629,2714,34,,2026-06-29 18:56:55
925989,747,0,20260629,2714,35,,2026-06-29 18:57:36
925989,747,0,20260629,2714,36,,2026-06-29 18:58:13
925989,747,0,20260629,2714,37,,2026-06-29 18:59:12
925989,747,0,20260629,2714,38,,2026-06-29 19:00:00
925989,747,0,20260629,2714,39,,2026-06-29 19:00:45
925999,747,0,20260629,2818,48,,2026-06-29 18:28:06
925999,747,0,20260629,2818,49,,2026-06-29 18:28:49
925999,747,0,20260629,2818,50,,2026-06-29 18:29:22
925999,747,0,20260629,2818,51,,2026-06-29 18:30:06
925999,747,0,20260629,2818,52,,2026-06-29 18:30:59
925999,747,0,20260629,2818,53,,2026-06-29 18:31:40
925999,747,0,20260629,2818,54,,2026-06-29 18:32:14
925999,747,0,20260629,2818,55,,2026-06-29 18:32:50
925999,747,0,20260629,2818,56,,2026-06-29 18:34:08
925999,747,0,20260629,2818,57,,2026-06-29 18:34:35
925999,747,0,20260629,2818,58,,2026-06-29 18:34:57
925999,747,0,20260629,2818,59,,2026-06-29 18:35:52
925999,747,0,20260629,2818,60,,2026-06-29 18:36:09
925999,747,0,20260629,2818,61,,2026-06-29 18:37:29
925999,747,0,20260629,2818,62,,2026-06-29 18:37:53
925999,747,0,20260629,2818,63,,2026-06-29 18:38:24
925999,747,0,20260629,2818,64,,2026-06-29 18:39:10
925999,747,0,20260629,2818,65,,2026-06-29 18:39:41
925999,747,0,20260629,2818,66,,2026-06-29 18:39:41
925999,747,0,20260629,2818,67,,2026-06-29 18:40:41
925999,747,0,20260629,2818,68,,2026-06-29 18:41:15
925999,747,0,20260629,2818,69,,2026-06-29 18:41:51
925999,747,0,20260629,2818,999,,2026-06-29 18:44:51
926004,747,0,20260629,2738,1,,2026-06-29 18:42:00
926004,747,0,20260629,2738,2,,2026-06-29 18:42:39
926004,747,0,20260629,2738,3,,2026-06-29 18:43:23
926004,747,0,20260629,2738,4,,2026-06-29 18:46:23
926004,747,0,20260629,2738,5,,2026-06-29 18:46:59
926004,747,0,20260629,2738,6,,2026-06-29 18:48:19
926004,747,0,20260629,2738,7,,2026-06-29 18:48:31
926004,747,0,20260629,2738,8,,2026-06-29 18:49:25
926004,747,0,20260629,2738,9,,2026-06-29 18:49:33
926004,747,0,20260629,2738,10,,2026-06-29 18:50:40
926004,747,0,20260629,2738,11,,2026-06-29 18:51:18
926004,747,0,20260629,2738,12,,2026-06-29 18:51:19
926004,747,0,20260629,2738,13,,2026-06-29 18:51:46
926004,747,0,20260629,2738,14,,2026-06-29 18:52:28
926004,747,0,20260629,2738,15,,2026-06-29 18:53:00
926004,747,0,20260629,2738,16,,2026-06-29 18:54:05
926004,747,0,20260629,2738,17,,2026-06-29 18:54:31
926004,747,0,20260629,2738,18,,2026-06-29 18:55:44
926004,747,0,20260629,2738,19,,2026-06-29 18:57:20
926004,747,0,20260629,2738,20,,2026-06-29 18:59:04
926004,747,0,20260629,2738,21,,2026-06-29 19:00:04
926040,750,0,20260629,2726,40,,2026-06-29 18:28:44
926040,750,0,20260629,2726,41,,2026-06-29 18:29:38
926040,750,0,20260629,2726,42,,2026-06-29 18:30:16
926040,750,0,20260629,2726,43,,2026-06-29 18:31:03
926040,750,0,20260629,2726,44,,2026-06-29 18:32:42
926040,750,0,20260629,2726,45,,2026-06-29 18:33:22
926040,750,0,20260629,2726,46,,2026-06-29 18:35:10
926040,750,0,20260629,2726,47,,2026-06-29 18:35:32
926040,750,0,20260629,2726,48,,2026-06-29 18:36:35
926040,750,0,20260629,2726,49,,2026-06-29 18:37:18
926040,750,0,20260629,2726,50,,2026-06-29 18:37:51
926040,750,0,20260629,2726,51,,2026-06-29 18:38:08
926040,750,0,20260629,2726,52,,2026-06-29 18:38:22
926040,750,0,20260629,2726,53,,2026-06-29 18:38:19
926040,750,0,20260629,2726,54,,2026-06-29 18:38:36
926040,750,0,20260629,2726,55,,2026-06-29 18:39:06
926040,750,0,20260629,2726,56,,2026-06-29 18:39:27
926040,750,0,20260629,2726,57,,2026-06-29 18:40:36
926040,750,0,20260629,2726,58,,2026-06-29 18:42:09
926040,750,0,20260629,2726,999,,2026-06-29 18:43:10
926053,750,0,20260629,2602,2,,2026-06-29 18:28:29
926053,750,0,20260629,2602,3,,2026-06-29 18:29:00
926053,750,0,20260629,2602,4,,2026-06-29 18:29:41
926053,750,0,20260629,2602,5,,2026-06-29 18:30:38
926053,750,0,20260629,2602,6,,2026-06-29 18:31:12
926053,750,0,20260629,2602,7,,2026-06-29 18:31:38
926053,750,0,20260629,2602,8,,2026-06-29 18:32:08
926053,750,0,20260629,2602,9,,2026-06-29 18:33:24
926053,750,0,20260629,2602,10,,2026-06-29 18:34:52
926053,750,0,20260629,2602,11,,2026-06-29 18:35:54
926053,750,0,20260629,2602,12,,2026-06-29 18:36:26
926053,750,0,20260629,2602,13,,2026-06-29 18:36:51
926053,750,0,20260629,2602,14,,2026-06-29 18:38:08
926053,750,0,20260629,2602,15,,2026-06-29 18:39:32
926053,750,0,20260629,2602,16,,2026-06-29 18:40:54
926053,750,0,20260629,2602,17,,2026-06-29 18:41:25
926053,750,0,20260629,2602,18,,2026-06-29 18:42:26
926053,750,0,20260629,2602,19,,2026-06-29 18:43:04
926053,750,0,20260629,2602,20,,2026-06-29 18:43:29
926053,750,0,20260629,2602,21,,2026-06-29 18:44:15
926053,750,0,20260629,2602,22,,2026-06-29 18:45:03
926053,750,0,20260629,2602,23,,2026-06-29 18:45:37
926053,750,0,20260629,2602,24,,2026-06-29 18:45:59
926053,750,0,20260629,2602,25,,2026-06-29 18:46:51
926053,750,0,20260629,2602,26,,2026-06-29 18:48:03
926053,750,0,20260629,2602,27,,2026-06-29 18:48:44
926053,750,0,20260629,2602,28,,2026-06-29 18:49:31
926053,750,0,20260629,2602,29,,2026-06-29 18:50:01
926053,750,0,20260629,2602,30,,2026-06-29 18:50:43
926053,750,0,20260629,2602,31,,2026-06-29 18:51:14
926053,750,0,20260629,2602,32,,2026-06-29 18:51:53
926053,750,0,20260629,2602,33,,2026-06-29 18:52:39
926053,750,0,20260629,2602,34,,2026-06-29 18:53:12
926053,750,0,20260629,2602,35,,2026-06-29 18:53:58
926053,750,0,20260629,2602,36,,2026-06-29 18:54:58
926053,750,0,20260629,2602,37,,2026-06-29 18:55:56
926053,750,0,20260629,2602,38,,2026-06-29 18:56:19
926053,750,0,20260629,2602,39,,2026-06-29 18:56:59
926057,750,0,20260629,2719,1,,2026-06-29 18:58:00
926057,750,0,20260629,2719,2,,2026-06-29 18:58:25
926065,750B,1,20260629,2597,34,,2026-06-29 18:28:05
926065,750B,1,20260629,2597,35,,2026-06-29 18:30:00
926065,750B,1,20260629,2597,36,,2026-06-29 18:30:44
926065,750B,1,20260629,2597,999,,2026-06-29 18:31:41
926068,750B,1,20260629,2820,1,,2026-06-29 18:30:00
926068,750B,1,20260629,2820,2,,2026-06-29 18:30:54
926068,750B,1,20260629,2820,3,,2026-06-29 18:32:00
926068,750B,1,20260629,2820,4,,2026-06-29 18:33:11
926068,750B,1,20260629,2820,5,,2026-06-29 18:33:33
926068,750B,1,20260629,2820,6,,2026-06-29 18:33:49
926068,750B,1,20260629,2820,7,,2026-06-29 18:34:12
926068,750B,1,20260629,2820,8,,2026-06-29 18:34:31
926068,750B,1,20260629,2820,9,,2026-06-29 18:34:50
926068,750B,1,20260629,2820,10,,2026-06-29 18:35:10
926068,750B,1,20260629,2820,11,,2026-06-29 18:35:49
926068,750B,1,20260629,2820,12,,2026-06-29 18:36:48
926068,750B,1,20260629,2820,13,,2026-06-29 18:37:32
926068,750B,1,20260629,2820,14,,2026-06-29 18:37:58
926068,750B,1,20260629,2820,15,,2026-06-29 18:39:31
926068,750B,1,20260629,2820,16,,2026-06-29 18:40:34
926068,750B,1,20260629,2820,17,,2026-06-29 18:41:51
926068,750B,1,20260629,2820,18,,2026-06-29 18:42:58
926068,750B,1,20260629,2820,19,,2026-06-29 18:43:28
926068,750B,1,20260629,2820,20,,2026-06-29 18:44:28
926068,750B,1,20260629,2820,21,,2026-06-29 18:45:48
926068,750B,1,20260629,2820,22,,2026-06-29 18:46:22
926068,750B,1,20260629,2820,23,,2026-06-29 18:46:52
926068,750B,1,20260629,2820,24,,2026-06-29 18:47:32
926068,750B,1,20260629,2820,25,,2026-06-29 18:48:07
926068,750B,1,20260629,2820,26,,2026-06-29 18:49:03
926068,750B,1,20260629,2820,27,,2026-06-29 18:49:35
926068,750B,1,20260629,2820,28,,2026-06-29 18:50:23
926068,750B,1,20260629,2820,29,,2026-06-29 18:51:14
926068,750B,1,20260629,2820,30,,2026-06-29 18:51:48
926068,750B,1,20260629,2820,31,,2026-06-29 18:52:38
926068,750B,1,20260629,2820,32,,2026-06-29 18:53:13
926068,750B,1,20260629,2820,33,,2026-06-29 18:54:14
926068,750B,1,20260629,2820,34,,2026-06-29 18:55:02
926068,750B,1,20260629,2820,35,,2026-06-29 18:56:05
926068,750B,1,20260629,2820,36,,2026-06-29 18:56:31
926068,750B,1,20260629,2820,999,,2026-06-29 18:57:28
926082,750X,1,20260629,2518,1,,2026-06-29 18:30:00
926082,750X,1,20260629,2518,2,,2026-06-29 18:39:51
926082,750X,1,20260629,2518,3,,2026-06-29 18:40:22
926082,750X,1,20260629,2518,4,,2026-06-29 18:41:14
926082,750X,1,20260629,2518,5,,2026-06-29 18:41:50
926082,750X,1,20260629,2518,6,,2026-06-29 18:43:04
926082,750X,1,20260629,2518,7,,2026-06-29 18:43:30
926082,750X,1,20260629,2518,8,,2026-06-29 18:44:10
926082,750X,1,20260629,2518,9,,2026-06-29 18:45:57
926082,750X,1,20260629,2518,10,,2026-06-29 18:46:43
926082,750X,1,20260629,2518,11,,2026-06-29 18:47:18
926082,750X,1,20260629,2518,12,,2026-06-29 18:47:37
926082,750X,1,20260629,2518,13,,2026-06-29 18:48:24
926082,750X,1,20260629,2518,14,,2026-06-29 18:49:00
926082,750X,1,20260629,2518,15,,2026-06-29 18:49:50
926082,750X,1,20260629,2518,16,,2026-06-29 18:50:28
926082,750X,1,20260629,2518,17,,2026-06-29 18:51:29
926082,750X,1,20260629,2518,18,,2026-06-29 18:52:16
926082,750X,1,20260629,2518,19,,2026-06-29 18:52:48
926082,750X,1,20260629,2518,20,,2026-06-29 18:53:15
926082,750X,1,20260629,2518,21,,2026-06-29 18:54:43
926082,750X,1,20260629,2518,22,,2026-06-29 18:55:48
926082,750X,1,20260629,2518,23,,2026-06-29 18:56:27
926082,750X,1,20260629,2518,24,,2026-06-29 18:56:59
926082,750X,1,20260629,2518,25,,2026-06-29 18:58:02
926083,750X,1,20260629,2704,22,,2026-06-29 18:28:25
926083,750X,1,20260629,2704,23,,2026-06-29 18:29:13
926083,750X,1,20260629,2704,24,,2026-06-29 18:29:50
926083,750X,1,20260629,2704,25,,2026-06-29 18:30:39
926083,750X,1,20260629,2704,26,,2026-06-29 18:32:14
926083,750X,1,20260629,2704,27,,2026-06-29 18:32:57
926083,750X,1,20260629,2704,28,,2026-06-29 18:33:24
926083,750X,1,20260629,2704,29,,2026-06-29 18:34:34
926083,750X,1,20260629,2704,30,,2026-06-29 18:34:59
926083,750X,1,20260629,2704,31,,2026-06-29 18:35:55
926083,750X,1,20260629,2704,32,,2026-06-29 18:36:39
926083,750X,1,20260629,2704,33,,2026-06-29 18:37:11
926083,750X,1,20260629,2704,34,,2026-06-29 18:38:07
926083,750X,1,20260629,2704,35,,2026-06-29 18:39:43
926083,750X,1,20260629,2704,36,,2026-06-29 18:40:17
926083,750X,1,20260629,2704,37,,2026-06-29 18:41:10
926083,750X,1,20260629,2704,38,,2026-06-29 18:42:03
926083,750X,1,20260629,2704,39,,2026-06-29 18:42:27
926083,750X,1,20260629,2704,999,,2026-06-29 18:43:06
926113,751,1,20260629,2597,50,,2026-06-29 18:28:34
926113,751,1,20260629,2597,51,,2026-06-29 18:29:06
926113,751,1,20260629,2597,52,,2026-06-29 18:30:23
926113,751,1,20260629,2597,53,,2026-06-29 18:30:58
926113,751,1,20260629,2597,54,,2026-06-29 18:32:14
926113,751,1,20260629,2597,55,,2026-06-29 18:34:10
926113,751,1,20260629,2597,56,,2026-06-29 18:34:47
926113,751,1,20260629,2597,57,,2026-06-29 18:36:09
926113,751,1,20260629,2597,58,,2026-06-29 18:38:32
926113,751,1,20260629,2597,59,,2026-06-29 18:39:00
926113,751,1,20260629,2597,60,,2026-06-29 18:39:49
926113,751,1,20260629,2597,61,,2026-06-29 18:41:09
926113,751,1,20260629,2597,62,,2026-06-29 18:42:02
926113,751,1,20260629,2597,63,,2026-06-29 18:42:52
926113,751,1,20260629,2597,64,,2026-06-29 18:43:13
926113,751,1,20260629,2597,999,,2026-06-29 18:43:56
926119,751A,0,20260629,2809,48,,2026-06-29 18:28:42
926119,751A,0,20260629,2809,49,,2026-06-29 18:29:04
926119,751A,0,20260629,2809,50,,2026-06-29 18:30:02
926119,751A,0,20260629,2809,51,,2026-06-29 18:30:36
926119,751A,0,20260629,2809,52,,2026-06-29 18:31:19
926119,751A,0,20260629,2809,53,,2026-06-29 18:31:40
926119,751A,0,20260629,2809,54,,2026-06-29 18:32:02
926119,751A,0,20260629,2809,55,,2026-06-29 18:32:41
926119,751A,0,20260629,2809,56,,2026-06-29 18:33:03
926119,751A,0,20260629,2809,57,,2026-06-29 18:33:36
926119,751A,0,20260629,2809,58,,2026-06-29 18:35:04
926119,751A,0,20260629,2809,59,,2026-06-29 18:35:53
926119,751A,0,20260629,2809,60,,2026-06-29 18:36:22
926119,751A,0,20260629,2809,61,,2026-06-29 18:37:06
926119,751A,0,20260629,2809,999,,2026-06-29 18:37:59
926120,751A,0,20260629,2807,8,,2026-06-29 18:29:35
926120,751A,0,20260629,2807,9,,2026-06-29 18:32:44
926120,751A,0,20260629,2807,10,,2026-06-29 18:34:15
926120,751A,0,20260629,2807,11,,2026-06-29 18:34:50
926120,751A,0,20260629,2807,12,,2026-06-29 18:35:34
926120,751A,0,20260629,2807,13,,2026-06-29 18:35:59
926120,751A,0,20260629,2807,14,,2026-06-29 18:36:18
926120,751A,0,20260629,2807,15,,2026-06-29 18:36:54
926120,751A,0,20260629,2807,16,,2026-06-29 18:38:11
926120,751A,0,20260629,2807,17,,2026-06-29 18:38:52
926120,751A,0,20260629,2807,18,,2026-06-29 18:40:53
926120,751A,0,20260629,2807,19,,2026-06-29 18:42:38
926120,751A,0,20260629,2807,20,,2026-06-29 18:44:52
926120,751A,0,20260629,2807,21,,2026-06-29 18:45:41
926120,751A,0,20260629,2807,22,,2026-06-29 18:46:23
926120,751A,0,20260629,2807,23,,2026-06-29 18:47:18
926120,751A,0,20260629,2807,24,,2026-06-29 18:45:20
926120,751A,0,20260629,2807,25,,2026-06-29 18:45:49
926120,751A,0,20260629,2807,26,,2026-06-29 18:46:14
926120,751A,0,20260629,2807,27,,2026-06-29 18:46:57
926120,751A,0,20260629,2807,28,,2026-06-29 18:47:21
926120,751A,0,20260629,2807,29,,2026-06-29 18:48:07
926120,751A,0,20260629,2807,30,,2026-06-29 18:55:19
926120,751A,0,20260629,2807,31,,2026-06-29 18:55:53
926120,751A,0,20260629,2807,32,,2026-06-29 18:56:31
926120,751A,0,20260629,2807,33,,2026-06-29 18:57:00
926120,751A,0,20260629,2807,34,,2026-06-29 18:57:46
926142,752,1,20260629,2745,1,,2026-06-29 18:45:00
926142,752,1,20260629,2745,2,,2026-06-29 18:45:38
926142,752,1,20260629,2745,999,,2026-06-29 18:53:00
927245,801,0,20260629,2581,47,,2026-06-29 18:29:13
927245,801,0,20260629,2581,48,,2026-06-29 18:30:10
927245,801,0,20260629,2581,49,,2026-06-29 18:31:14
927245,801,0,20260629,2581,50,,2026-06-29 18:32:26
927245,801,0,20260629,2581,51,,2026-06-29 18:33:33
927245,801,0,20260629,2581,52,,2026-06-29 18:34:50
927245,801,0,20260629,2581,53,,2026-06-29 18:36:49
927245,801,0,20260629,2581,54,,2026-06-29 18:40:16
927245,801,0,20260629,2581,999,,2026-06-29 18:41:31
927249,801,0,20260629,3353,18,,2026-06-29 18:28:48
927249,801,0,20260629,3353,19,,2026-06-29 18:29:18
927249,801,0,20260629,3353,20,,2026-06-29 18:30:04
927249,801,0,20260629,3353,21,,2026-06-29 18:32:27
927249,801,0,20260629,3353,22,,2026-06-29 18:33:13
927249,801,0,20260629,3353,23,,2026-06-29 18:34:27
927249,801,0,20260629,3353,24,,2026-06-29 18:36:21
927249,801,0,20260629,3353,25,,2026-06-29 18:36:36
927249,801,0,20260629,3353,26,,2026-06-29 18:37:07
927249,801,0,20260629,3353,27,,2026-06-29 18:38:09
927249,801,0,20260629,3353,28,,2026-06-29 18:38:40
927249,801,0,20260629,3353,29,,2026-06-29 18:40:06
927249,801,0,20260629,3353,30,,2026-06-29 18:40:30
927249,801,0,20260629,3353,31,,2026-06-29 18:41:03
927249,801,0,20260629,3353,32,,2026-06-29 18:41:26
927249,801,0,20260629,3353,33,,2026-06-29 18:42:16
927249,801,0,20260629,3353,34,,2026-06-29 18:44:21
927249,801,0,20260629,3353,35,,2026-06-29 18:51:44
927249,801,0,20260629,3353,36,,2026-06-29 18:54:21
927249,801,0,20260629,3353,37,,2026-06-29 18:54:54
927249,801,0,20260629,3353,38,,2026-06-29 18:55:29
927249,801,0,20260629,3353,39,,2026-06-29 18:56:25
927249,801,0,20260629,3353,40,,2026-06-29 18:57:23
927249,801,0,20260629,3353,41,,2026-06-29 18:58:24
927249,801,0,20260629,3353,42,,2026-06-29 18:59:41
927262,801,0,20260629,3513,1,,2026-06-29 18:33:00
927262,801,0,20260629,3513,2,,2026-06-29 18:34:45
927262,801,0,20260629,3513,3,,2026-06-29 18:38:00
927262,801,0,20260629,3513,4,,2026-06-29 18:39:04
927262,801,0,20260629,3513,5,,2026-06-29 18:39:46
927262,801,0,20260629,3513,6,,2026-06-29 18:40:58
927262,801,0,20260629,3513,7,,2026-06-29 18:42:14
927262,801,0,20260629,3513,8,,2026-06-29 18:43:14
927262,801,0,20260629,3513,9,,2026-06-29 18:44:14
927262,801,0,20260629,3513,10,,2026-06-29 18:47:10
927262,801,0,20260629,3513,11,,2026-06-29 18:48:11
927262,801,0,20260629,3513,12,,2026-06-29 18:49:00
927262,801,0,20260629,3513,13,,2026-06-29 18:49:27
927262,801,0,20260629,3513,14,,2026-06-29 18:49:56
927262,801,0,20260629,3513,15,,2026-06-29 18:50:31
927262,801,0,20260629,3513,16,,2026-06-29 18:51:24
927262,801,0,20260629,3513,17,,2026-06-29 18:52:11
927262,801,0,20260629,3513,18,,2026-06-29 18:53:24
927262,801,0,20260629,3513,19,,2026-06-29 18:54:00
927301,821,1,20260629,3508,46,,2026-06-29 18:28:06
927301,821,1,20260629,3508,47,,2026-06-29 18:29:42
927301,821,1,20260629,3508,48,,2026-06-29 18:30:03
927301,821,1,20260629,3508,49,,2026-06-29 18:30:18
927301,821,1,20260629,3508,50,,2026-06-29 18:31:30
927301,821,1,20260629,3508,51,,2026-06-29 18:32:14
927301,821,1,20260629,3508,52,,2026-06-29 18:32:40
927301,821,1,20260629,3508,999,,2026-06-29 18:33:05
927303,821,1,20260629,3506,7,,2026-06-29 18:28:55
927303,821,1,20260629,3506,8,,2026-06-29 18:29:37
927303,821,1,20260629,3506,9,,2026-06-29 18:30:09
927303,821,1,20260629,3506,10,,2026-06-29 18:31:05
927303,821,1,20260629,3506,11,,2026-06-29 18:31:35
927303,821,1,20260629,3506,12,,2026-06-29 18:33:05
927303,821,1,20260629,3506,13,,2026-06-29 18:33:26
927303,821,1,20260629,3506,14,,2026-06-29 18:34:49
927303,821,1,20260629,3506,15,,2026-06-29 18:35:16
927303,821,1,20260629,3506,16,,2026-06-29 18:35:57
927303,821,1,20260629,3506,17,,2026-06-29 18:36:39
927303,821,1,20260629,3506,18,,2026-06-29 18:37:26
927303,821,1,20260629,3506,19,,2026-06-29 18:38:27
927303,821,1,20260629,3506,20,,2026-06-29 18:39:11
927303,821,1,20260629,3506,21,,2026-06-29 18:40:00
927303,821,1,20260629,3506,22,,2026-06-29 18:40:45
927303,821,1,20260629,3506,23,,2026-06-29 18:42:23
927303,821,1,20260629,3506,24,,2026-06-29 18:42:46
927303,821,1,20260629,3506,25,,2026-06-29 18:43:19
927303,821,1,20260629,3506,26,,2026-06-29 18:43:39
927303,821,1,20260629,3506,27,,2026-06-29 18:43:56
927303,821,1,20260629,3506,28,,2026-06-29 18:47:05
927303,821,1,20260629,3506,29,,2026-06-29 18:48:15
927303,821,1,20260629,3506,30,,2026-06-29 18:48:57
927303,821,1,20260629,3506,31,,2026-06-29 18:50:03
927303,821,1,20260629,3506,32,,2026-06-29 18:50:56
927303,821,1,20260629,3506,33,,2026-06-29 18:53:31
927303,821,1,20260629,3506,34,,2026-06-29 18:54:06
927303,821,1,20260629,3506,35,,2026-06-29 18:54:51
927303,821,1,20260629,3506,36,,2026-06-29 18:55:43
927303,821,1,20260629,3506,37,,2026-06-29 18:56:36
927303,821,1,20260629,3506,38,,2026-06-29 18:56:57
927303,821,1,20260629,3506,39,,2026-06-29 18:57:40
927303,821,1,20260629,3506,40,,2026-06-29 18:57:59
927303,821,1,20260629,3506,41,,2026-06-29 18:58:26
927327,830F,1,20260629,3208,37,,2026-06-29 18:28:34
927327,830F,1,20260629,3208,38,,2026-06-29 18:30:04
927327,830F,1,20260629,3208,39,,2026-06-29 18:32:04
927327,830F,1,20260629,3208,40,,2026-06-29 18:33:14
927327,830F,1,20260629,3208,41,,2026-06-29 18:34:58
927327,830F,1,20260629,3208,42,,2026-06-29 18:35:18
927327,830F,1,20260629,3208,43,,2026-06-29 18:35:38
927327,830F,1,20260629,3208,44,,2026-06-29 18:36:49
927327,830F,1,20260629,3208,45,,2026-06-29 18:37:59
927327,830F,1,20260629,3208,46,,2026-06-29 18:39:53
927327,830F,1,20260629,3208,47,,2026-06-29 18:41:29
927327,830F,1,20260629,3208,48,,2026-06-29 18:43:01
927327,830F,1,20260629,3208,49,,2026-06-29 18:43:47
927327,830F,1,20260629,3208,50,,2026-06-29 18:44:17
927327,830F,1,20260629,3208,51,,2026-06-29 18:45:15
927327,830F,1,20260629,3208,52,,2026-06-29 18:46:41
927327,830F,1,20260629,3208,53,,2026-06-29 18:47:05
927327,830F,1,20260629,3208,54,,2026-06-29 18:47:30
927327,830F,1,20260629,3208,999,,2026-06-29 18:47:57
927364,837,0,20260629,3272,1,,2026-06-29 18:46:31
927364,837,0,20260629,3272,2,,2026-06-29 18:47:13
927364,837,0,20260629,3272,3,,2026-06-29 18:47:53
927364,837,0,20260629,3272,4,,2026-06-29 18:48:30
927364,837,0,20260629,3272,5,,2026-06-29 18:49:04
927364,837,0,20260629,3272,6,,2026-06-29 18:49:47
927364,837,0,20260629,3272,7,,2026-06-29 18:50:49
927364,837,0,20260629,3272,8,,2026-06-29 18:51:49
927364,837,0,20260629,3272,9,,2026-06-29 18:52:47
927364,837,0,20260629,3272,10,,2026-06-29 18:53:46
927364,837,0,20260629,3272,11,,2026-06-29 18:55:01
927364,837,0,20260629,3272,12,,2026-06-29 18:55:35
927364,837,0,20260629,3272,13,,2026-06-29 18:56:07
927364,837,0,20260629,3272,14,,2026-06-29 18:57:04
927364,837,0,20260629,3272,15,,2026-06-29 18:57:56
927364,837,0,20260629,3272,16,,2026-06-29 18:58:41
927364,837,0,20260629,3272,17,,2026-06-29 18:59:50
927364,837,0,20260629,3272,18,,2026-06-29 19:00:35
927364,837,0,20260629,3272,19,,2026-06-29 19:00:57
927364,837,0,20260629,3272,20,,2026-06-29 19:01:14
927364,837,0,20260629,3272,21,,2026-06-29 19:01:46
927364,837,0,20260629,3272,22,,2026-06-29 19:02:24
927364,837,0,20260629,3272,23,,2026-06-29 19:02:55
927364,837,0,20260629,3272,24,,2026-06-29 19:04:50
927364,837,0,20260629,3272,25,,2026-06-29 19:05:40
927372,837,0,20260629,3359,15,,2026-06-29 18:28:06
927372,837,0,20260629,3359,16,,2026-06-29 18:28:54
927372,837,0,20260629,3359,17,,2026-06-29 18:29:48
927372,837,0,20260629,3359,18,,2026-06-29 18:30:24
927372,837,0,20260629,3359,19,,2026-06-29 18:30:49
927372,837,0,20260629,3359,20,,2026-06-29 18:31:06
927372,837,0,20260629,3359,21,,2026-06-29 18:31:45
927372,837,0,20260629,3359,22,,2026-06-29 18:32:14
927372,837,0,20260629,3359,23,,2026-06-29 18:32:36
927372,837,0,20260629,3359,24,,2026-06-29 18:34:56
927372,837,0,20260629,3359,25,,2026-06-29 18:35:30
927372,837,0,20260629,3359,26,,2026-06-29 18:37:18
927372,837,0,20260629,3359,27,,2026-06-29 18:40:19
927372,837,0,20260629,3359,999,,2026-06-29 18:41:41
927391,838,0,20260629,3213,999,,2026-06-29 18:40:00
927391,838,0,20260629,3213,2,,2026-06-29 18:40:41
927391,838,0,20260629,3213,3,,2026-06-29 18:41:04
927391,838,0,20260629,3213,4,,2026-06-29 18:41:47
927391,838,0,20260629,3213,5,,2026-06-29 18:42:52
927391,838,0,20260629,3213,6,,2026-06-29 18:43:43
927391,838,0,20260629,3213,7,,2026-06-29 18:45:11
927391,838,0,20260629,3213,8,,2026-06-29 18:46:00
927391,838,0,20260629,3213,9,,2026-06-29 18:47:31
927391,838,0,20260629,3213,10,,2026-06-29 18:48:23
927391,838,0,20260629,3213,11,,2026-06-29 18:49:03
927391,838,0,20260629,3213,12,,2026-06-29 18:50:04
927404,838H,0,20260629,3508,999,,2026-06-29 19:04:00
927404,838H,0,20260629,3508,2,,2026-06-29 19:04:41
927404,838H,0,20260629,3508,3,,2026-06-29 19:05:04
927404,838H,0,20260629,3508,4,,2026-06-29 19:05:47
927404,838H,0,20260629,3508,5,,2026-06-29 19:06:52
927423,839,0,20260629,3215,18,,2026-06-29 18:28:31
927423,839,0,20260629,3215,19,,2026-06-29 18:29:02
927423,839,0,20260629,3215,20,,2026-06-29 18:29:33
927423,839,0,20260629,3215,21,,2026-06-29 18:31:33
927423,839,0,20260629,3215,999,,2026-06-29 18:33:33
927427,839,0,20260629,3508,6,,2026-06-29 18:28:31
927427,839,0,20260629,3508,7,,2026-06-29 18:29:54
927427,839,0,20260629,3508,8,,2026-06-29 18:30:41
927427,839,0,20260629,3508,9,,2026-06-29 18:31:43
927427,839,0,20260629,3508,10,,2026-06-29 18:32:50
927427,839,0,20260629,3508,11,,2026-06-29 18:33:27
927427,839,0,20260629,3508,12,,2026-06-29 18:33:50
927427,839,0,20260629,3508,13,,2026-06-29 18:34:15
927427,839,0,20260629,3508,14,,2026-06-29 18:34:56
927427,839,0,20260629,3508,15,,2026-06-29 18:35:56
927427,839,0,20260629,3508,16,,2026-06-29 18:37:04
927427,839,0,20260629,3508,17,,2026-06-29 18:37:42
927427,839,0,20260629,3508,18,,2026-06-29 18:38:21
927427,839,0,20260629,3508,19,,2026-06-29 18:38:57
927427,839,0,20260629,3508,20,,2026-06-29 18:39:31
927427,839,0,20260629,3508,21,,2026-06-29 18:41:25
927427,839,0,20260629,3508,999,,2026-06-29 18:43:19
927447,850,1,20260629,3512,3,,2026-06-29 18:30:19
927447,850,1,20260629,3512,4,,2026-06-29 18:33:09
927447,850,1,20260629,3512,5,,2026-06-29 18:35:10
927447,850,1,20260629,3512,6,,2026-06-29 18:36:30
927447,850,1,20260629,3512,7,,2026-06-29 18:41:44
927447,850,1,20260629,3512,8,,2026-06-29 18:42:28
927447,850,1,20260629,3512,9,,2026-06-29 18:42:52
927447,850,1,20260629,3512,10,,2026-06-29 18:43:12
927447,850,1,20260629,3512,11,,2026-06-29 18:43:29
927447,850,1,20260629,3512,12,,2026-06-29 18:43:44
927447,850,1,20260629,3512,13,,2026-06-29 18:51:12
927447,850,1,20260629,3512,14,,2026-06-29 18:51:37
927473,860F,1,20260629,3214,27,,2026-06-29 18:28:03
927473,860F,1,20260629,3214,28,,2026-06-29 18:28:48
927473,860F,1,20260629,3214,29,,2026-06-29 18:29:28
927473,860F,1,20260629,3214,30,,2026-06-29 18:30:15
927473,860F,1,20260629,3214,31,,2026-06-29 18:30:55
927473,860F,1,20260629,3214,32,,2026-06-29 18:31:26
927473,860F,1,20260629,3214,33,,2026-06-29 18:32:17
927473,860F,1,20260629,3214,34,,2026-06-29 18:33:19
927473,860F,1,20260629,3214,35,,2026-06-29 18:34:20
927473,860F,1,20260629,3214,36,,2026-06-29 18:35:14
927473,860F,1,20260629,3214,37,,2026-06-29 18:37:32
927473,860F,1,20260629,3214,38,,2026-06-29 18:38:08
927473,860F,1,20260629,3214,39,,2026-06-29 18:38:37
927473,860F,1,20260629,3214,40,,2026-06-29 18:39:37
927473,860F,1,20260629,3214,41,,2026-06-29 18:41:25
927473,860F,1,20260629,3214,42,,2026-06-29 18:41:39
927473,860F,1,20260629,3214,43,,2026-06-29 18:43:43
927473,860F,1,20260629,3214,44,,2026-06-29 18:46:20
927473,860F,1,20260629,3214,999,,2026-06-29 18:48:26
927581,863,1,20260629,3235,8,,2026-06-29 18:30:05
927581,863,1,20260629,3235,9,,2026-06-29 18:31:39
927581,863,1,20260629,3235,10,,2026-06-29 18:32:36
927581,863,1,20260629,3235,11,,2026-06-29 18:34:22
927581,863,1,20260629,3235,12,,2026-06-29 18:35:25
927581,863,1,20260629,3235,13,,2026-06-29 18:36:04
927581,863,1,20260629,3235,14,,2026-06-29 18:37:12
927581,863,1,20260629,3235,15,,2026-06-29 18:37:45
927581,863,1,20260629,3235,16,,2026-06-29 18:38:25
927581,863,1,20260629,3235,17,,2026-06-29 18:39:06
927581,863,1,20260629,3235,18,,2026-06-29 18:39:29
927581,863,1,20260629,3235,19,,2026-06-29 18:40:32
927581,863,1,20260629,3235,20,,2026-06-29 18:44:07
927581,863,1,20260629,3235,21,,2026-06-29 18:50:58
927581,863,1,20260629,3235,22,,2026-06-29 18:51:15
927581,863,1,20260629,3235,23,,2026-06-29 18:53:58
927581,863,1,20260629,3235,24,,2026-06-29 18:54:31
927581,863,1,20260629,3235,25,,2026-06-29 18:54:46
927581,863,1,20260629,3235,26,,2026-06-29 18:55:17
927581,863,1,20260629,3235,27,,2026-06-29 18:55:54
927581,863,1,20260629,3235,28,,2026-06-29 18:56:59
927581,863,1,20260629,3235,29,,2026-06-29 18:57:31
927581,863,1,20260629,3235,30,,2026-06-29 18:58:24
927582,863,1,20260629,3313,1,,2026-06-29 18:50:24
927582,863,1,20260629,3313,2,,2026-06-29 18:51:26
927582,863,1,20260629,3313,3,,2026-06-29 18:53:58
927582,863,1,20260629,3313,4,,2026-06-29 18:54:29
927582,863,1,20260629,3313,5,,2026-06-29 18:55:27
927582,863,1,20260629,3313,6,,2026-06-29 18:56:19
927582,863,1,20260629,3313,7,,2026-06-29 18:57:09
927582,863,1,20260629,3313,8,,2026-06-29 18:59:40
927582,863,1,20260629,3313,9,,2026-06-29 19:01:03
927582,863,1,20260629,3313,10,,2026-06-29 19:02:27
927582,863,1,20260629,3313,11,,2026-06-29 19:04:09
927661,894,1,20260629,3353,9,,2026-06-29 18:29:47
927661,894,1,20260629,3353,10,,2026-06-29 18:30:16
927661,894,1,20260629,3353,11,,2026-06-29 18:30:42
927661,894,1,20260629,3353,12,,2026-06-29 18:31:19
927661,894,1,20260629,3353,13,,2026-06-29 18:31:47
927661,894,1,20260629,3353,14,,2026-06-29 18:32:27
927661,894,1,20260629,3353,15,,2026-06-29 18:33:07
927661,894,1,20260629,3353,16,,2026-06-29 18:33:31
927661,894,1,20260629,3353,17,,2026-06-29 18:33:54
927661,894,1,20260629,3353,18,,2026-06-29 18:34:15
927661,894,1,20260629,3353,19,,2026-06-29 18:34:36
927661,894,1,20260629,3353,20,,2026-06-29 18:35:01
927661,894,1,20260629,3353,21,,2026-06-29 18:36:30
927661,894,1,20260629,3353,22,,2026-06-29 18:36:51
927661,894,1,20260629,3353,23,,2026-06-29 18:37:39
927661,894,1,20260629,3353,24,,2026-06-29 18:39:15
927661,894,1,20260629,3353,25,,2026-06-29 18:41:09
927661,894,1,20260629,3353,26,,2026-06-29 18:41:51
927661,894,1,20260629,3353,27,,2026-06-29 18:42:20
927661,894,1,20260629,3353,28,,2026-06-29 18:42:26
927661,894,1,20260629,3353,29,,2026-06-29 18:42:58
927661,894,1,20260629,3353,30,,2026-06-29 18:43:56
927661,894,1,20260629,3353,31,,2026-06-29 18:44:23
927661,894,1,20260629,3353,32,,2026-06-29 18:45:05
927661,894,1,20260629,3353,999,,2026-06-29 18:45:33
927689,T800,0,20260629,3226,14,,2026-06-29 18:28:12
927689,T800,0,20260629,3226,15,,2026-06-29 18:29:28
927689,T800,0,20260629,3226,16,,2026-06-29 18:30:47
927689,T800,0,20260629,3226,17,,2026-06-29 18:32:45
927689,T800,0,20260629,3226,999,,2026-06-29 18:34:40
927695,T800,0,20260629,3354,7,,2026-06-29 18:31:20
927695,T800,0,20260629,3354,8,,2026-06-29 18:33:52
927695,T800,0,20260629,3354,9,,2026-06-29 18:36:11
927695,T800,0,20260629,3354,10,,2026-06-29 18:38:32
927695,T800,0,20260629,3354,11,,2026-06-29 18:39:55
927695,T800,0,20260629,3354,12,,2026-06-29 18:43:13
927695,T800,0,20260629,3354,13,,2026-06-29 18:44:01
927695,T800,0,20260629,3354,14,,2026-06-29 18:44:26
927695,T800,0,20260629,3354,15,,2026-06-29 18:45:34
927695,T800,0,20260629,3354,16,,2026-06-29 18:46:39
927695,T800,0,20260629,3354,17,,2026-06-29 18:48:36
927695,T800,0,20260629,3354,999,,2026-06-29 18:50:33
927696,T800,1,20260629,3233,1,,2026-06-29 19:00:40
927706,T800,0,20260629,3354,6,,2026-06-29 18:38:36
927706,T800,0,20260629,3354,7,,2026-06-29 18:45:02
927706,T800,0,20260629,3354,8,,2026-06-29 18:47:44
927706,T800,0,20260629,3354,9,,2026-06-29 18:50:11
927706,T800,0,20260629,3354,10,,2026-06-29 18:52:22
927706,T800,0,20260629,3354,11,,2026-06-29 18:53:49
927706,T800,0,20260629,3354,12,,2026-06-29 18:56:56
927706,T800,0,20260629,3354,13,,2026-06-29 18:57:43
927706,T800,0,20260629,3354,14,,2026-06-29 18:58:07
927706,T800,0,20260629,3354,15,,2026-06-29 18:58:54
927706,T800,0,20260629,3354,16,,2026-06-29 18:59:40
927706,T800,0,20260629,3354,17,,2026-06-29 19:00:39
927706,T800,0,20260629,3354,999,,2026-06-29 19:02:00
927725,T800,0,20260629,3509,1,,2026-06-29 18:30:00
927725,T800,0,20260629,3509,2,,2026-06-29 18:31:45
927725,T800,0,20260629,3509,3,,2026-06-29 18:35:00
927725,T800,0,20260629,3509,4,,2026-06-29 18:35:38
927725,T800,0,20260629,3509,5,,2026-06-29 18:36:03
927725,T800,0,20260629,3509,6,,2026-06-29 18:52:00
927725,T800,0,20260629,3509,7,,2026-06-29 18:59:23
927752,T800,1,20260629,3505,18,,2026-06-29 18:30:34
927752,T800,1,20260629,3505,999,,2026-06-29 18:32:05
927754,T800,1,20260629,3371,8,,2026-06-29 18:31:46
927754,T800,1,20260629,3371,9,,2026-06-29 18:34:08
927754,T800,1,20260629,3371,10,,2026-06-29 18:36:05
927754,T800,1,20260629,3371,11,,2026-06-29 18:39:53
927754,T800,1,20260629,3371,12,,2026-06-29 18:41:56
927754,T800,1,20260629,3371,13,,2026-06-29 18:48:46
927754,T800,1,20260629,3371,14,,2026-06-29 18:48:54
927764,T800,0,20260629,3376,1,,2026-06-29 18:45:00
927764,T800,0,20260629,3376,2,,2026-06-29 18:46:45
927764,T800,0,20260629,3376,3,,2026-06-29 18:50:00
927764,T800,0,20260629,3376,4,,2026-06-29 18:50:38
927776,T800,1,20260629,3205,13,,2026-06-29 18:31:26
927776,T800,1,20260629,3205,14,,2026-06-29 18:32:23
927776,T800,1,20260629,3205,15,,2026-06-29 18:45:45
927776,T800,1,20260629,3205,16,,2026-06-29 18:46:26
927776,T800,1,20260629,3205,17,,2026-06-29 18:48:16
927776,T800,1,20260629,3205,18,,2026-06-29 18:51:25
927776,T800,1,20260629,3205,999,,2026-06-29 18:53:32
927801,T800,1,20260629,3215,1,,2026-06-29 18:30:00
927801,T800,1,20260629,3215,2,,2026-06-29 18:31:34
927801,T800,1,20260629,3215,3,,2026-06-29 18:34:37
927801,T800,1,20260629,3215,4,,2026-06-29 18:35:29
927801,T800,1,20260629,3215,5,,2026-06-29 18:36:54
927801,T800,1,20260629,3215,6,,2026-06-29 18:38:10
927801,T800,1,20260629,3215,7,,2026-06-29 18:39:07
927801,T800,1,20260629,3215,8,,2026-06-29 18:43:00
927801,T800,1,20260629,3215,9,,2026-06-29 18:45:09
927801,T800,1,20260629,3215,10,,2026-06-29 18:47:07
927801,T800,1,20260629,3215,11,,2026-06-29 18:50:24
927801,T800,1,20260629,3215,12,,2026-06-29 18:52:34
927801,T800,1,20260629,3215,13,,2026-06-29 18:59:24
927801,T800,1,20260629,3215,14,,2026-06-29 18:59:32
927804,T800,1,20260629,3380,1,,2026-06-29 18:45:00
927804,T800,1,20260629,3380,2,,2026-06-29 18:46:24
927804,T800,1,20260629,3380,3,,2026-06-29 18:47:43
927804,T800,1,20260629,3380,4,,2026-06-29 18:48:11
927808,T800,1,20260629,3380,15,,2026-06-29 18:31:50
927808,T800,1,20260629,3380,16,,2026-06-29 18:32:29
927808,T800,1,20260629,3380,17,,2026-06-29 18:33:59
927808,T800,1,20260629,3380,18,,2026-06-29 18:37:23
927808,T800,1,20260629,3380,999,,2026-06-29 18:39:30
927813,T800,1,20260629,3373,15,,2026-06-29 18:33:10
927813,T800,1,20260629,3373,16,,2026-06-29 18:33:50
927813,T800,1,20260629,3373,17,,2026-06-29 18:35:59
927813,T800,1,20260629,3373,18,,2026-06-29 18:39:10
927813,T800,1,20260629,3373,999,,2026-06-29 18:40:57
927840,T801,1,20260629,3220,1,,2026-06-29 18:31:00
927840,T801,1,20260629,3220,2,,2026-06-29 18:33:09
927840,T801,1,20260629,3220,3,,2026-06-29 18:35:00
927840,T801,1,20260629,3220,4,,2026-06-29 18:36:28
927840,T801,1,20260629,3220,5,,2026-06-29 18:37:51
927840,T801,1,20260629,3220,6,,2026-06-29 18:38:20
927840,T801,1,20260629,3220,7,,2026-06-29 18:39:15
927840,T801,1,20260629,3220,8,,2026-06-29 18:40:04
927840,T801,1,20260629,3220,9,,2026-06-29 18:40:52
927840,T801,1,20260629,3220,10,,2026-06-29 18:44:35
927840,T801,1,20260629,3220,11,,2026-06-29 18:47:33
927840,T801,1,20260629,3220,12,,2026-06-29 18:49:58
927853,T801,1,20260629,3202,17,,2026-06-29 18:29:13
927853,T801,1,20260629,3202,18,,2026-06-29 18:30:09
927853,T801,1,20260629,3202,19,,2026-06-29 18:30:42
927853,T801,1,20260629,3202,20,,2026-06-29 18:31:06
927853,T801,1,20260629,3202,21,,2026-06-29 18:31:33
927853,T801,1,20260629,3202,22,,2026-06-29 18:32:36
927853,T801,1,20260629,3202,23,,2026-06-29 18:33:16
927853,T801,1,20260629,3202,24,,2026-06-29 18:34:26
927853,T801,1,20260629,3202,25,,2026-06-29 18:34:58
927853,T801,1,20260629,3202,26,,2026-06-29 18:35:53
927853,T801,1,20260629,3202,27,,2026-06-29 18:37:21
927853,T801,1,20260629,3202,28,,2026-06-29 18:38:56
927853,T801,1,20260629,3202,29,,2026-06-29 18:39:41
927853,T801,1,20260629,3202,30,,2026-06-29 18:41:44
927853,T801,1,20260629,3202,31,,2026-06-29 18:42:51
927853,T801,1,20260629,3202,32,,2026-06-29 18:43:25
927853,T801,1,20260629,3202,33,,2026-06-29 18:44:37
927853,T801,1,20260629,3202,34,,2026-06-29 18:45:10
927853,T801,1,20260629,3202,35,,2026-06-29 18:45:54
927853,T801,1,20260629,3202,36,,2026-06-29 18:46:40
927853,T801,1,20260629,3202,37,,2026-06-29 18:47:45
927853,T801,1,20260629,3202,38,,2026-06-29 18:48:41
927853,T801,1,20260629,3202,39,,2026-06-29 18:49:34
927853,T801,1,20260629,3202,40,,2026-06-29 18:52:26
927853,T801,1,20260629,3202,41,,2026-06-29 18:53:07
927853,T801,1,20260629,3202,42,,2026-06-29 18:54:03
927853,T801,1,20260629,3202,43,,2026-06-29 18:55:13
927853,T801,1,20260629,3202,44,,2026-06-29 18:56:18
927853,T801,1,20260629,3202,45,,2026-06-29 18:57:01
927853,T801,1,20260629,3202,46,,2026-06-29 18:57:58
927866,T842,1,20260629,3217,30,,2026-06-29 18:28:27
927866,T842,1,20260629,3217,31,,2026-06-29 18:29:05
927866,T842,1,20260629,3217,32,,2026-06-29 18:29:42
927866,T842,1,20260629,3217,33,,2026-06-29 18:30:31
927866,T842,1,20260629,3217,34,,2026-06-29 18:31:15
927866,T842,1,20260629,3217,35,,2026-06-29 18:32:10
927866,T842,1,20260629,3217,36,,2026-06-29 18:33:12
927866,T842,1,20260629,3217,37,,2026-06-29 18:34:12
927866,T842,1,20260629,3217,38,,2026-06-29 18:35:23
927866,T842,1,20260629,3217,39,,2026-06-29 18:36:36
927866,T842,1,20260629,3217,999,,2026-06-29 18:37:12
927868,T842,1,20260629,3223,15,,2026-06-29 18:33:15
927868,T842,1,20260629,3223,16,,2026-06-29 18:33:49
927868,T842,1,20260629,3223,17,,2026-06-29 18:35:21
927868,T842,1,20260629,3223,18,,2026-06-29 18:37:41
927868,T842,1,20260629,3223,19,,2026-06-29 18:38:16
927868,T842,1,20260629,3223,20,,2026-06-29 18:40:18
927868,T842,1,20260629,3223,21,,2026-06-29 18:41:01
927868,T842,1,20260629,3223,22,,2026-06-29 18:41:28
927868,T842,1,20260629,3223,23,,2026-06-29 18:42:07
927868,T842,1,20260629,3223,24,,2026-06-29 18:42:19
927868,T842,1,20260629,3223,25,,2026-06-29 18:42:47
927868,T842,1,20260629,3223,26,,2026-06-29 18:43:36
927868,T842,1,20260629,3223,27,,2026-06-29 18:44:45
927868,T842,1,20260629,3223,28,,2026-06-29 18:45:28
927868,T842,1,20260629,3223,999,,2026-06-29 18:46:31
927875,T863,1,20260629,3359,20,,2026-06-29 18:28:43
927875,T863,1,20260629,3359,21,,2026-06-29 18:29:20
927875,T863,1,20260629,3359,22,,2026-06-29 18:30:20
927875,T863,1,20260629,3359,999,,2026-06-29 18:31:01
927878,T863,1,20260629,3207,12,,2026-06-29 18:30:45
927878,T863,1,20260629,3207,13,,2026-06-29 18:37:04
927878,T863,1,20260629,3207,14,,2026-06-29 18:38:29
927878,T863,1,20260629,3207,15,,2026-06-29 18:40:34
927878,T863,1,20260629,3207,16,,2026-06-29 18:41:52
927878,T863,1,20260629,3207,17,,2026-06-29 18:42:15
927878,T863,1,20260629,3207,18,,2026-06-29 18:42:14
927878,T863,1,20260629,3207,19,,2026-06-29 18:43:07
927878,T863,1,20260629,3207,20,,2026-06-29 18:44:18
927878,T863,1,20260629,3207,21,,2026-06-29 18:44:53
927878,T863,1,20260629,3207,22,,2026-06-29 18:46:09
927878,T863,1,20260629,3207,999,,2026-06-29 18:46:48
946018,110,1,20260629,3200,1,,2026-06-29 18:48:56
946018,110,1,20260629,3200,2,,2026-06-29 18:50:56
946018,110,1,20260629,3200,3,,2026-06-29 18:52:06
946018,110,1,20260629,3200,4,,2026-06-29 18:53:41
946018,110,1,20260629,3200,5,,2026-06-29 18:54:42
946018,110,1,20260629,3200,6,,2026-06-29 18:56:35
946018,110,1,20260629,3200,7,,2026-06-29 18:57:31
946018,110,1,20260629,3200,8,,2026-06-29 18:57:56
946018,110,1,20260629,3200,9,,2026-06-29 18:58:24
946018,110,1,20260629,3200,10,,2026-06-29 18:59:19
946018,110,1,20260629,3200,11,,2026-06-29 18:59:38
946037,110,1,20260629,1468,18,,2026-06-29 18:29:08
946037,110,1,20260629,1468,19,,2026-06-29 18:30:02
946037,110,1,20260629,1468,20,,2026-06-29 18:30:34
946037,110,1,20260629,1468,21,,2026-06-29 18:31:03
946037,110,1,20260629,1468,22,,2026-06-29 18:32:28
946037,110,1,20260629,1468,23,,2026-06-29 18:33:18
946037,110,1,20260629,1468,24,,2026-06-29 18:33:47
946037,110,1,20260629,1468,25,,2026-06-29 18:34:14
946037,110,1,20260629,1468,26,,2026-06-29 18:34:32
946037,110,1,20260629,1468,27,,2026-06-29 18:34:52
946037,110,1,20260629,1468,28,,2026-06-29 18:36:15
946037,110,1,20260629,1468,29,,2026-06-29 18:36:53
946037,110,1,20260629,1468,30,,2026-06-29 18:37:58
946037,110,1,20260629,1468,31,,2026-06-29 18:38:29
946037,110,1,20260629,1468,32,,2026-06-29 18:38:55
946037,110,1,20260629,1468,33,,2026-06-29 18:39:18
946037,110,1,20260629,1468,34,,2026-06-29 18:39:38
946037,110,1,20260629,1468,35,,2026-06-29 18:40:18
946037,110,1,20260629,1468,36,,2026-06-29 18:40:50
946037,110,1,20260629,1468,37,,2026-06-29 18:41:31
946037,110,1,20260629,1468,38,,2026-06-29 18:41:50
946037,110,1,20260629,1468,39,,2026-06-29 18:42:43
946037,110,1,20260629,1468,40,,2026-06-29 18:43:56
946037,110,1,20260629,1468,999,,2026-06-29 18:45:14
946041,110,1,20260629,1284,17,,2026-06-29 18:29:04
946041,110,1,20260629,1284,18,,2026-06-29 18:30:26
946041,110,1,20260629,1284,19,,2026-06-29 18:31:20
946041,110,1,20260629,1284,20,,2026-06-29 18:31:52
946041,110,1,20260629,1284,21,,2026-06-29 18:32:20
946041,110,1,20260629,1284,22,,2026-06-29 18:33:44
946041,110,1,20260629,1284,23,,2026-06-29 18:34:31
946041,110,1,20260629,1284,24,,2026-06-29 18:35:02
946041,110,1,20260629,1284,25,,2026-06-29 18:35:28
946041,110,1,20260629,1284,26,,2026-06-29 18:35:49
946041,110,1,20260629,1284,27,,2026-06-29 18:36:09
946041,110,1,20260629,1284,28,,2026-06-29 18:37:34
946041,110,1,20260629,1284,29,,2026-06-29 18:38:13
946041,110,1,20260629,1284,30,,2026-06-29 18:39:18
946041,110,1,20260629,1284,31,,2026-06-29 18:39:46
946041,110,1,20260629,1284,32,,2026-06-29 18:40:11
946041,110,1,20260629,1284,33,,2026-06-29 18:40:31
946041,110,1,20260629,1284,34,,2026-06-29 18:40:54
946041,110,1,20260629,1284,35,,2026-06-29 18:41:28
946041,110,1,20260629,1284,36,,2026-06-29 18:41:59
946041,110,1,20260629,1284,37,,2026-06-29 18:42:24
946041,110,1,20260629,1284,38,,2026-06-29 18:42:59
946041,110,1,20260629,1284,39,,2026-06-29 18:43:40
946041,110,1,20260629,1284,40,,2026-06-29 18:44:33
946041,110,1,20260629,1284,999,,2026-06-29 18:45:33
946044,110,1,20260629,1406,6,,2026-06-29 18:28:19
946044,110,1,20260629,1406,7,,2026-06-29 18:30:28
946044,110,1,20260629,1406,8,,2026-06-29 18:30:46
946044,110,1,20260629,1406,9,,2026-06-29 18:31:03
946044,110,1,20260629,1406,10,,2026-06-29 18:31:44
946044,110,1,20260629,1406,11,,2026-06-29 18:33:42
946044,110,1,20260629,1406,12,,2026-06-29 18:34:23
946044,110,1,20260629,1406,13,,2026-06-29 18:36:31
946044,110,1,20260629,1406,14,,2026-06-29 18:37:10
946044,110,1,20260629,1406,15,,2026-06-29 18:37:44
946044,110,1,20260629,1406,16,,2026-06-29 18:38:42
946044,110,1,20260629,1406,17,,2026-06-29 18:39:38
946044,110,1,20260629,1406,18,,2026-06-29 18:40:54
946044,110,1,20260629,1406,19,,2026-06-29 18:41:40
946044,110,1,20260629,1406,20,,2026-06-29 18:42:23
946044,110,1,20260629,1406,21,,2026-06-29 18:42:53
946044,110,1,20260629,1406,22,,2026-06-29 18:44:05
946044,110,1,20260629,1406,23,,2026-06-29 18:45:04
946044,110,1,20260629,1406,24,,2026-06-29 18:45:31
946044,110,1,20260629,1406,25,,2026-06-29 18:46:00
946044,110,1,20260629,1406,26,,2026-06-29 18:46:21
946044,110,1,20260629,1406,27,,2026-06-29 18:46:43
946044,110,1,20260629,1406,28,,2026-06-29 18:48:04
946044,110,1,20260629,1406,29,,2026-06-29 18:49:05
946044,110,1,20260629,1406,30,,2026-06-29 18:49:36
946044,110,1,20260629,1406,31,,2026-06-29 18:50:26
946044,110,1,20260629,1406,32,,2026-06-29 18:51:07
946044,110,1,20260629,1406,33,,2026-06-29 18:51:53
946044,110,1,20260629,1406,34,,2026-06-29 18:52:38
946044,110,1,20260629,1406,35,,2026-06-29 18:53:18
946044,110,1,20260629,1406,36,,2026-06-29 18:53:55
946044,110,1,20260629,1406,37,,2026-06-29 18:54:37
946044,110,1,20260629,1406,38,,2026-06-29 18:55:35
946044,110,1,20260629,1406,39,,2026-06-29 18:56:17
946044,110,1,20260629,1406,40,,2026-06-29 18:57:44
946052,110,1,20260629,1409,1,,2026-06-29 18:34:04
946052,110,1,20260629,1409,2,,2026-06-29 18:35:15
946052,110,1,20260629,1409,3,,2026-06-29 18:37:19
946052,110,1,20260629,1409,4,,2026-06-29 18:39:00
946052,110,1,20260629,1409,5,,2026-06-29 18:41:11
946052,110,1,20260629,1409,6,,2026-06-29 18:42:43
946052,110,1,20260629,1409,7,,2026-06-29 18:44:52
946052,110,1,20260629,1409,8,,2026-06-29 18:45:09
946052,110,1,20260629,1409,9,,2026-06-29 18:45:27
946052,110,1,20260629,1409,10,,2026-06-29 18:46:08
946052,110,1,20260629,1409,11,,2026-06-29 18:48:02
946052,110,1,20260629,1409,12,,2026-06-29 18:48:27
946052,110,1,20260629,1409,13,,2026-06-29 18:51:10
946052,110,1,20260629,1409,14,,2026-06-29 18:51:45
946052,110,1,20260629,1409,15,,2026-06-29 18:52:17
946052,110,1,20260629,1409,16,,2026-06-29 18:53:18
946052,110,1,20260629,1409,17,,2026-06-29 18:54:07
946052,110,1,20260629,1409,18,,2026-06-29 18:55:25
946052,110,1,20260629,1409,19,,2026-06-29 18:56:34
946052,110,1,20260629,1409,20,,2026-06-29 18:57:36
946052,110,1,20260629,1409,21,,2026-06-29 18:58:15
946052,110,1,20260629,1409,22,,2026-06-29 18:59:24
946052,110,1,20260629,1409,23,,2026-06-29 19:00:30
946052,110,1,20260629,1409,24,,2026-06-29 19:01:06
946052,110,1,20260629,1409,25,,2026-06-29 19:01:50
946052,110,1,20260629,1409,26,,2026-06-29 19:02:10
946052,110,1,20260629,1409,27,,2026-06-29 19:02:36
946052,110,1,20260629,1409,28,,2026-06-29 19:03:29
946052,110,1,20260629,1409,29,,2026-06-29 19:04:29
946052,110,1,20260629,1409,30,,2026-06-29 19:05:00
946052,110,1,20260629,1409,31,,2026-06-29 19:05:50
946074,110,0,20260629,1410,1,,2026-06-29 18:31:00
946074,110,0,20260629,1410,2,,2026-06-29 18:31:55
946074,110,0,20260629,1410,3,,2026-06-29 18:32:22
946074,110,0,20260629,1410,4,,2026-06-29 18:33:33
946074,110,0,20260629,1410,5,,2026-06-29 18:34:22
946074,110,0,20260629,1410,6,,2026-06-29 18:34:55
946074,110,0,20260629,1410,7,,2026-06-29 18:35:26
946074,110,0,20260629,1410,8,,2026-06-29 18:35:59
946074,110,0,20260629,1410,9,,2026-06-29 18:36:37
946074,110,0,20260629,1410,10,,2026-06-29 18:37:21
946074,110,0,20260629,1410,11,,2026-06-29 18:37:52
946074,110,0,20260629,1410,12,,2026-06-29 18:38:32
946074,110,0,20260629,1410,13,,2026-06-29 18:39:00
946074,110,0,20260629,1410,14,,2026-06-29 18:39:50
946074,110,0,20260629,1410,15,,2026-06-29 18:40:42
946074,110,0,20260629,1410,16,,2026-06-29 18:41:09
946074,110,0,20260629,1410,17,,2026-06-29 18:41:30
946074,110,0,20260629,1410,18,,2026-06-29 18:41:58
946074,110,0,20260629,1410,19,,2026-06-29 18:42:36
946074,110,0,20260629,1410,20,,2026-06-29 18:43:37
946074,110,0,20260629,1410,21,,2026-06-29 18:44:29
946074,110,0,20260629,1410,22,,2026-06-29 18:45:04
946074,110,0,20260629,1410,23,,2026-06-29 18:45:54
946074,110,0,20260629,1410,24,,2026-06-29 18:47:00
946074,110,0,20260629,1410,25,,2026-06-29 18:47:42
946074,110,0,20260629,1410,26,,2026-06-29 18:48:16
946074,110,0,20260629,1410,27,,2026-06-29 18:49:13
946074,110,0,20260629,1410,28,,2026-06-29 18:50:25
946074,110,0,20260629,1410,29,,2026-06-29 18:52:05
946074,110,0,20260629,1410,30,,2026-06-29 18:53:25
946074,110,0,20260629,1410,31,,2026-06-29 18:53:51
946074,110,0,20260629,1410,32,,2026-06-29 18:54:06
946074,110,0,20260629,1410,33,,2026-06-29 18:54:55
946074,110,0,20260629,1410,34,,2026-06-29 18:55:15
946074,110,0,20260629,1410,35,,2026-06-29 18:55:40
946074,110,0,20260629,1410,999,,2026-06-29 18:58:00
946103,110,0,20260629,1489,26,,2026-06-29 18:28:03
946103,110,0,20260629,1489,27,,2026-06-29 18:28:33
946103,110,0,20260629,1489,28,,2026-06-29 18:30:27
946103,110,0,20260629,1489,29,,2026-06-29 18:31:02
946103,110,0,20260629,1489,30,,2026-06-29 18:32:21
946103,110,0,20260629,1489,31,,2026-06-29 18:33:04
946103,110,0,20260629,1489,32,,2026-06-29 18:33:03
946103,110,0,20260629,1489,33,,2026-06-29 18:34:04
946103,110,0,20260629,1489,34,,2026-06-29 18:34:28
946103,110,0,20260629,1489,35,,2026-06-29 18:34:48
946103,110,0,20260629,1489,999,,2026-06-29 18:37:51
946107,110,0,20260629,1429,4,,2026-06-29 18:29:10
946107,110,0,20260629,1429,5,,2026-06-29 18:29:42
946107,110,0,20260629,1429,6,,2026-06-29 18:30:05
946107,110,0,20260629,1429,7,,2026-06-29 18:30:23
946107,110,0,20260629,1429,8,,2026-06-29 18:30:50
946107,110,0,20260629,1429,9,,2026-06-29 18:31:13
946107,110,0,20260629,1429,10,,2026-06-29 18:31:38
946107,110,0,20260629,1429,11,,2026-06-29 18:31:57
946107,110,0,20260629,1429,12,,2026-06-29 18:32:21
946107,110,0,20260629,1429,13,,2026-06-29 18:32:59
946107,110,0,20260629,1429,14,,2026-06-29 18:33:43
946107,110,0,20260629,1429,15,,2026-06-29 18:34:39
946107,110,0,20260629,1429,16,,2026-06-29 18:34:59
946107,110,0,20260629,1429,17,,2026-06-29 18:35:14
946107,110,0,20260629,1429,18,,2026-06-29 18:35:30
946107,110,0,20260629,1429,19,,2026-06-29 18:35:53
946107,110,0,20260629,1429,20,,2026-06-29 18:36:40
946107,110,0,20260629,1429,21,,2026-06-29 18:38:17
946107,110,0,20260629,1429,22,,2026-06-29 18:38:46
946107,110,0,20260629,1429,23,,2026-06-29 18:39:22
946107,110,0,20260629,1429,24,,2026-06-29 18:40:05
946107,110,0,20260629,1429,25,,2026-06-29 18:41:00
946107,110,0,20260629,1429,26,,2026-06-29 18:41:20
946107,110,0,20260629,1429,27,,2026-06-29 18:41:51
946107,110,0,20260629,1429,28,,2026-06-29 18:43:40
946107,110,0,20260629,1429,29,,2026-06-29 18:44:35
946107,110,0,20260629,1429,30,,2026-06-29 18:45:55
946107,110,0,20260629,1429,31,,2026-06-29 18:46:21
946107,110,0,20260629,1429,32,,2026-06-29 18:46:36
946107,110,0,20260629,1429,33,,2026-06-29 18:47:25
946107,110,0,20260629,1429,34,,2026-06-29 18:47:45
946107,110,0,20260629,1429,35,,2026-06-29 18:48:10
946107,110,0,20260629,1429,999,,2026-06-29 18:50:30
946131,112,1,20260629,1422,18,,2026-06-29 18:29:17
946131,112,1,20260629,1422,19,,2026-06-29 18:30:07
946131,112,1,20260629,1422,20,,2026-06-29 18:30:43
946131,112,1,20260629,1422,21,,2026-06-29 18:31:11
946131,112,1,20260629,1422,22,,2026-06-29 18:32:19
946131,112,1,20260629,1422,23,,2026-06-29 18:33:04
946131,112,1,20260629,1422,24,,2026-06-29 18:33:37
946131,112,1,20260629,1422,25,,2026-06-29 18:34:14
946131,112,1,20260629,1422,26,,2026-06-29 18:34:36
946131,112,1,20260629,1422,27,,2026-06-29 18:34:56
946131,112,1,20260629,1422,28,,2026-06-29 18:35:55
946131,112,1,20260629,1422,29,,2026-06-29 18:36:27
946131,112,1,20260629,1422,30,,2026-06-29 18:36:56
946131,112,1,20260629,1422,31,,2026-06-29 18:37:27
946131,112,1,20260629,1422,32,,2026-06-29 18:38:01
946131,112,1,20260629,1422,33,,2026-06-29 18:38:31
946131,112,1,20260629,1422,34,,2026-06-29 18:39:12
946131,112,1,20260629,1422,35,,2026-06-29 18:39:44
946131,112,1,20260629,1422,36,,2026-06-29 18:40:02
946131,112,1,20260629,1422,37,,2026-06-29 18:40:54
946131,112,1,20260629,1422,38,,2026-06-29 18:41:18
946131,112,1,20260629,1422,39,,2026-06-29 18:41:38
946131,112,1,20260629,1422,40,,2026-06-29 18:41:54
946131,112,1,20260629,1422,41,,2026-06-29 18:42:18
946131,112,1,20260629,1422,42,,2026-06-29 18:42:39
946131,112,1,20260629,1422,43,,2026-06-29 18:42:41
946131,112,1,20260629,1422,44,,2026-06-29 18:43:22
946131,112,1,20260629,1422,45,,2026-06-29 18:44:10
946131,112,1,20260629,1422,46,,2026-06-29 18:44:45
946131,112,1,20260629,1422,47,,2026-06-29 18:45:30
946131,112,1,20260629,1422,48,,2026-06-29 18:46:11
946131,112,1,20260629,1422,49,,2026-06-29 18:46:45
946131,112,1,20260629,1422,999,,2026-06-29 18:47:23
951313,500,1,20260629,1413,17,,2026-06-29 18:28:53
951313,500,1,20260629,1413,18,,2026-06-29 18:29:43
951313,500,1,20260629,1413,19,,2026-06-29 18:30:28
951313,500,1,20260629,1413,20,,2026-06-29 18:30:56
951313,500,1,20260629,1413,21,,2026-06-29 18:31:45
951313,500,1,20260629,1413,22,,2026-06-29 18:32:22
951313,500,1,20260629,1413,23,,2026-06-29 18:32:47
951313,500,1,20260629,1413,24,,2026-06-29 18:33:24
951313,500,1,20260629,1413,25,,2026-06-29 18:34:21
951313,500,1,20260629,1413,26,,2026-06-29 18:34:50
951313,500,1,20260629,1413,27,,2026-06-29 18:35:20
951313,500,1,20260629,1413,28,,2026-06-29 18:35:56
951313,500,1,20260629,1413,29,,2026-06-29 18:36:29
951313,500,1,20260629,1413,30,,2026-06-29 18:36:58
951313,500,1,20260629,1413,31,,2026-06-29 18:37:23
951313,500,1,20260629,1413,32,,2026-06-29 18:37:57
951313,500,1,20260629,1413,33,,2026-06-29 18:38:17
951313,500,1,20260629,1413,34,,2026-06-29 18:38:41
951313,500,1,20260629,1413,35,,2026-06-29 18:39:07
951313,500,1,20260629,1413,36,,2026-06-29 18:40:44
951313,500,1,20260629,1413,37,,2026-06-29 18:41:09
951313,500,1,20260629,1413,38,,2026-06-29 18:41:31
951313,500,1,20260629,1413,39,,2026-06-29 18:41:53
951313,500,1,20260629,1413,40,,2026-06-29 18:42:35
951313,500,1,20260629,1413,41,,2026-06-29 18:45:20
951313,500,1,20260629,1413,42,,2026-06-29 18:49:44
951313,500,1,20260629,1413,43,,2026-06-29 18:55:23
951313,500,1,20260629,1413,44,,2026-06-29 18:58:32
951315,501,0,20260629,1426,10,,2026-06-29 18:28:33
951315,501,0,20260629,1426,11,,2026-06-29 18:29:05
951315,501,0,20260629,1426,12,,2026-06-29 18:31:39
951315,501,0,20260629,1426,13,,2026-06-29 18:32:00
951315,501,0,20260629,1426,14,,2026-06-29 18:32:34
951315,501,0,20260629,1426,15,,2026-06-29 18:33:09
951315,501,0,20260629,1426,16,,2026-06-29 18:34:23
951315,501,0,20260629,1426,17,,2026-06-29 18:34:56
951315,501,0,20260629,1426,18,,2026-06-29 18:35:36
951315,501,0,20260629,1426,19,,2026-06-29 18:37:11
951315,501,0,20260629,1426,20,,2026-06-29 18:38:56
951315,501,0,20260629,1426,21,,2026-06-29 18:39:52
951315,501,0,20260629,1426,22,,2026-06-29 18:42:13
951315,501,0,20260629,1426,999,,2026-06-29 18:46:01
951341,501,1,20260629,5718,5,,2026-06-29 18:32:48
951341,501,1,20260629,5718,6,,2026-06-29 18:36:15
951341,501,1,20260629,5718,7,,2026-06-29 18:40:24
951341,501,1,20260629,5718,8,,2026-06-29 18:42:52
951341,501,1,20260629,5718,9,,2026-06-29 18:43:53
951341,501,1,20260629,5718,10,,2026-06-29 18:45:30
951341,501,1,20260629,5718,11,,2026-06-29 18:46:18
951341,501,1,20260629,5718,12,,2026-06-29 18:47:08
951341,501,1,20260629,5718,13,,2026-06-29 18:47:28
951341,501,1,20260629,5718,14,,2026-06-29 18:48:11
951341,501,1,20260629,5718,15,,2026-06-29 18:48:59
951341,501,1,20260629,5718,16,,2026-06-29 18:49:43
951341,501,1,20260629,5718,17,,2026-06-29 18:50:30
951341,501,1,20260629,5718,18,,2026-06-29 18:52:01
951341,501,1,20260629,5718,19,,2026-06-29 18:52:51
951341,501,1,20260629,5718,20,,2026-06-29 18:53:37
951341,501,1,20260629,5718,21,,2026-06-29 18:54:41
951341,501,1,20260629,5718,22,,2026-06-29 18:55:27
951341,501,1,20260629,5718,23,,2026-06-29 18:56:14
951341,501,1,20260629,5718,24,,2026-06-29 18:57:23
951341,501,1,20260629,5718,25,,2026-06-29 18:58:31
951341,501,1,20260629,5718,26,,2026-06-29 18:59:21
951341,501,1,20260629,5718,27,,2026-06-29 19:00:04
951341,501,1,20260629,5718,28,,2026-06-29 19:01:01
951341,501,1,20260629,5718,999,,2026-06-29 19:02:50
951352,501,0,20260629,1423,999,,2026-06-29 18:28:14
951365,501,1,20260629,1486,999,,2026-06-29 18:28:30
951366,501,0,20260629,1462,1,,2026-06-29 18:33:30
951366,501,0,20260629,1462,2,,2026-06-29 18:35:25
951366,501,0,20260629,1462,3,,2026-06-29 18:36:36
951366,501,0,20260629,1462,4,,2026-06-29 18:38:08
951366,501,0,20260629,1462,5,,2026-06-29 18:39:53
951366,501,0,20260629,1462,6,,2026-06-29 18:40:13
951366,501,0,20260629,1462,7,,2026-06-29 18:40:53
951366,501,0,20260629,1462,8,,2026-06-29 18:41:23
951366,501,0,20260629,1462,9,,2026-06-29 18:42:22
951366,501,0,20260629,1462,10,,2026-06-29 18:42:35
951366,501,0,20260629,1462,11,,2026-06-29 18:43:09
951366,501,0,20260629,1462,12,,2026-06-29 18:45:46
951366,501,0,20260629,1462,13,,2026-06-29 18:46:18
951366,501,0,20260629,1462,14,,2026-06-29 18:46:43
951366,501,0,20260629,1462,15,,2026-06-29 18:46:57
951366,501,0,20260629,1462,16,,2026-06-29 18:47:59
951366,501,0,20260629,1462,17,,2026-06-29 18:48:30
951366,501,0,20260629,1462,18,,2026-06-29 18:49:15
951366,501,0,20260629,1462,19,,2026-06-29 18:50:08
951366,501,0,20260629,1462,20,,2026-06-29 18:51:39
951366,501,0,20260629,1462,21,,2026-06-29 18:53:13
951366,501,0,20260629,1462,22,,2026-06-29 18:56:20
951374,501,1,20260629,1462,1,,2026-06-29 18:50:30
951374,501,1,20260629,1462,2,,2026-06-29 18:51:35
951374,501,1,20260629,1462,3,,2026-06-29 18:53:21
951374,501,1,20260629,1462,4,,2026-06-29 18:55:08
951406,502,0,20260629,1422,12,,2026-06-29 18:28:11
951406,502,0,20260629,1422,13,,2026-06-29 18:29:12
951406,502,0,20260629,1422,14,,2026-06-29 18:30:00
951406,502,0,20260629,1422,15,,2026-06-29 18:30:38
951406,502,0,20260629,1422,16,,2026-06-29 18:31:17
951406,502,0,20260629,1422,17,,2026-06-29 18:31:41
951406,502,0,20260629,1422,18,,2026-06-29 18:32:04
951406,502,0,20260629,1422,19,,2026-06-29 18:32:38
951406,502,0,20260629,1422,20,,2026-06-29 18:33:13
951406,502,0,20260629,1422,21,,2026-06-29 18:33:32
951406,502,0,20260629,1422,22,,2026-06-29 18:34:24
951406,502,0,20260629,1422,23,,2026-06-29 18:35:55
951406,502,0,20260629,1422,24,,2026-06-29 18:36:28
951406,502,0,20260629,1422,25,,2026-06-29 18:36:53
951406,502,0,20260629,1422,26,,2026-06-29 18:37:10
951406,502,0,20260629,1422,27,,2026-06-29 18:37:52
951406,502,0,20260629,1422,28,,2026-06-29 18:38:20
951406,502,0,20260629,1422,29,,2026-06-29 18:38:43
951406,502,0,20260629,1422,30,,2026-06-29 18:39:30
951406,502,0,20260629,1422,31,,2026-06-29 18:39:54
951406,502,0,20260629,1422,32,,2026-06-29 18:40:40
951406,502,0,20260629,1422,33,,2026-06-29 18:41:13
951406,502,0,20260629,1422,34,,2026-06-29 18:41:33
951406,502,0,20260629,1422,35,,2026-06-29 18:43:17
951406,502,0,20260629,1422,36,,2026-06-29 18:45:07
951406,502,0,20260629,1422,37,,2026-06-29 18:46:02
951406,502,0,20260629,1422,38,,2026-06-29 18:49:09
951406,502,0,20260629,1422,39,,2026-06-29 18:52:57
951406,502,0,20260629,1422,40,,2026-06-29 18:55:57
951412,502,0,20260629,1408,36,,2026-06-29 18:29:42
951412,502,0,20260629,1408,37,,2026-06-29 18:30:36
951412,502,0,20260629,1408,38,,2026-06-29 18:32:57
951412,502,0,20260629,1408,39,,2026-06-29 18:37:32
951412,502,0,20260629,1408,40,,2026-06-29 18:41:14
951412,502,0,20260629,1408,999,,2026-06-29 18:48:56
951419,502,0,20260629,1468,1,,2026-06-29 18:46:00
951419,502,0,20260629,1468,2,,2026-06-29 18:46:40
951419,502,0,20260629,1468,3,,2026-06-29 18:48:01
951419,502,0,20260629,1468,4,,2026-06-29 18:49:09
951419,502,0,20260629,1468,5,,2026-06-29 18:49:56
951419,502,0,20260629,1468,6,,2026-06-29 18:50:29
951419,502,0,20260629,1468,7,,2026-06-29 18:51:15
951419,502,0,20260629,1468,8,,2026-06-29 18:51:42
951419,502,0,20260629,1468,9,,2026-06-29 18:52:14
951419,502,0,20260629,1468,10,,2026-06-29 18:52:50
951419,502,0,20260629,1468,11,,2026-06-29 18:53:28
951419,502,0,20260629,1468,12,,2026-06-29 18:54:26
951419,502,0,20260629,1468,13,,2026-06-29 18:54:56
951419,502,0,20260629,1468,14,,2026-06-29 18:55:52
951419,502,0,20260629,1468,15,,2026-06-29 18:56:20
951419,502,0,20260629,1468,16,,2026-06-29 18:57:00
951444,502,0,20260629,1411,999,,2026-06-29 18:34:04
951466,502,1,20260629,1410,1,,2026-06-29 18:58:00
951466,502,1,20260629,1410,2,,2026-06-29 18:58:55
951466,502,1,20260629,1410,3,,2026-06-29 19:00:26
951466,502,1,20260629,1410,4,,2026-06-29 19:01:58
951479,502,1,20260629,1489,8,,2026-06-29 18:30:34
951479,502,1,20260629,1489,9,,2026-06-29 18:34:54
951479,502,1,20260629,1489,10,,2026-06-29 18:37:15
951479,502,1,20260629,1489,11,,2026-06-29 18:38:48
951479,502,1,20260629,1489,12,,2026-06-29 18:39:51
951479,502,1,20260629,1489,13,,2026-06-29 18:40:41
951479,502,1,20260629,1489,14,,2026-06-29 18:41:38
951479,502,1,20260629,1489,15,,2026-06-29 18:42:06
951479,502,1,20260629,1489,16,,2026-06-29 18:43:04
951479,502,1,20260629,1489,17,,2026-06-29 18:43:32
951479,502,1,20260629,1489,18,,2026-06-29 18:44:33
951479,502,1,20260629,1489,19,,2026-06-29 18:45:16
951479,502,1,20260629,1489,20,,2026-06-29 18:46:04
951479,502,1,20260629,1489,21,,2026-06-29 18:46:24
951479,502,1,20260629,1489,22,,2026-06-29 18:47:01
951479,502,1,20260629,1489,23,,2026-06-29 18:47:30
951479,502,1,20260629,1489,24,,2026-06-29 18:48:18
951479,502,1,20260629,1489,25,,2026-06-29 18:49:09
951479,502,1,20260629,1489,26,,2026-06-29 18:49:57
951479,502,1,20260629,1489,27,,2026-06-29 18:50:37
951479,502,1,20260629,1489,28,,2026-06-29 18:51:28
951479,502,1,20260629,1489,29,,2026-06-29 18:52:14
951479,502,1,20260629,1489,30,,2026-06-29 18:53:02
951479,502,1,20260629,1489,31,,2026-06-29 18:53:41
951479,502,1,20260629,1489,32,,2026-06-29 18:54:23
951479,502,1,20260629,1489,33,,2026-06-29 18:54:48
951479,502,1,20260629,1489,34,,2026-06-29 18:55:45
951479,502,1,20260629,1489,35,,2026-06-29 18:56:13
951479,502,1,20260629,1489,36,,2026-06-29 18:57:18
951479,502,1,20260629,1489,37,,2026-06-29 18:57:50
951479,502,1,20260629,1489,38,,2026-06-29 18:58:37
951479,502,1,20260629,1489,39,,2026-06-29 18:59:04
951479,502,1,20260629,1489,40,,2026-06-29 18:59:38
951479,502,1,20260629,1489,41,,2026-06-29 19:00:16
951494,502,1,20260629,1431,1,,2026-06-29 18:39:00
951494,502,1,20260629,1431,2,,2026-06-29 18:40:05
951494,502,1,20260629,1431,3,,2026-06-29 18:40:38
951494,502,1,20260629,1431,4,,2026-06-29 18:41:49
951494,502,1,20260629,1431,5,,2026-06-29 18:44:17
951494,502,1,20260629,1431,6,,2026-06-29 18:46:04
951494,502,1,20260629,1431,7,,2026-06-29 18:55:10
951494,502,1,20260629,1431,8,,2026-06-29 18:58:10
951498,502,1,20260629,1429,5,,2026-06-29 18:30:17
951498,502,1,20260629,1429,6,,2026-06-29 18:32:54
951498,502,1,20260629,1429,7,,2026-06-29 18:39:40
951498,502,1,20260629,1429,8,,2026-06-29 18:43:20
951498,502,1,20260629,1429,9,,2026-06-29 18:47:08
951498,502,1,20260629,1429,10,,2026-06-29 18:50:08
951498,502,1,20260629,1429,11,,2026-06-29 18:51:45
951498,502,1,20260629,1429,12,,2026-06-29 18:53:21
951498,502,1,20260629,1429,13,,2026-06-29 18:54:12
951498,502,1,20260629,1429,14,,2026-06-29 18:55:05
951498,502,1,20260629,1429,15,,2026-06-29 18:55:26
951498,502,1,20260629,1429,16,,2026-06-29 18:56:02
951498,502,1,20260629,1429,17,,2026-06-29 18:56:58
951498,502,1,20260629,1429,18,,2026-06-29 18:58:03
951510,502,1,20260629,1427,6,,2026-06-29 18:28:50
951510,502,1,20260629,1427,7,,2026-06-29 18:36:13
951510,502,1,20260629,1427,8,,2026-06-29 18:39:40
951510,502,1,20260629,1427,9,,2026-06-29 18:43:55
951510,502,1,20260629,1427,10,,2026-06-29 18:46:39
951510,502,1,20260629,1427,11,,2026-06-29 18:47:34
951510,502,1,20260629,1427,12,,2026-06-29 18:49:10
951510,502,1,20260629,1427,13,,2026-06-29 18:50:06
951510,502,1,20260629,1427,14,,2026-06-29 18:51:04
951510,502,1,20260629,1427,15,,2026-06-29 18:51:28
951510,502,1,20260629,1427,16,,2026-06-29 18:52:08
951510,502,1,20260629,1427,17,,2026-06-29 18:53:10
951510,502,1,20260629,1427,18,,2026-06-29 18:54:22
951510,502,1,20260629,1427,19,,2026-06-29 18:55:12
951510,502,1,20260629,1427,20,,2026-06-29 18:55:57
951510,502,1,20260629,1427,21,,2026-06-29 18:57:01
951510,502,1,20260629,1427,22,,2026-06-29 18:57:45
952909,98C,0,20260629,1831,999,,2026-06-29 18:30:00
952909,98C,0,20260629,1831,2,,2026-06-29 18:30:39
952909,98C,0,20260629,1831,3,,2026-06-29 18:32:13
952909,98C,0,20260629,1831,4,,2026-06-29 18:33:00
952909,98C,0,20260629,1831,5,,2026-06-29 18:34:13
952909,98C,0,20260629,1831,6,,2026-06-29 18:35:45
952909,98C,0,20260629,1831,7,,2026-06-29 18:36:14
952909,98C,0,20260629,1831,8,,2026-06-29 18:37:08
952909,98C,0,20260629,1831,9,,2026-06-29 18:37:37
952909,98C,0,20260629,1831,10,,2026-06-29 18:39:15
952909,98C,0,20260629,1831,11,,2026-06-29 18:42:08
952909,98C,0,20260629,1831,12,,2026-06-29 18:43:12
952909,98C,0,20260629,1831,13,,2026-06-29 18:44:52
952909,98C,0,20260629,1831,14,,2026-06-29 18:46:55
952909,98C,0,20260629,1831,15,,2026-06-29 18:48:03
952909,98C,0,20260629,1831,16,,2026-06-29 18:49:53
952909,98C,0,20260629,1831,17,,2026-06-29 18:51:40
952909,98C,0,20260629,1831,18,,2026-06-29 18:52:53
952909,98C,0,20260629,1831,19,,2026-06-29 18:54:33
952914,98C,0,20260629,1936,19,,2026-06-29 18:28:36
952914,98C,0,20260629,1936,20,,2026-06-29 18:31:34
952914,98C,0,20260629,1936,21,,2026-06-29 18:34:02
952914,98C,0,20260629,1936,22,,2026-06-29 18:36:08
952914,98C,0,20260629,1936,23,,2026-06-29 18:37:46
952914,98C,0,20260629,1936,24,,2026-06-29 18:40:54
952914,98C,0,20260629,1936,25,,2026-06-29 18:42:12
952914,98C,0,20260629,1936,26,,2026-06-29 18:43:26
952914,98C,0,20260629,1936,27,,2026-06-29 18:44:21
952914,98C,0,20260629,1936,28,,2026-06-29 18:46:52
952914,98C,0,20260629,1936,29,,2026-06-29 18:48:12
952914,98C,0,20260629,1936,30,,2026-06-29 18:49:40
952914,98C,0,20260629,1936,31,,2026-06-29 18:50:31
952914,98C,0,20260629,1936,32,,2026-06-29 18:52:00
952914,98C,0,20260629,1936,999,,2026-06-29 18:52:47
952968,99C,0,20260629,5819,11,,2026-06-29 18:29:21
952968,99C,0,20260629,5819,12,,2026-06-29 18:30:27
952968,99C,0,20260629,5819,13,,2026-06-29 18:33:08
952968,99C,0,20260629,5819,14,,2026-06-29 18:33:51
952968,99C,0,20260629,5819,15,,2026-06-29 18:35:48
952968,99C,0,20260629,5819,999,,2026-06-29 18:36:46
952969,99C,0,20260629,1929,999,,2026-06-29 18:36:46
952969,99C,0,20260629,1929,2,,2026-06-29 18:37:36
952969,99C,0,20260629,1929,3,,2026-06-29 18:39:26
952969,99C,0,20260629,1929,4,,2026-06-29 18:42:31
952969,99C,0,20260629,1929,5,,2026-06-29 18:44:44
952969,99C,0,20260629,1929,6,,2026-06-29 18:45:50
952969,99C,0,20260629,1929,7,,2026-06-29 18:48:20
952969,99C,0,20260629,1929,8,,2026-06-29 18:49:35
952969,99C,0,20260629,1929,9,,2026-06-29 18:50:39
952969,99C,0,20260629,1929,10,,2026-06-29 18:52:19
953280,G20X,1,20260629,1929,13,,2026-06-29 18:28:43
953280,G20X,1,20260629,1929,14,,2026-06-29 18:30:00
953280,G20X,1,20260629,1929,15,,2026-06-29 18:34:25
953280,G20X,1,20260629,1929,16,,2026-06-29 18:35:27
953280,G20X,1,20260629,1929,17,,2026-06-29 18:35:59
953280,G20X,1,20260629,1929,18,,2026-06-29 18:36:47
953280,G20X,1,20260629,1929,19,,2026-06-29 18:38:08
953280,G20X,1,20260629,1929,20,,2026-06-29 18:38:38
953280,G20X,1,20260629,1929,21,,2026-06-29 18:39:08
953280,G20X,1,20260629,1929,22,,2026-06-29 18:39:31
953280,G20X,1,20260629,1929,23,,2026-06-29 18:39:55
953280,G20X,1,20260629,1929,24,,2026-06-29 18:41:33
953280,G20X,1,20260629,1929,25,,2026-06-29 18:42:05
953280,G20X,1,20260629,1929,26,,2026-06-29 18:42:10
953280,G20X,1,20260629,1929,27,,2026-06-29 18:43:33
953280,G20X,1,20260629,1929,28,,2026-06-29 18:43:56
953280,G20X,1,20260629,1929,29,,2026-06-29 18:44:30
953280,G20X,1,20260629,1929,30,,2026-06-29 18:45:28
953280,G20X,1,20260629,1929,31,,2026-06-29 18:46:07
953280,G20X,1,20260629,1929,32,,2026-06-29 18:46:46
953280,G20X,1,20260629,1929,33,,2026-06-29 18:47:44
953280,G20X,1,20260629,1929,34,,2026-06-29 18:48:16
953280,G20X,1,20260629,1929,35,,2026-06-29 18:48:39
953280,G20X,1,20260629,1929,36,,2026-06-29 18:49:03
953280,G20X,1,20260629,1929,37,,2026-06-29 18:49:28
953280,G20X,1,20260629,1929,38,,2026-06-29 18:50:01
953280,G20X,1,20260629,1929,39,,2026-06-29 18:50:37
953280,G20X,1,20260629,1929,40,,2026-06-29 18:51:06
953280,G20X,1,20260629,1929,41,,2026-06-29 18:51:50
953280,G20X,1,20260629,1929,42,,2026-06-29 18:52:14
953280,G20X,1,20260629,1929,43,,2026-06-29 18:52:59
953280,G20X,1,20260629,1929,44,,2026-06-29 18:53:56
953280,G20X,1,20260629,1929,45,,2026-06-29 18:54:14
953280,G20X,1,20260629,1929,46,,2026-06-29 18:54:42
953280,G20X,1,20260629,1929,999,,2026-06-29 18:55:34
953328,G21X,1,20260629,5764,23,,2026-06-29 18:28:22
953328,G21X,1,20260629,5764,24,,2026-06-29 18:29:13
953328,G21X,1,20260629,5764,25,,2026-06-29 18:29:47
953328,G21X,1,20260629,5764,26,,2026-06-29 18:30:23
953328,G21X,1,20260629,5764,27,,2026-06-29 18:31:21
953328,G21X,1,20260629,5764,28,,2026-06-29 18:31:56
953328,G21X,1,20260629,5764,29,,2026-06-29 18:32:38
953328,G21X,1,20260629,5764,30,,2026-06-29 18:33:09
953328,G21X,1,20260629,5764,31,,2026-06-29 18:33:53
953328,G21X,1,20260629,5764,32,,2026-06-29 18:34:17
953328,G21X,1,20260629,5764,33,,2026-06-29 18:35:21
953328,G21X,1,20260629,5764,34,,2026-06-29 18:36:01
953328,G21X,1,20260629,5764,35,,2026-06-29 18:36:27
953328,G21X,1,20260629,5764,36,,2026-06-29 18:36:46
953328,G21X,1,20260629,5764,37,,2026-06-29 18:37:13
953328,G21X,1,20260629,5764,38,,2026-06-29 18:37:22
953328,G21X,1,20260629,5764,39,,2026-06-29 18:38:13
953328,G21X,1,20260629,5764,40,,2026-06-29 18:39:02
953328,G21X,1,20260629,5764,41,,2026-06-29 18:39:08
953328,G21X,1,20260629,5764,42,,2026-06-29 18:39:54
953328,G21X,1,20260629,5764,43,,2026-06-29 18:40:25
953328,G21X,1,20260629,5764,999,,2026-06-29 18:41:16
953351,G22X,1,20260629,1026,13,,2026-06-29 18:29:01
953351,G22X,1,20260629,1026,14,,2026-06-29 18:30:39
953351,G22X,1,20260629,1026,15,,2026-06-29 18:35:55
953351,G22X,1,20260629,1026,16,,2026-06-29 18:37:07
953351,G22X,1,20260629,1026,17,,2026-06-29 18:37:39
953351,G22X,1,20260629,1026,18,,2026-06-29 18:38:31
953351,G22X,1,20260629,1026,19,,2026-06-29 18:40:13
953351,G22X,1,20260629,1026,20,,2026-06-29 18:40:54
953351,G22X,1,20260629,1026,21,,2026-06-29 18:41:35
953351,G22X,1,20260629,1026,22,,2026-06-29 18:42:07
953351,G22X,1,20260629,1026,23,,2026-06-29 18:42:55
953351,G22X,1,20260629,1026,24,,2026-06-29 18:51:00
953351,G22X,1,20260629,1026,25,,2026-06-29 18:51:49
953351,G22X,1,20260629,1026,26,,2026-06-29 18:52:22
953351,G22X,1,20260629,1026,999,,2026-06-29 18:53:32
953364,G30X,1,20260629,5015,26,,2026-06-29 18:28:54
953364,G30X,1,20260629,5015,27,,2026-06-29 18:28:04
953364,G30X,1,20260629,5015,28,,2026-06-29 18:28:52
953364,G30X,1,20260629,5015,999,,2026-06-29 18:29:26
953994,J7M,1,20260629,1082,31,,2026-06-29 18:28:03
953994,J7M,1,20260629,1082,32,,2026-06-29 18:28:30
953994,J7M,1,20260629,1082,33,,2026-06-29 18:30:31
953994,J7M,1,20260629,1082,34,,2026-06-29 18:32:44
953994,J7M,1,20260629,1082,35,,2026-06-29 18:35:05
953994,J7M,1,20260629,1082,36,,2026-06-29 18:36:53
953994,J7M,1,20260629,1082,37,,2026-06-29 18:37:18
953994,J7M,1,20260629,1082,38,,2026-06-29 18:37:39
953994,J7M,1,20260629,1082,39,,2026-06-29 18:38:47
953994,J7M,1,20260629,1082,40,,2026-06-29 18:39:11
953994,J7M,1,20260629,1082,41,,2026-06-29 18:40:05
953994,J7M,1,20260629,1082,42,,2026-06-29 18:41:34
953994,J7M,1,20260629,1082,43,,2026-06-29 18:42:01
953994,J7M,1,20260629,1082,44,,2026-06-29 18:42:37
953994,J7M,1,20260629,1082,45,,2026-06-29 18:42:58
953994,J7M,1,20260629,1082,46,,2026-06-29 18:43:16
953994,J7M,1,20260629,1082,47,,2026-06-29 18:43:20
953994,J7M,1,20260629,1082,48,,2026-06-29 18:43:58
953994,J7M,1,20260629,1082,49,,2026-06-29 18:44:38
953994,J7M,1,20260629,1082,50,,2026-06-29 18:44:36
953994,J7M,1,20260629,1082,51,,2026-06-29 18:45:18
953994,J7M,1,20260629,1082,52,,2026-06-29 18:45:41
953994,J7M,1,20260629,1082,999,,2026-06-29 18:45:54
953995,J7M,0,20260629,1984,7,,2026-06-29 18:28:27
953995,J7M,0,20260629,1984,8,,2026-06-29 18:28:57
953995,J7M,0,20260629,1984,9,,2026-06-29 18:29:17
953995,J7M,0,20260629,1984,10,,2026-06-29 18:29:44
953995,J7M,0,20260629,1984,11,,2026-06-29 18:30:49
953995,J7M,0,20260629,1984,12,,2026-06-29 18:31:08
953995,J7M,0,20260629,1984,13,,2026-06-29 18:31:19
953995,J7M,0,20260629,1984,14,,2026-06-29 18:31:39
953995,J7M,0,20260629,1984,15,,2026-06-29 18:32:15
953995,J7M,0,20260629,1984,16,,2026-06-29 18:32:32
953995,J7M,0,20260629,1984,17,,2026-06-29 18:33:12
953995,J7M,0,20260629,1984,18,,2026-06-29 18:34:10
953995,J7M,0,20260629,1984,19,,2026-06-29 18:34:43
953995,J7M,0,20260629,1984,20,,2026-06-29 18:35:21
953995,J7M,0,20260629,1984,21,,2026-06-29 18:35:45
953995,J7M,0,20260629,1984,22,,2026-06-29 18:36:02
953995,J7M,0,20260629,1984,999,,2026-06-29 18:36:33
966154,98A,1,20260629,5823,18,,2026-06-29 18:29:22
966154,98A,1,20260629,5823,19,,2026-06-29 18:31:43
966154,98A,1,20260629,5823,20,,2026-06-29 18:32:58
966154,98A,1,20260629,5823,21,,2026-06-29 18:33:24
966154,98A,1,20260629,5823,22,,2026-06-29 18:34:12
966154,98A,1,20260629,5823,23,,2026-06-29 18:35:08
966154,98A,1,20260629,5823,24,,2026-06-29 18:36:16
966154,98A,1,20260629,5823,25,,2026-06-29 18:37:25
966154,98A,1,20260629,5823,26,,2026-06-29 18:38:08
966154,98A,1,20260629,5823,27,,2026-06-29 18:40:12
966154,98A,1,20260629,5823,28,,2026-06-29 18:41:48
966154,98A,1,20260629,5823,29,,2026-06-29 18:43:16
966154,98A,1,20260629,5823,30,,2026-06-29 18:45:12
966154,98A,1,20260629,5823,31,,2026-06-29 18:46:08
966154,98A,1,20260629,5823,999,,2026-06-29 18:47:16
966156,98A,1,20260629,5815,4,,2026-06-29 18:28:24
966156,98A,1,20260629,5815,5,,2026-06-29 18:29:12
966156,98A,1,20260629,5815,6,,2026-06-29 18:30:06
966156,98A,1,20260629,5815,7,,2026-06-29 18:30:56
966156,98A,1,20260629,5815,8,,2026-06-29 18:32:19
966156,98A,1,20260629,5815,9,,2026-06-29 18:36:19
966156,98A,1,20260629,5815,10,,2026-06-29 18:38:53
966156,98A,1,20260629,5815,11,,2026-06-29 18:42:23
966156,98A,1,20260629,5815,12,,2026-06-29 18:45:13
966156,98A,1,20260629,5815,13,,2026-06-29 18:46:21
966156,98A,1,20260629,5815,14,,2026-06-29 18:47:29
966156,98A,1,20260629,5815,15,,2026-06-29 18:49:41
966156,98A,1,20260629,5815,16,,2026-06-29 18:51:30
966156,98A,1,20260629,5815,17,,2026-06-29 18:52:38
966156,98A,1,20260629,5815,18,,2026-06-29 18:54:41
966156,98A,1,20260629,5815,19,,2026-06-29 18:56:59
966156,98A,1,20260629,5815,20,,2026-06-29 18:58:51
966186,99A,1,20260629,1980,13,,2026-06-29 18:30:08
966186,99A,1,20260629,1980,14,,2026-06-29 18:32:17
966186,99A,1,20260629,1980,15,,2026-06-29 18:33:26
966186,99A,1,20260629,1980,999,,2026-06-29 18:34:22
966187,99A,1,20260629,1965,999,,2026-06-29 18:34:22
966187,99A,1,20260629,1965,2,,2026-06-29 18:34:44
966187,99A,1,20260629,1965,3,,2026-06-29 18:36:20
966187,99A,1,20260629,1965,4,,2026-06-29 18:38:22
966187,99A,1,20260629,1965,5,,2026-06-29 18:39:05
966187,99A,1,20260629,1965,6,,2026-06-29 18:40:06
966187,99A,1,20260629,1965,7,,2026-06-29 18:40:48
966187,99A,1,20260629,1965,8,,2026-06-29 18:42:10
966187,99A,1,20260629,1965,9,,2026-06-29 18:46:33
966187,99A,1,20260629,1965,10,,2026-06-29 18:49:05
966187,99A,1,20260629,1965,11,,2026-06-29 18:51:46
966187,99A,1,20260629,1965,12,,2026-06-29 18:54:57
966187,99A,1,20260629,1965,13,,2026-06-29 18:56:33
