Trip ID,Route ID,Stop ID,Stop Sequence,Arrival Time (Epoch),Delay (Seconds)
1017596,865,3929,12,1782723419,0
1017596,865,3990,13,1782723499,0
1017596,865,4006,14,1782723575,0
1017615,865,3467,1,1782723901,0
1017615,865,3455,2,1782723998,0
1017615,865,3483,3,1782724179,0
1017615,865,3507,4,1782724241,0
1017615,865,3586,5,1782724302,0
1017615,865,3624,6,1782724356,0
1017615,865,3681,7,1782724408,0
1017615,865,100416,8,1782724566,0
1017615,865,3832,9,1782724653,0
1017615,865,3885,10,1782724741,0
1017615,865,6976,11,1782724848,0
1017615,865,3929,12,1782724937,0
1017615,865,3990,13,1782725007,0
1017615,865,4006,14,1782725074,0
1017615,865,4050,15,1782725140,0
1017619,865,5078,13,1782723372,0
1017619,865,5055,14,1782723401,0
1017619,865,5046,15,1782723443,0
1017619,865,5025,16,1782723500,0
1017619,865,5022,999,1782723526,0
1017642,866R,4741,8,1782723377,0
1017642,866R,4722,9,1782723388,0
1017642,866R,4617,10,1782723453,0
1017642,866R,4558,11,1782723473,0
1017642,866R,4622,12,1782723496,0
1017642,866R,4678,13,1782723521,0
1017642,866R,4729,14,1782723562,0
1017642,866R,4744,15,1782723575,0
1017642,866R,4759,16,1782723593,0
1017642,866R,4794,17,1782723611,0
1017642,866R,4803,18,1782723642,0
1017642,866R,4825,19,1782723659,0
1017642,866R,4857,20,1782723691,0
1017642,866R,4879,21,1782723734,0
1017642,866R,4904,22,1782723773,0
1017642,866R,4894,23,1782723793,0
1017642,866R,4874,24,1782723807,0
1017642,866R,4850,25,1782723829,0
1017642,866R,4831,26,1782723849,0
1017642,866R,4828,27,1782723874,0
1017642,866R,4833,28,1782723909,0
1017642,866R,100399,29,1782723926,0
1017642,866R,101623,999,1782724074,0
1022326,100,4262,48,1782723375,0
1022326,100,4258,49,1782723395,0
1022326,100,4250,50,1782723461,0
1022326,100,4248,51,1782723486,0
1022326,100,4245,52,1782723527,0
1022326,100,4238,53,1782723563,0
1022326,100,4230,54,1782723631,0
1022326,100,4227,55,1782723658,0
1022326,100,4225,56,1782723675,0
1022326,100,4223,57,1782723705,0
1022326,100,4215,58,1782723731,0
1022326,100,4207,59,1782723766,0
1022326,100,4200,60,1782723819,0
1022326,100,4193,61,1782723847,0
1022326,100,4188,62,1782723884,0
1022326,100,4170,999,1782723963,0
1022389,100P,4299,23,1782723395,0
1022389,100P,4257,999,1782723493,0
1022394,100P,4162,1,1782723780,0
1022394,100P,4190,2,1782723834,0
1022394,100P,4197,3,1782723890,0
1022394,100P,4202,4,1782723930,0
1022394,100P,100786,5,1782724005,0
1022394,100P,4221,6,1782724041,0
1022394,100P,4224,7,1782724048,0
1022394,100P,4228,8,1782724082,0
1022394,100P,4231,9,1782724108,0
1022394,100P,4236,10,1782724141,0
1022394,100P,4239,11,1782724194,0
1022394,100P,4247,12,1782724242,0
1022394,100P,4249,13,1782724270,0
1022394,100P,4255,14,1782724312,0
1022394,100P,4261,15,1782724334,0
1022394,100P,4269,16,1782724392,0
1022394,100P,4273,17,1782724470,0
1022394,100P,4275,18,1782724547,0
1022394,100P,4279,19,1782724651,0
1022394,100P,4283,20,1782724716,0
1022394,100P,4286,21,1782724798,0
1022394,100P,4295,22,1782724871,0
1022394,100P,4299,23,1782724954,0
1022394,100P,4257,999,1782725010,0
1022396,100P,2827,12,1782723385,0
1022396,100P,2882,13,1782723428,0
1022396,100P,2923,14,1782723466,0
1022396,100P,2945,15,1782723487,0
1022396,100P,2965,16,1782723507,0
1022396,100P,2998,17,1782723534,0
1022396,100P,3045,18,1782723563,0
1022396,100P,3048,19,1782723670,0
1022396,100P,3074,20,1782723764,0
1022396,100P,3154,21,1782723799,0
1022396,100P,3181,22,1782723826,0
1022396,100P,3307,23,1782723907,0
1022396,100P,3385,24,1782723986,0
1022396,100P,3448,25,1782724036,0
1022396,100P,3496,26,1782724146,0
1022396,100P,3567,27,1782724186,0
1022396,100P,3642,28,1782724211,0
1022396,100P,3706,29,1782724293,0
1022396,100P,3739,30,1782724323,0
1022396,100P,3841,31,1782724373,0
1022396,100P,3896,32,1782724414,0
1022396,100P,3936,33,1782724449,0
1022396,100P,4000,34,1782724480,0
1022396,100P,4032,35,1782724501,0
1022396,100P,4049,36,1782724515,0
1022396,100P,4070,37,1782724543,0
1022396,100P,4149,38,1782724575,0
1022396,100P,4174,39,1782724613,0
1022396,100P,4259,999,1782724679,0
1023243,163,3719,25,1782723381,0
1023243,163,3730,26,1782723412,0
1023243,163,3741,27,1782723464,0
1023243,163,3810,28,1782723520,0
1023243,163,3807,29,1782723580,0
1023243,163,3868,30,1782723637,0
1023243,163,3893,31,1782723683,0
1023243,163,3898,32,1782723761,0
1023243,163,3962,33,1782723803,0
1023243,163,4005,34,1782723824,0
1023243,163,4041,35,1782723848,0
1023243,163,4091,36,1782723869,0
1023243,163,100264,999,1782723918,0
1023248,163,3446,1,1782723720,0
1023248,163,3457,2,1782723900,0
1023248,163,3473,3,1782723993,0
1023248,163,101727,4,1782724070,0
1023248,163,3486,5,1782724113,0
1023248,163,100700,6,1782724170,0
1023248,163,6580,7,1782724384,0
1023248,163,6583,8,1782724438,0
1023248,163,3506,9,1782724501,0
1023248,163,3541,10,1782724547,0
1023248,163,3634,11,1782724619,0
1023248,163,3641,12,1782724670,0
1023248,163,3645,13,1782724744,0
1023248,163,3650,14,1782724810,0
1023248,163,3655,15,1782724860,0
1023248,163,3659,16,1782724889,0
1023248,163,3646,17,1782724942,0
1023461,171,3372,1,1782723966,0
1023461,171,3391,2,1782724018,0
1023461,171,6793,3,1782724154,0
1023461,171,3404,4,1782724236,0
1023461,171,6452,5,1782724406,0
1023461,171,3535,6,1782724557,0
1023461,171,3552,7,1782724679,0
1023461,171,3545,8,1782724753,0
1023461,171,3543,9,1782724803,0
1023461,171,3595,10,1782724869,0
1023461,171,3666,11,1782724939,0
1023461,171,3696,12,1782724978,0
1023461,171,100913,13,1782725059,0
1023461,171,100416,14,1782725082,0
1023461,171,3832,15,1782725156,0
1023461,171,3885,16,1782725231,0
1023462,171,3933,17,1782723413,0
1023462,171,3971,18,1782723446,0
1023462,171,4010,19,1782723471,0
1023462,171,4040,20,1782723510,0
1023462,171,4080,21,1782723549,0
1023462,171,4142,22,1782723582,0
1023462,171,4168,23,1782723612,0
1023462,171,4196,24,1782723647,0
1023462,171,4362,25,1782723790,0
1023462,171,4406,26,1782723824,0
1023462,171,4458,27,1782723842,0
1023462,171,4488,28,1782723878,0
1023462,171,100944,29,1782723905,0
1023462,171,4506,30,1782723938,0
1023462,171,4497,31,1782723974,0
1023462,171,4466,32,1782723998,0
1023462,171,4470,33,1782724021,0
1023462,171,4473,34,1782724040,0
1023462,171,4431,35,1782724087,0
1023462,171,4414,36,1782724188,0
1023462,171,4383,999,1782724295,0
1023510,171,3743,26,1782723448,0
1023510,171,3714,999,1782723472,0
1023765,176,2610,26,1782723364,0
1023765,176,2629,27,1782723422,0
1023765,176,2591,28,1782723466,0
1023765,176,2517,29,1782723501,0
1023765,176,2429,30,1782723573,0
1023765,176,2427,31,1782723597,0
1023765,176,2426,32,1782723626,0
1023765,176,2421,33,1782723650,0
1023765,176,100832,34,1782723696,0
1023765,176,100239,35,1782723718,0
1023765,176,2442,36,1782723769,0
1023765,176,2372,37,1782723799,0
1023765,176,2317,38,1782723817,0
1023765,176,100242,39,1782723864,0
1023765,176,2387,40,1782723891,0
1023765,176,2378,41,1782723926,0
1023765,176,2374,42,1782723965,0
1023765,176,2444,999,1782724012,0
1023771,176G,3390,5,1782723416,0
1023771,176G,3369,6,1782723481,0
1023771,176G,3343,7,1782723557,0
1023771,176G,3319,8,1782723584,0
1023771,176G,3283,9,1782723639,0
1023771,176G,3212,10,1782723660,0
1023771,176G,3185,11,1782723680,0
1023771,176G,3169,12,1782723708,0
1023771,176G,3133,13,1782723756,0
1023771,176G,3058,14,1782723793,0
1023771,176G,2999,15,1782723844,0
1023771,176G,2914,16,1782723937,0
1023771,176G,2877,17,1782724023,0
1023771,176G,2829,18,1782724108,0
1023771,176G,2818,19,1782724144,0
1023771,176G,2787,20,1782724199,0
1023771,176G,2754,21,1782724252,0
1023771,176G,2703,22,1782724313,0
1023771,176G,2653,23,1782724369,0
1023771,176G,2597,24,1782724419,0
1023771,176G,2615,25,1782724487,0
1023771,176G,2610,26,1782724537,0
1023771,176G,2629,27,1782724608,0
1023771,176G,2591,28,1782724639,0
1023771,176G,2517,29,1782724707,0
1023797,178,2823,44,1782723364,0
1023797,178,2880,46,1782723420,0
1023797,178,2918,47,1782723479,0
1023797,178,2986,48,1782723525,0
1023797,178,3053,49,1782723565,0
1023797,178,3129,50,1782723593,0
1023797,178,3160,51,1782723617,0
1023797,178,3189,52,1782723685,0
1023797,178,3217,53,1782723704,0
1023797,178,3269,54,1782723720,0
1023797,178,3310,55,1782723767,0
1023797,178,3326,56,1782723813,0
1023797,178,3372,999,1782723870,0
1023827,178,6450,2,1782723389,0
1023827,178,3398,3,1782723560,0
1023827,178,3396,4,1782723619,0
1023827,178,3390,5,1782723761,0
1023827,178,3369,6,1782723811,0
1023827,178,3343,7,1782723881,0
1023827,178,3319,8,1782723908,0
1023827,178,3283,9,1782723981,0
1023827,178,3212,10,1782724008,0
1023827,178,3185,11,1782724033,0
1023827,178,3169,12,1782724051,0
1023827,178,3133,13,1782724092,0
1023827,178,3058,14,1782724124,0
1023827,178,2999,15,1782724156,0
1023827,178,2914,16,1782724206,0
1023827,178,2877,17,1782724278,0
1023827,178,2829,18,1782724336,0
1023827,178,2818,19,1782724367,0
1023827,178,2787,20,1782724416,0
1023827,178,2754,21,1782724457,0
1023827,178,2740,22,1782724544,0
1023827,178,2738,23,1782724581,0
1023827,178,2735,24,1782724640,0
1023827,178,2729,25,1782724695,0
1023827,178,2725,26,1782724729,0
1023827,178,2718,27,1782724796,0
1023827,178,2714,28,1782724826,0
1023827,178,2709,29,1782724876,0
1023827,178,2704,30,1782724918,0
1023827,178,2682,31,1782724968,0
1023827,178,2674,32,1782725006,0
1023827,178,2670,33,1782725036,0
1023827,178,2665,34,1782725055,0
1023827,178,2624,35,1782725080,0
1023827,178,2568,36,1782725109,0
1023827,178,2477,37,1782725148,0
1023839,178,2426,7,1782723405,0
1023839,178,2421,8,1782723435,0
1023839,178,2380,9,1782723477,0
1023839,178,2302,10,1782723512,0
1023839,178,2231,11,1782723539,0
1023839,178,2209,12,1782723584,0
1023839,178,2201,13,1782723610,0
1023839,178,2192,14,1782723645,0
1023839,178,2171,15,1782723667,0
1023839,178,2149,16,1782723712,0
1023839,178,2122,17,1782723754,0
1023839,178,2091,18,1782723808,0
1023839,178,2065,19,1782723862,0
1023839,178,2090,20,1782723933,0
1023839,178,2151,21,1782723991,0
1023839,178,2205,22,1782724038,0
1023839,178,2225,23,1782724066,0
1023839,178,2264,24,1782724093,0
1023839,178,100242,25,1782724134,0
1023839,178,2481,26,1782724176,0
1023839,178,2558,27,1782724206,0
1023839,178,2612,28,1782724231,0
1023839,178,2666,29,1782724273,0
1023839,178,2672,30,1782724296,0
1023839,178,2678,31,1782724316,0
1023839,178,2684,32,1782724363,0
1023839,178,2705,33,1782724401,0
1023839,178,2711,34,1782724434,0
1023839,178,2715,35,1782724467,0
1023839,178,2719,36,1782724507,0
1023839,178,2724,37,1782724531,0
1023839,178,2728,38,1782724576,0
1023839,178,2737,39,1782724627,0
1023839,178,2739,40,1782724673,0
1023839,178,2742,41,1782724708,0
1023839,178,2752,42,1782724758,0
1023839,178,2791,43,1782724783,0
1023839,178,2823,44,1782724821,0
1023839,178,2837,45,1782724856,0
1023839,178,2880,46,1782724927,0
1023839,178,2918,47,1782724993,0
1023839,178,2986,48,1782725053,0
1023839,178,3053,49,1782725112,0
1023839,178,3129,50,1782725154,0
1023839,178,3160,51,1782725190,0
1023839,178,3189,52,1782725237,0
1023839,178,3217,53,1782725262,0
1023850,178,3714,1,1782723540,0
1023850,178,3654,2,1782723584,0
1023850,178,3600,3,1782723625,0
1023850,178,3549,4,1782723627,0
1023850,178,3546,5,1782723697,0
1023850,178,3551,6,1782723732,0
1023850,178,3553,7,1782723786,0
1023850,178,3558,8,1782723827,0
1023850,178,6457,9,1782723992,0
1023850,178,6450,10,1782724079,0
1023850,178,3398,11,1782724277,0
1023850,178,3396,12,1782724318,0
1023850,178,3390,13,1782724470,0
1023850,178,3369,14,1782724537,0
1023850,178,3343,15,1782724582,0
1023850,178,3319,16,1782724625,0
1023850,178,3283,17,1782724681,0
1023850,178,3212,18,1782724719,0
1023850,178,3185,19,1782724744,0
1023850,178,3169,20,1782724774,0
1023850,178,3133,21,1782724824,0
1023850,178,3058,22,1782724865,0
1023850,178,2999,23,1782724913,0
1023850,178,2914,24,1782724983,0
1023850,178,2877,25,1782725053,0
1023850,178,2829,26,1782725130,0
1023850,178,2818,27,1782725157,0
1023850,178,2787,28,1782725199,0
1023850,178,2754,29,1782725240,0
1023888,178M,2477,45,1782723363,0
1023888,178M,100241,999,1782723400,0
1023889,178M,6457,1,1782726060,0
1023889,178M,6450,2,1782726240,0
1023889,178M,3398,3,1782726360,0
1023889,178M,3396,4,1782726470,0
1023889,178M,3390,5,1782726600,0
1023889,178M,3369,6,1782726661,0
1023889,178M,3343,7,1782726702,0
1023889,178M,3319,8,1782726741,0
1023889,178M,3283,9,1782726792,0
1023889,178M,3212,10,1782726827,0
1023889,178M,3185,11,1782726849,0
1023889,178M,3169,12,1782726876,0
1023889,178M,3133,13,1782726921,0
1023889,178M,3058,14,1782726958,0
1023889,178M,2999,15,1782727002,0
1023889,178M,2914,16,1782727066,0
1023889,178M,2877,17,1782727129,0
1023889,178M,2829,18,1782727200,0
1023889,178M,2818,19,1782727227,0
1023889,178M,2787,20,1782727269,0
1023889,178M,2754,21,1782727310,0
1023890,178M,3343,15,1782723397,0
1023890,178M,3319,16,1782723434,0
1023890,178M,3283,17,1782723502,0
1023890,178M,3212,18,1782723533,0
1023890,178M,3185,19,1782723558,0
1023890,178M,3169,20,1782723589,0
1023890,178M,3133,21,1782723647,0
1023890,178M,3058,22,1782723687,0
1023890,178M,2999,23,1782723737,0
1023890,178M,2914,24,1782723823,0
1023890,178M,2877,25,1782723904,0
1023890,178M,2829,26,1782723983,0
1023890,178M,2818,27,1782724012,0
1023890,178M,2787,28,1782724042,0
1023890,178M,2754,29,1782724059,0
1023890,178M,2740,30,1782724150,0
1023890,178M,2738,31,1782724188,0
1023890,178M,2735,32,1782724235,0
1023890,178M,2729,33,1782724275,0
1023890,178M,2725,34,1782724307,0
1023890,178M,2718,35,1782724382,0
1023890,178M,2714,36,1782724419,0
1023890,178M,2709,37,1782724457,0
1023890,178M,2704,38,1782724508,0
1023890,178M,2682,39,1782724568,0
1023890,178M,2674,40,1782724627,0
1023890,178M,2670,41,1782724673,0
1023890,178M,2665,42,1782724702,0
1023890,178M,2624,43,1782724741,0
1023890,178M,2568,44,1782724785,0
1023890,178M,2477,45,1782724844,0
1023890,178M,100241,999,1782724928,0
1023912,178X,2740,6,1782723400,0
1023912,178X,2738,7,1782723434,0
1023912,178X,2735,8,1782723483,0
1023912,178X,2729,9,1782723522,0
1023912,178X,2725,10,1782723552,0
1023912,178X,2718,11,1782723623,0
1023912,178X,2714,12,1782723663,0
1023912,178X,2709,13,1782723704,0
1023912,178X,2704,14,1782723742,0
1023912,178X,2682,15,1782723777,0
1023912,178X,2674,16,1782723839,0
1023912,178X,2670,17,1782723861,0
1023912,178X,2665,18,1782723878,0
1023912,178X,2624,19,1782723907,0
1023912,178X,2568,20,1782723927,0
1023912,178X,2477,21,1782723954,0
1023912,178X,100241,22,1782723988,0
1023912,178X,2259,23,1782724038,0
1023912,178X,2219,24,1782724079,0
1023912,178X,2203,25,1782724097,0
1023912,178X,2147,26,1782724131,0
1023912,178X,2098,27,1782724171,0
1023912,178X,2068,28,1782724252,0
1023912,178X,2092,29,1782724286,0
1023912,178X,2127,30,1782724347,0
1023912,178X,2152,31,1782724378,0
1023912,178X,2172,32,1782724418,0
1023912,178X,2193,33,1782724474,0
1023912,178X,2202,34,1782724506,0
1023912,178X,2211,35,1782724537,0
1023912,178X,2244,36,1782724560,0
1023912,178X,2297,37,1782724587,0
1023912,178X,2402,38,1782724636,0
1023912,178X,2547,39,1782724667,0
1023912,178X,2425,40,1782724700,0
1023912,178X,2432,41,1782724742,0
1023912,178X,2436,42,1782724767,0
1023912,178X,2406,43,1782724810,0
1023912,178X,2287,44,1782724873,0
1023912,178X,2238,45,1782724903,0
1023912,178X,2204,999,1782724984,0
1024544,222,3589,1,1782725160,0
1024544,222,6459,2,1782725299,0
1024546,222,3589,1,1782723540,0
1024546,222,6459,2,1782723679,0
1024546,222,3474,3,1782723840,0
1024546,222,6446,4,1782723902,0
1024546,222,3266,5,1782724018,0
1024546,222,3200,6,1782724052,0
1024546,222,3158,7,1782724113,0
1024546,222,3111,8,1782724154,0
1024546,222,3038,9,1782724192,0
1024546,222,3009,10,1782724218,0
1024546,222,2920,11,1782724322,0
1024546,222,2883,12,1782724366,0
1024546,222,2815,13,1782724433,0
1024546,222,2699,14,1782724514,0
1024546,222,2635,15,1782724565,0
1024546,222,2565,16,1782724611,0
1024546,222,2504,17,1782724655,0
1024546,222,2384,18,1782724740,0
1024553,222,100158,38,1782723396,0
1024553,222,101304,39,1782723499,0
1024553,222,100436,40,1782723570,0
1024553,222,100431,999,1782723648,0
1024573,222,3414,40,1782723476,0
1024573,222,6455,41,1782723602,0
1024573,222,3589,999,1782723777,0
1024575,222,2262,25,1782723365,0
1024575,222,2393,26,1782723429,0
1024575,222,2445,27,1782723491,0
1024575,222,2508,28,1782723539,0
1024575,222,2567,29,1782723566,0
1024575,222,2636,30,1782723592,0
1024575,222,2690,31,1782723622,0
1024575,222,2807,32,1782723659,0
1024575,222,2873,33,1782723726,0
1024575,222,2928,34,1782723750,0
1024575,222,3010,35,1782723816,0
1024575,222,3055,36,1782723852,0
1024575,222,3147,37,1782723908,0
1024575,222,3187,38,1782723980,0
1024575,222,3289,39,1782724066,0
1024575,222,3414,40,1782724204,0
1024575,222,6455,41,1782724305,0
1024575,222,3589,999,1782724546,0
1024615,222,100159,4,1782723426,0
1024615,222,7268,5,1782723490,0
1024615,222,100278,6,1782723536,0
1024615,222,100276,7,1782723597,0
1024615,222,100274,8,1782723619,0
1024615,222,1227,9,1782723644,0
1024615,222,1281,10,1782723802,0
1024615,222,1328,11,1782723846,0
1024615,222,1401,12,1782723879,0
1024615,222,1457,13,1782723912,0
1024615,222,1500,14,1782723938,0
1024615,222,1560,15,1782724032,0
1024615,222,1582,16,1782724046,0
1024615,222,1615,17,1782724063,0
1024615,222,1658,18,1782724084,0
1024615,222,1763,19,1782724151,0
1024615,222,1854,20,1782724208,0
1024615,222,1954,21,1782724275,0
1024615,222,2050,22,1782724300,0
1024615,222,2136,23,1782724337,0
1024615,222,2189,24,1782724377,0
1024615,222,2262,25,1782724424,0
1024615,222,2393,26,1782724492,0
1024615,222,2445,27,1782724523,0
1024615,222,2508,28,1782724577,0
1024615,222,2567,29,1782724623,0
1024615,222,2636,30,1782724673,0
1024615,222,2690,31,1782724730,0
1024615,222,2807,32,1782724820,0
1024615,222,2873,33,1782724891,0
1024615,222,2928,34,1782724962,0
1024908,229,1267,24,1782723369,0
1024908,229,1260,25,1782723447,0
1024908,229,1286,26,1782723487,0
1024908,229,1338,27,1782723523,0
1024908,229,1317,28,1782723560,0
1024908,229,1324,29,1782723586,0
1024908,229,1378,30,1782723627,0
1024908,229,1413,31,1782723661,0
1024908,229,1399,32,1782723706,0
1024908,229,1356,33,1782723741,0
1024908,229,1417,34,1782723796,0
1024908,229,1457,35,1782723850,0
1024908,229,1500,999,1782723878,0
1024930,229,1517,1,1782725078,0
1024949,229F,1412,33,1782723404,0
1024949,229F,1384,34,1782723468,0
1024949,229F,1326,35,1782723510,0
1024949,229F,1309,36,1782723544,0
1024949,229F,1345,37,1782723584,0
1024949,229F,1292,38,1782723646,0
1024949,229F,1256,39,1782723726,0
1024949,229F,1272,40,1782723789,0
1024949,229F,1279,41,1782723799,0
1024949,229F,1253,42,1782723855,0
1024949,229F,1268,43,1782723886,0
1024949,229F,1247,44,1782723913,0
1024949,229F,1215,45,1782723955,0
1024949,229F,1183,46,1782724000,0
1024949,229F,1178,47,1782724037,0
1024949,229F,1152,48,1782724073,0
1024949,229F,1155,49,1782724113,0
1024949,229F,1123,50,1782724181,0
1024949,229F,1112,51,1782724212,0
1024949,229F,1087,52,1782724235,0
1024949,229F,101678,53,1782724287,0
1024949,229F,1037,54,1782724335,0
1024949,229F,1050,55,1782724376,0
1024949,229F,1069,56,1782724407,0
1024949,229F,1032,57,1782724462,0
1024949,229F,987,58,1782724482,0
1024949,229F,966,59,1782724487,0
1024949,229F,6927,60,1782724532,0
1024949,229F,100165,999,1782724580,0
1024959,229F,1050,55,1782723402,0
1024959,229F,1069,56,1782723433,0
1024959,229F,1032,57,1782723488,0
1024959,229F,987,58,1782723519,0
1024959,229F,966,59,1782723541,0
1024959,229F,6927,60,1782723574,0
1024959,229F,100165,999,1782723630,0
1026376,320,5101,1,1782723760,0
1026376,320,5105,2,1782723830,0
1026376,320,5104,3,1782723845,0
1026376,320,5099,4,1782723873,0
1026376,320,5093,5,1782723935,0
1026376,320,5084,6,1782723989,0
1026376,320,5130,7,1782724079,0
1026376,320,5188,8,1782724111,0
1026376,320,5258,9,1782724176,0
1026376,320,102321,10,1782724256,0
1026376,320,5218,11,1782724367,0
1026376,320,5246,12,1782724402,0
1026376,320,5269,13,1782724442,0
1026376,320,5357,14,1782724587,0
1026376,320,5378,15,1782724651,0
1026376,320,5401,16,1782724718,0
1026376,320,5418,17,1782724773,0
1026376,320,5436,18,1782724831,0
1026376,320,5458,19,1782724886,0
1026376,320,5453,20,1782724931,0
1026376,320,5439,21,1782724970,0
1026376,320,5450,22,1782725027,0
1026376,320,5463,23,1782725053,0
1026376,320,5469,24,1782725088,0
1026376,320,5470,25,1782725123,0
1026398,320,5141,34,1782723368,0
1026398,320,5074,35,1782723447,0
1026398,320,5092,36,1782723478,0
1026398,320,5098,37,1782723493,0
1026398,320,5103,38,1782723551,0
1026398,320,5106,39,1782723570,0
1026398,320,5110,40,1782723588,0
1026398,320,5101,999,1782723650,0
1026468,376,2191,11,1782723363,0
1026468,376,100674,12,1782723390,0
1026468,376,100675,13,1782723410,0
1026468,376,2367,14,1782723458,0
1026468,376,2430,15,1782723478,0
1026468,376,101884,999,1782723555,0
1027674,528,100083,5,1782723708,0
1027674,528,2639,6,1782723854,0
1027674,528,2592,7,1782723883,0
1027674,528,2496,8,1782723945,0
1027674,528,2449,9,1782723984,0
1027674,528,2397,10,1782724020,0
1027674,528,100484,11,1782724154,0
1027674,528,2276,12,1782724221,0
1027674,528,2222,13,1782724278,0
1027674,528,2210,14,1782724312,0
1027674,528,100295,15,1782724375,0
1027674,528,100296,16,1782724430,0
1027674,528,100297,17,1782724496,0
1027674,528,2079,18,1782724556,0
1027674,528,2026,19,1782724583,0
1027674,528,100728,20,1782724677,0
1027674,528,100730,21,1782724687,0
1027674,528,100089,22,1782724746,0
1027674,528,100090,23,1782724796,0
1027674,528,100091,24,1782724884,0
1027674,528,100092,25,1782724907,0
1027674,528,1927,999,1782724959,0
1028452,578,3478,1,1782723780,0
1028452,578,3463,2,1782723857,0
1028452,578,3452,3,1782724013,0
1028452,578,3441,4,1782724069,0
1028452,578,100083,5,1782724614,0
1028452,578,2197,999,1782724854,0
1028465,578,2197,6,1782723402,0
1028465,578,2260,7,1782723538,0
1028465,578,2304,8,1782723580,0
1028465,578,2398,9,1782723649,0
1028465,578,2429,10,1782723696,0
1028465,578,2427,11,1782723722,0
1028465,578,2426,12,1782723777,0
1028465,578,2421,13,1782723808,0
1028465,578,2380,14,1782723841,0
1028465,578,2302,15,1782723876,0
1028465,578,2231,16,1782723915,0
1028465,578,2209,17,1782723968,0
1028465,578,2201,18,1782723992,0
1028465,578,2192,19,1782723999,0
1028465,578,2171,20,1782724043,0
1028465,578,2149,21,1782724085,0
1028465,578,2122,22,1782724131,0
1028465,578,2091,23,1782724184,0
1028465,578,2065,24,1782724219,0
1028465,578,2090,25,1782724308,0
1028465,578,2151,26,1782724358,0
1028465,578,2205,27,1782724388,0
1028465,578,2225,28,1782724414,0
1028465,578,2264,999,1782724436,0
1028490,591C,7332,20,1782723365,0
1028490,591C,100253,21,1782723416,0
1028490,591C,100251,22,1782723453,0
1028490,591C,619,23,1782723513,0
1028490,591C,595,24,1782723544,0
1028490,591C,100289,25,1782723586,0
1028490,591C,100360,26,1782723616,0
1028490,591C,100361,27,1782723661,0
1028490,591C,100362,28,1782723738,0
1028490,591C,100355,29,1782723806,0
1028490,591C,100363,30,1782723850,0
1028490,591C,100364,31,1782723926,0
1028490,591C,101410,32,1782723951,0
1028490,591C,608,33,1782723972,0
1028490,591C,100287,34,1782723991,0
1028490,591C,787,35,1782724022,0
1028490,591C,100286,36,1782724052,0
1028490,591C,713,37,1782724088,0
1028490,591C,717,38,1782724111,0
1028490,591C,720,39,1782724137,0
1028490,591C,730,40,1782724160,0
1028490,591C,755,41,1782724209,0
1028490,591C,782,42,1782724212,0
1028490,591C,819,999,1782724364,0
1028498,600,5230,29,1782723371,0
1028498,600,5263,30,1782723413,0
1028498,600,5306,31,1782723466,0
1028498,600,5341,32,1782723528,0
1028498,600,100630,33,1782723594,0
1028498,600,100628,34,1782723664,0
1028498,600,100626,35,1782723737,0
1028498,600,5387,36,1782723785,0
1028498,600,5402,37,1782723823,0
1028498,600,5415,38,1782723877,0
1028498,600,5426,39,1782723939,0
1028498,600,5427,40,1782723966,0
1028498,600,5449,41,1782724020,0
1028498,600,5465,42,1782724026,0
1028498,600,5476,43,1782724088,0
1028498,600,5477,44,1782724116,0
1028498,600,5485,45,1782724136,0
1028498,600,5493,46,1782724166,0
1028498,600,5495,47,1782724216,0
1028498,600,5498,48,1782724302,0
1028498,600,101116,49,1782724343,0
1028498,600,5499,50,1782724368,0
1028498,600,5503,51,1782724400,0
1028498,600,5505,52,1782724432,0
1028498,600,5517,53,1782724476,0
1028498,600,5532,54,1782724507,0
1028498,600,5545,55,1782724538,0
1028498,600,5564,56,1782724569,0
1028498,600,5598,57,1782724618,0
1028498,600,5615,58,1782724644,0
1028498,600,5657,59,1782724690,0
1028498,600,5665,60,1782724728,0
1028498,600,5668,61,1782724772,0
1028498,600,5662,62,1782724816,0
1028498,600,5681,63,1782724844,0
1028498,600,5712,64,1782724891,0
1028498,600,100521,65,1782724905,0
1028498,600,100828,66,1782724924,0
1028498,600,5769,67,1782724970,0
1028498,600,5764,68,1782725033,0
1028498,600,5772,69,1782725052,0
1028498,600,5804,70,1782725103,0
1028498,600,5814,71,1782725145,0
1028512,600,102321,20,1782723434,0
1028512,600,101829,21,1782723519,0
1028512,600,5092,22,1782723553,0
1028512,600,5098,23,1782723574,0
1028512,600,5103,24,1782723639,0
1028512,600,5106,25,1782723659,0
1028512,600,5110,26,1782723677,0
1028512,600,5101,999,1782723766,0
1028519,600,5416,44,1782723388,0
1028519,600,5403,45,1782723460,0
1028519,600,5389,46,1782723485,0
1028519,600,100627,47,1782723558,0
1028519,600,100629,48,1782723642,0
1028519,600,100631,49,1782723696,0
1028519,600,5338,50,1782723766,0
1028519,600,5307,51,1782723809,0
1028519,600,5262,52,1782723872,0
1028519,600,5228,53,1782723905,0
1028519,600,5194,54,1782723936,0
1028519,600,5168,55,1782723960,0
1028519,600,5179,56,1782723996,0
1028519,600,5181,57,1782724088,0
1028519,600,5176,58,1782724114,0
1028519,600,5182,59,1782724148,0
1028519,600,5198,60,1782724185,0
1028519,600,5226,61,1782724207,0
1028519,600,5261,62,1782724239,0
1028519,600,5280,63,1782724276,0
1028519,600,5294,64,1782724307,0
1028519,600,5288,65,1782724322,0
1028519,600,5259,66,1782724356,0
1028519,600,5220,67,1782724400,0
1028519,600,5178,68,1782724393,0
1028519,600,5146,69,1782724418,0
1028519,600,5073,70,1782724460,0
1028519,600,5130,71,1782724518,0
1028519,600,5188,72,1782724522,0
1028519,600,100425,73,1782724587,0
1028519,600,5258,74,1782724660,0
1028519,600,102321,75,1782724793,0
1028519,600,101829,76,1782724910,0
1028519,600,5092,77,1782724969,0
1028519,600,5098,78,1782725024,0
1028519,600,5103,79,1782725132,0
1028529,600A,5105,2,1782723440,0
1028529,600A,5104,3,1782723462,0
1028529,600A,5099,4,1782723484,0
1028529,600A,5093,5,1782723572,0
1028529,600A,101828,6,1782723636,0
1028529,600A,102320,7,1782723739,0
1028529,600A,5252,8,1782723848,0
1028529,600A,5247,9,1782723950,0
1028529,600A,5212,10,1782724178,0
1028529,600A,5141,11,1782724212,0
1028529,600A,5070,12,1782724272,0
1028529,600A,5136,13,1782724339,0
1028529,600A,5166,14,1782724367,0
1028529,600A,5215,15,1782724389,0
1028529,600A,5266,16,1782724427,0
1028529,600A,5286,17,1782724456,0
1028529,600A,5292,18,1782724491,0
1028529,600A,5278,19,1782724524,0
1028529,600A,5267,20,1782724567,0
1028529,600A,5234,21,1782724617,0
1028529,600A,5196,22,1782724650,0
1028529,600A,5180,23,1782724693,0
1028529,600A,5173,24,1782724733,0
1028529,600A,5168,25,1782724754,0
1028529,600A,5169,26,1782724784,0
1028529,600A,5181,27,1782725113,0
1028529,600A,5190,28,1782725121,0
1028577,605,5425,23,1782723384,0
1028577,605,5404,24,1782723419,0
1028577,605,5381,25,1782723463,0
1028577,605,5275,999,1782723594,0
1028578,605,5169,1,1782725160,0
1028582,605,5169,1,1782723780,0
1028582,605,5276,2,1782724095,0
1028582,605,5339,3,1782724143,0
1028582,605,5353,4,1782724164,0
1028582,605,5373,5,1782724201,0
1028582,605,5405,6,1782724249,0
1028582,605,5417,7,1782724289,0
1028582,605,5448,8,1782724362,0
1028582,605,5474,9,1782724393,0
1028582,605,5496,10,1782724468,0
1028582,605,5495,11,1782724504,0
1028582,605,5498,12,1782724543,0
1028582,605,101116,13,1782724582,0
1028582,605,5499,14,1782724598,0
1028582,605,5486,15,1782724633,0
1028582,605,5481,16,1782724661,0
1028582,605,5468,17,1782724687,0
1028582,605,5451,18,1782724744,0
1028582,605,5441,19,1782724782,0
1028582,605,5452,20,1782724806,0
1028582,605,5459,21,1782724842,0
1028582,605,5440,22,1782724879,0
1028582,605,5425,23,1782724912,0
1028582,605,5404,24,1782724947,0
1028582,605,5381,25,1782724991,0
1028582,605,5275,999,1782725122,0
1028597,645,5111,1,1782724823,0
1028597,645,5119,2,1782724850,0
1028597,645,5123,3,1782724894,0
1028597,645,5126,4,1782724938,0
1028597,645,5165,5,1782724981,0
1028597,645,5219,6,1782725028,0
1028597,645,5254,7,1782725048,0
1028597,645,5289,8,1782725100,0
1028597,645,5321,9,1782725137,0
1028597,645,5348,10,1782725171,0
1028597,645,5362,11,1782725209,0
1028611,645,5111,1,1782727380,0
1028611,645,5119,2,1782727407,0
1028611,645,5123,3,1782727451,0
1028611,645,5126,4,1782727495,0
1028611,645,5165,5,1782727538,0
1028611,645,5219,6,1782727585,0
1028611,645,5254,7,1782727605,0
1028611,645,5289,8,1782727657,0
1028611,645,5321,9,1782727694,0
1028611,645,5348,10,1782727728,0
1028611,645,5362,11,1782727766,0
1028611,645,5383,12,1782727814,0
1028611,645,5397,13,1782727849,0
1028611,645,5406,999,1782727920,0
1028635,645,5118,13,1782723396,0
1028635,645,5111,999,1782723444,0
1028949,H24,6552,16,1782723399,0
1028949,H24,6547,17,1782723461,0
1028949,H24,6543,18,1782723549,0
1028949,H24,6537,19,1782723622,0
1028949,H24,6533,20,1782723713,0
1028949,H24,6531,21,1782723762,0
1028949,H24,6529,22,1782723818,0
1028949,H24,3348,999,1782723876,0
1028986,H30,3007,22,1782723393,0
1028986,H30,3016,23,1782723461,0
1028986,H30,3019,24,1782723500,0
1028986,H30,3021,25,1782723534,0
1028986,H30,3024,26,1782723563,0
1028986,H30,3029,27,1782723622,0
1028986,H30,3088,28,1782723670,0
1028986,H30,3095,29,1782723710,0
1028986,H30,3083,30,1782723757,0
1028986,H30,3093,31,1782723800,0
1028986,H30,3098,32,1782723853,0
1028986,H30,3104,33,1782723871,0
1028986,H30,3123,34,1782723917,0
1028986,H30,3155,35,1782723921,0
1028986,H30,3191,36,1782723941,0
1028986,H30,3288,37,1782724093,0
1028986,H30,3292,38,1782724117,0
1028986,H30,3295,39,1782724171,0
1028986,H30,3301,40,1782724202,0
1028986,H30,3306,41,1782724243,0
1028986,H30,3310,42,1782724327,0
1028986,H30,3326,43,1782724376,0
1028986,H30,3372,44,1782724411,0
1028986,H30,3391,45,1782724538,0
1028986,H30,3399,46,1782724654,0
1028986,H30,3449,47,1782724749,0
1028986,H30,3466,48,1782724923,0
1028986,H30,3485,49,1782725026,0
1028986,H30,3486,50,1782725044,0
1028986,H30,100700,51,1782725084,0
1028989,H30,3018,71,1782723367,0
1028989,H30,3015,72,1782723423,0
1028989,H30,3006,73,1782723543,0
1028989,H30,3002,74,1782723582,0
1028989,H30,3000,75,1782723618,0
1028989,H30,2995,76,1782723661,0
1028989,H30,2963,77,1782723703,0
1028989,H30,100912,78,1782723726,0
1028989,H30,2958,79,1782723750,0
1028989,H30,2916,80,1782723800,0
1028989,H30,2838,81,1782723846,0
1028989,H30,100233,82,1782723883,0
1028989,H30,100235,83,1782723924,0
1028989,H30,100237,84,1782724017,0
1028989,H30,2539,85,1782724061,0
1028989,H30,2543,86,1782724084,0
1028989,H30,2424,87,1782724114,0
1028989,H30,2550,88,1782724163,0
1028989,H30,2560,89,1782724219,0
1028989,H30,2517,90,1782724293,0
1028989,H30,2406,91,1782724348,0
1028989,H30,2287,92,1782724431,0
1028989,H30,2238,93,1782724470,0
1028989,H30,2204,999,1782724555,0
1028990,H30,3088,28,1782723392,0
1028990,H30,3095,29,1782723456,0
1028990,H30,3083,30,1782723510,0
1028990,H30,3093,31,1782723540,0
1028990,H30,3098,32,1782723595,0
1028990,H30,3104,33,1782723616,0
1028990,H30,3123,34,1782723660,0
1028990,H30,3155,35,1782723687,0
1028990,H30,3191,36,1782723709,0
1028990,H30,3288,37,1782723840,0
1028990,H30,3292,38,1782723888,0
1028990,H30,3295,39,1782723941,0
1028990,H30,3301,40,1782723976,0
1028990,H30,3306,41,1782724030,0
1028990,H30,3310,42,1782724092,0
1028990,H30,3326,43,1782724145,0
1028990,H30,3372,44,1782724183,0
1028990,H30,3391,45,1782724282,0
1028990,H30,3399,46,1782724399,0
1028990,H30,3449,47,1782724526,0
1028990,H30,3466,48,1782724700,0
1028990,H30,3485,49,1782724803,0
1028990,H30,3486,50,1782724821,0
1028990,H30,100700,51,1782724861,0
1028990,H30,6580,52,1782725013,0
1028990,H30,6583,53,1782725052,0
1028990,H30,6584,54,1782725098,0
1028990,H30,6588,55,1782725137,0
1028990,H30,6590,56,1782725184,0
1029013,H30,2197,1,1782724500,0
1029013,H30,2260,2,1782724575,0
1029013,H30,2304,3,1782724605,0
1029013,H30,2398,4,1782724658,0
1029013,H30,2507,5,1782724739,0
1029013,H30,2559,6,1782724780,0
1029013,H30,2548,7,1782724849,0
1029013,H30,2546,8,1782724896,0
1029013,H30,2542,9,1782724937,0
1029013,H30,100238,10,1782724986,0
1029013,H30,100236,11,1782725046,0
1029013,H30,100234,12,1782725100,0
1029013,H30,100232,13,1782725150,0
1029013,H30,100624,14,1782725195,0
1029013,H30,2905,15,1782725224,0
1029013,H30,2957,16,1782725281,0
1029013,H30,2962,17,1782725312,0
1029013,H30,2964,18,1782725345,0
1029013,H30,2985,19,1782725366,0
1029013,H30,3001,20,1782725402,0
1029013,H30,3003,21,1782725432,0
1029013,H30,3007,22,1782725463,0
1029013,H30,3016,23,1782725498,0
1029013,H30,3019,24,1782725537,0
1029013,H30,3021,25,1782725577,0
1029013,H30,3024,26,1782725624,0
1029013,H30,3029,27,1782725669,0
1029013,H30,3088,28,1782725687,0
1029013,H30,3095,29,1782725722,0
1029029,H30,6515,11,1782723382,0
1029029,H30,6518,12,1782723420,0
1029029,H30,6520,13,1782723450,0
1029029,H30,6522,14,1782723517,0
1029029,H30,6524,15,1782723555,0
1029029,H30,6526,16,1782723591,0
1029029,H30,6527,17,1782723624,0
1029029,H30,6546,18,1782723677,0
1029029,H30,6572,19,1782723736,0
1029029,H30,6599,20,1782723762,0
1029029,H30,6615,21,1782723812,0
1029029,H30,6612,22,1782723846,0
1029029,H30,6609,23,1782723881,0
1029029,H30,6638,24,1782723924,0
1029029,H30,6636,25,1782723958,0
1029029,H30,6631,26,1782723987,0
1029029,H30,6625,27,1782724017,0
1029029,H30,6624,28,1782724074,0
1029029,H30,6621,29,1782724135,0
1029029,H30,6618,30,1782724164,0
1029029,H30,6617,31,1782724201,0
1029029,H30,6626,32,1782724220,0
1029029,H30,6643,33,1782724279,0
1029029,H30,6632,34,1782724322,0
1029029,H30,6608,35,1782724371,0
1029029,H30,6602,36,1782724415,0
1029029,H30,6597,37,1782724445,0
1029029,H30,6594,38,1782724519,0
1029029,H30,6591,39,1782724552,0
1029029,H30,6589,40,1782724621,0
1029029,H30,6586,41,1782724675,0
1029029,H30,6582,42,1782724732,0
1029029,H30,6579,43,1782724792,0
1029029,H30,6577,44,1782724828,0
1029029,H30,6576,45,1782724878,0
1029029,H30,100699,46,1782725026,0
1029029,H30,3484,47,1782725072,0
1029029,H30,3480,48,1782725114,0
1029029,H30,3456,49,1782725239,0
1029052,H30C,101401,1,1782724020,0
1029052,H30C,6463,2,1782724104,0
1029052,H30C,6499,3,1782724157,0
1029052,H30C,6501,4,1782724232,0
1029052,H30C,6504,5,1782724259,0
1029052,H30C,6505,6,1782724281,0
1029052,H30C,6508,7,1782724331,0
1029052,H30C,6510,8,1782724381,0
1029052,H30C,6512,9,1782724426,0
1029052,H30C,6513,10,1782724432,0
1029052,H30C,6515,11,1782724475,0
1029052,H30C,6518,12,1782724516,0
1029052,H30C,6520,13,1782724550,0
1029052,H30C,6522,14,1782724589,0
1029052,H30C,6524,15,1782724636,0
1029052,H30C,6526,16,1782724684,0
1029052,H30C,6527,17,1782724726,0
1029052,H30C,6546,18,1782724776,0
1029052,H30C,6572,19,1782724817,0
1029052,H30C,6599,20,1782724844,0
1029052,H30C,6615,21,1782724876,0
1029052,H30C,6612,22,1782724908,0
1029052,H30C,6609,23,1782724954,0
1029052,H30C,6638,24,1782724999,0
1029052,H30C,6636,25,1782725033,0
1029052,H30C,6631,26,1782725069,0
1029052,H30C,6625,27,1782725106,0
1029052,H30C,6624,28,1782725135,0
1029061,H30S,3425,50,1782723507,0
1029061,H30S,3390,51,1782723680,0
1029061,H30S,3369,52,1782723755,0
1029061,H30S,3343,53,1782723831,0
1029061,H30S,3319,54,1782723868,0
1029061,H30S,3305,55,1782723930,0
1029061,H30S,3299,56,1782723981,0
1029061,H30S,3294,57,1782724017,0
1029061,H30S,3291,58,1782724083,0
1029061,H30S,3285,59,1782724130,0
1029061,H30S,3196,60,1782724182,0
1029061,H30S,3166,61,1782724226,0
1029061,H30S,3103,62,1782724293,0
1029061,H30S,3097,63,1782724326,0
1029061,H30S,3089,64,1782724380,0
1029061,H30S,3082,65,1782724429,0
1029061,H30S,3094,66,1782724478,0
1029061,H30S,3087,67,1782724524,0
1029061,H30S,3028,68,1782724610,0
1029061,H30S,3023,69,1782724659,0
1029061,H30S,3020,70,1782724718,0
1029061,H30S,3018,71,1782724771,0
1029061,H30S,3015,72,1782724822,0
1029061,H30S,3006,73,1782724868,0
1029061,H30S,3002,74,1782724914,0
1029061,H30S,3000,75,1782724953,0
1029061,H30S,2995,76,1782724990,0
1029061,H30S,2963,77,1782725023,0
1029061,H30S,100912,78,1782725058,0
1029061,H30S,2958,79,1782725086,0
1029061,H30S,2916,80,1782725162,0
1029061,H30S,2838,81,1782725202,0
1029061,H30S,100233,82,1782725243,0
1029061,H30S,100235,999,1782725332,0
1029069,H30S,3285,59,1782723364,0
1029069,H30S,3196,60,1782723421,0
1029069,H30S,3166,61,1782723456,0
1029069,H30S,3103,62,1782723527,0
1029069,H30S,3097,63,1782723561,0
1029069,H30S,3089,64,1782723607,0
1029069,H30S,3082,65,1782723656,0
1029069,H30S,3094,66,1782723711,0
1029069,H30S,3087,67,1782723750,0
1029069,H30S,3028,68,1782723845,0
1029069,H30S,3023,69,1782723892,0
1029069,H30S,3020,70,1782723935,0
1029069,H30S,3018,71,1782723983,0
1029069,H30S,3015,72,1782724037,0
1029069,H30S,3006,73,1782724154,0
1029069,H30S,3002,74,1782724192,0
1029069,H30S,3000,75,1782724225,0
1029069,H30S,2995,76,1782724268,0
1029069,H30S,2963,77,1782724329,0
1029069,H30S,100912,78,1782724333,0
1029069,H30S,2958,79,1782724365,0
1029069,H30S,2916,80,1782724414,0
1029069,H30S,2838,81,1782724457,0
1029069,H30S,100233,82,1782724501,0
1029069,H30S,100235,999,1782724549,0
1029113,H33,6626,18,1782723394,0
1029113,H33,6643,19,1782723460,0
1029113,H33,6632,20,1782723496,0
1029113,H33,6608,21,1782723534,0
1029113,H33,6602,22,1782723567,0
1029113,H33,6597,23,1782723597,0
1029113,H33,6594,24,1782723674,0
1029113,H33,6591,25,1782723698,0
1029113,H33,6589,26,1782723745,0
1029113,H33,6586,27,1782723787,0
1029113,H33,6582,28,1782723836,0
1029113,H33,6579,29,1782723935,0
1029113,H33,6577,30,1782723960,0
1029113,H33,6576,31,1782723996,0
1029113,H33,100699,32,1782724100,0
1029113,H33,3484,33,1782724136,0
1029113,H33,3480,34,1782724185,0
1029113,H33,3456,35,1782724302,0
1029113,H33,3425,36,1782724605,0
1029113,H33,3390,37,1782724782,0
1029113,H33,3369,38,1782724863,0
1029113,H33,3343,39,1782724918,0
1029113,H33,3319,40,1782724970,0
1029113,H33,3305,41,1782725040,0
1029113,H33,3299,42,1782725100,0
1029113,H33,3294,43,1782725140,0
1029115,H33,3356,1,1782724500,0
1029115,H33,6659,2,1782724538,0
1029115,H33,3298,3,1782724561,0
1029115,H33,3239,4,1782724598,0
1029115,H33,3240,5,1782724671,0
1029115,H33,3232,6,1782724719,0
1029115,H33,3222,7,1782724757,0
1029115,H33,3215,8,1782724816,0
1029115,H33,6488,9,1782724856,0
1029115,H33,6490,10,1782724892,0
1029115,H33,6493,11,1782724937,0
1029115,H33,6495,12,1782724988,0
1029115,H33,6496,13,1782725033,0
1029115,H33,6624,14,1782725070,0
1029115,H33,6621,15,1782725137,0
1029115,H33,6618,16,1782725166,0
1029115,H33,6617,17,1782725203,0
1029115,H33,6626,18,1782725258,0
1029115,H33,6643,19,1782725317,0
1029115,H33,6632,20,1782725360,0
1029115,H33,6608,21,1782725409,0
1029154,H33,3390,4,1782723546,0
1029154,H33,3369,5,1782723685,0
1029154,H33,3343,6,1782723779,0
1029154,H33,3319,7,1782723810,0
1029154,H33,3305,8,1782723886,0
1029154,H33,3299,9,1782723923,0
1029154,H33,3294,10,1782723955,0
1029154,H33,3291,11,1782724004,0
1029154,H33,3285,12,1782724049,0
1029154,H33,3196,13,1782724120,0
1029154,H33,3166,14,1782724154,0
1029154,H33,3103,15,1782724214,0
1029154,H33,3097,16,1782724243,0
1029154,H33,3089,17,1782724292,0
1029154,H33,3082,18,1782724337,0
1029154,H33,3012,19,1782724386,0
1029154,H33,2980,20,1782724438,0
1029154,H33,2977,21,1782724490,0
1029154,H33,2959,22,1782724562,0
1029154,H33,2917,23,1782724617,0
1029154,H33,2913,24,1782724689,0
1029154,H33,100427,25,1782724758,0
1029154,H33,2907,26,1782724824,0
1029154,H33,2894,27,1782724891,0
1029154,H33,2864,28,1782724930,0
1029154,H33,2857,29,1782724988,0
1029154,H33,2854,30,1782725012,0
1029154,H33,2845,31,1782725101,0
1029154,H33,2871,999,1782725138,0
1029158,H33,3082,51,1782723371,0
1029158,H33,3012,52,1782723421,0
1029158,H33,2980,53,1782723475,0
1029158,H33,2977,54,1782723529,0
1029158,H33,2959,55,1782723598,0
1029158,H33,2917,56,1782723647,0
1029158,H33,2913,57,1782723697,0
1029158,H33,100427,58,1782723758,0
1029158,H33,2907,59,1782723807,0
1029158,H33,2894,60,1782723858,0
1029158,H33,2864,61,1782723940,0
1029158,H33,2857,62,1782723985,0
1029158,H33,2854,63,1782724012,0
1029158,H33,2845,64,1782724098,0
1029158,H33,2871,999,1782724131,0
1029175,H33,3486,35,1782723364,0
1029175,H33,100700,36,1782723403,0
1029175,H33,6580,37,1782723550,0
1029175,H33,6583,38,1782723669,0
1029175,H33,6584,39,1782723756,0
1029175,H33,6588,40,1782723791,0
1029175,H33,6590,41,1782723840,0
1029175,H33,6593,42,1782723882,0
1029175,H33,6595,43,1782723916,0
1029175,H33,6600,44,1782723971,0
1029175,H33,6603,45,1782724021,0
1029175,H33,6613,46,1782724063,0
1029175,H33,6635,47,1782724092,0
1029175,H33,6644,48,1782724119,0
1029175,H33,6629,49,1782724167,0
1029175,H33,6620,50,1782724190,0
1029175,H33,6619,51,1782724208,0
1029175,H33,6622,52,1782724256,0
1029175,H33,6628,53,1782724301,0
1029175,H33,6497,54,1782724406,0
1029175,H33,6494,55,1782724406,0
1029175,H33,6492,56,1782724438,0
1029175,H33,6491,57,1782724503,0
1029175,H33,6489,58,1782724526,0
1029175,H33,3218,59,1782724585,0
1029175,H33,3228,60,1782724656,0
1029175,H33,3234,61,1782724714,0
1029175,H33,3247,62,1782724775,0
1029175,H33,3253,63,1782724832,0
1029175,H33,3322,64,1782724881,0
1029175,H33,6769,65,1782724923,0
1029175,H33,3356,999,1782724971,0
1029213,W90,3399,45,1782723389,0
1029213,W90,3459,46,1782723575,0
1029213,W90,3473,47,1782723695,0
1029213,W90,101406,48,1782723851,0
1029213,W90,3606,49,1782723952,0
1029213,W90,101407,50,1782724059,0
1029213,W90,3835,51,1782724242,0
1029213,W90,3878,52,1782724289,0
1029213,W90,3917,53,1782724317,0
1029213,W90,3935,54,1782724371,0
1029213,W90,3943,55,1782724408,0
1029213,W90,3949,56,1782724462,0
1029213,W90,3993,57,1782724510,0
1029213,W90,4025,58,1782724545,0
1029213,W90,4039,59,1782724588,0
1029213,W90,4075,60,1782724621,0
1029213,W90,4137,61,1782724661,0
1029213,W90,4179,62,1782724703,0
1029213,W90,4266,63,1782724766,0
1029213,W90,4325,64,1782724824,0
1029213,W90,4364,65,1782724875,0
1029213,W90,4413,66,1782724937,0
1029213,W90,4476,67,1782724979,0
1029213,W90,4531,68,1782725039,0
1029213,W90,4562,69,1782725078,0
1029213,W90,4602,70,1782725131,0
1029213,W90,4656,71,1782725195,0
1029213,W90,4706,72,1782725271,0
1029213,W90,4724,73,1782725309,0
1029213,W90,4727,74,1782725377,0
1029213,W90,4730,75,1782725418,0
1029231,W90,101408,44,1782723410,0
1029231,W90,3610,45,1782723493,0
1029231,W90,3542,46,1782723615,0
1029231,W90,3464,47,1782723813,0
1029231,W90,3458,48,1782723876,0
1029231,W90,3425,49,1782724107,0
1029231,W90,3390,50,1782724298,0
1029231,W90,3369,51,1782724409,0
1029231,W90,3343,52,1782724480,0
1029231,W90,3319,53,1782724515,0
1029231,W90,3283,54,1782724566,0
1029231,W90,3214,55,1782724613,0
1029231,W90,3183,56,1782724656,0
1029231,W90,3165,57,1782724696,0
1029231,W90,3122,58,1782724744,0
1029231,W90,3046,59,1782724782,0
1029231,W90,3005,60,1782724835,0
1029231,W90,2969,61,1782724872,0
1029231,W90,2927,62,1782724932,0
1029231,W90,2887,63,1782724972,0
1029231,W90,2836,64,1782725026,0
1029231,W90,2822,65,1782725060,0
1029231,W90,2804,66,1782725077,0
1029231,W90,2768,67,1782725152,0
1029231,W90,2695,68,1782725207,0
1029231,W90,2659,69,1782725249,0
1029255,W90,4742,76,1782723406,0
1029255,W90,4786,77,1782723460,0
1029255,W90,4804,78,1782723513,0
1029255,W90,4838,79,1782723575,0
1029255,W90,4854,80,1782723641,0
1029255,W90,4868,81,1782723683,0
1029255,W90,4896,82,1782723716,0
1029255,W90,4921,83,1782723738,0
1029255,W90,4954,84,1782723771,0
1029255,W90,4999,85,1782723807,0
1029255,W90,5035,86,1782723841,0
1029255,W90,5062,87,1782723880,0
1029255,W90,5092,88,1782723936,0
1029255,W90,5098,89,1782723958,0
1029255,W90,5103,90,1782724028,0
1029255,W90,5106,91,1782724048,0
1029255,W90,5110,92,1782724069,0
1029255,W90,5100,999,1782724163,0
1029257,W90,4075,60,1782723384,0
1029257,W90,4137,61,1782723430,0
1029257,W90,4179,62,1782723473,0
1029257,W90,4266,63,1782723533,0
1029257,W90,4325,64,1782723629,0
1029257,W90,4364,65,1782723663,0
1029257,W90,4413,66,1782723718,0
1029257,W90,4476,67,1782723819,0
1029257,W90,4531,68,1782723866,0
1029257,W90,4562,69,1782723914,0
1029257,W90,4602,70,1782723965,0
1029257,W90,4656,71,1782724022,0
1029257,W90,4706,72,1782724060,0
1029257,W90,4724,73,1782724115,0
1029257,W90,4727,74,1782724156,0
1029257,W90,4730,75,1782724248,0
1029257,W90,4733,76,1782724314,0
1029257,W90,4742,77,1782724326,0
1029257,W90,4786,78,1782724413,0
1029257,W90,4804,79,1782724439,0
1029257,W90,4838,80,1782724475,0
1029257,W90,4854,81,1782724519,0
1029257,W90,4868,82,1782724550,0
1029257,W90,4896,83,1782724591,0
1029257,W90,4921,84,1782724615,0
1029257,W90,4954,85,1782724676,0
1029257,W90,4999,86,1782724719,0
1029257,W90,5035,87,1782724780,0
1029257,W90,5062,88,1782724831,0
1029257,W90,5092,89,1782724869,0
1029257,W90,5098,90,1782724906,0
1029257,W90,5103,91,1782724978,0
1029257,W90,5106,92,1782725017,0
1029257,W90,5110,93,1782725059,0
1029265,W90,2804,66,1782723375,0
1029265,W90,2768,67,1782723406,0
1029265,W90,2695,68,1782723470,0
1029265,W90,2659,69,1782723517,0
1029265,W90,2620,70,1782723563,0
1029265,W90,2600,71,1782723611,0
1029265,W90,2578,72,1782723634,0
1029265,W90,2586,73,1782723676,0
1029265,W90,2644,74,1782723705,0
1029265,W90,2685,75,1782723730,0
1029265,W90,2736,76,1782723800,0
1029265,W90,2769,77,1782723818,0
1029265,W90,2797,78,1782723840,0
1029265,W90,2771,79,1782723863,0
1029265,W90,2748,80,1782723892,0
1029265,W90,2700,81,1782723921,0
1029265,W90,2687,82,1782723951,0
1029265,W90,2658,83,1782723993,0
1029265,W90,2633,84,1782724064,0
1029265,W90,2595,85,1782724068,0
1029265,W90,2604,86,1782724127,0
1029265,W90,2566,87,1782724153,0
1029265,W90,2502,88,1782724166,0
1029265,W90,2463,89,1782724227,0
1029265,W90,2450,90,1782724224,0
1029265,W90,2365,91,1782724266,0
1029265,W90,2306,92,1782724290,0
1029265,W90,2221,93,1782724360,0
1029265,W90,101704,999,1782724379,0
1029270,W90M,5100,1,1782723540,0
1029270,W90M,5105,2,1782723607,0
1029270,W90M,5104,3,1782723641,0
1029270,W90M,5099,4,1782723647,0
1029270,W90M,5093,5,1782723717,0
1029270,W90M,5058,6,1782723767,0
1029270,W90M,5024,7,1782723819,0
1029270,W90M,5001,8,1782723854,0
1029270,W90M,4957,9,1782723892,0
1029270,W90M,4922,10,1782723944,0
1029270,W90M,4897,11,1782723976,0
1029270,W90M,4870,12,1782724002,0
1029270,W90M,4851,13,1782724035,0
1029270,W90M,4840,14,1782724062,0
1029270,W90M,4805,15,1782724102,0
1029270,W90M,4779,16,1782724169,0
1029270,W90M,4743,17,1782724212,0
1029270,W90M,4731,18,1782724265,0
1029270,W90M,4728,19,1782724321,0
1029270,W90M,4725,20,1782724410,0
1029270,W90M,4721,21,1782724424,0
1029270,W90M,4705,22,1782724456,0
1029270,W90M,4653,23,1782724502,0
1029270,W90M,4596,24,1782724550,0
1029270,W90M,4561,25,1782724597,0
1029270,W90M,4536,26,1782724638,0
1029270,W90M,4496,27,1782724672,0
1029270,W90M,4394,28,1782724786,0
1029270,W90M,4369,29,1782724820,0
1029270,W90M,4332,30,1782724859,0
1029270,W90M,4277,31,1782724895,0
1029270,W90M,4198,32,1782724941,0
1029270,W90M,4154,33,1782724987,0
1029270,W90M,4090,34,1782725043,0
1029270,W90M,4034,35,1782725091,0
1029270,W90M,4021,36,1782725138,0
1029270,W90M,3947,37,1782725178,0
1029270,W90M,3941,38,1782725232,0
1029270,W90M,3934,39,1782725294,0
1029270,W90M,3906,40,1782725342,0
1029270,W90M,3879,41,1782725396,0
1029292,W91,3343,36,1782723365,0
1029292,W91,3319,37,1782723408,0
1029292,W91,3283,38,1782723480,0
1029292,W91,3214,39,1782723519,0
1029292,W91,3183,40,1782723559,0
1029292,W91,3165,41,1782723599,0
1029292,W91,3122,42,1782723656,0
1029292,W91,3046,43,1782723691,0
1029292,W91,3005,44,1782723767,0
1029292,W91,2969,45,1782723807,0
1029292,W91,2927,46,1782723867,0
1029292,W91,2887,47,1782723903,0
1029292,W91,2836,999,1782723955,0
1029312,W91,3947,21,1782723376,0
1029312,W91,3941,22,1782723447,0
1029312,W91,3934,23,1782723515,0
1029312,W91,3906,24,1782723587,0
1029312,W91,3879,25,1782723609,0
1029312,W91,3831,26,1782723720,0
1029312,W91,3825,27,1782723745,0
1029312,W91,101408,28,1782723851,0
1029312,W91,3610,29,1782723953,0
1029312,W91,3542,30,1782724043,0
1029312,W91,3464,31,1782724207,0
1029312,W91,3458,32,1782724297,0
1029312,W91,3425,33,1782724518,0
1029312,W91,3390,34,1782724667,0
1029312,W91,3369,35,1782724748,0
1029312,W91,3343,36,1782724803,0
1029312,W91,3319,37,1782724855,0
1029312,W91,3283,38,1782724924,0
1029312,W91,3214,39,1782724967,0
1029312,W91,3183,40,1782725017,0
1029312,W91,3165,41,1782725057,0
1029312,W91,3122,42,1782725105,0
1029312,W91,3046,43,1782725143,0
1029312,W91,3005,44,1782725196,0
1029312,W91,2969,45,1782725233,0
1029329,W91,4878,32,1782723379,0
1029329,W91,4925,999,1782723437,0
1029331,W91,3835,22,1782723483,0
1029331,W91,3878,23,1782723533,0
1029331,W91,3917,24,1782723566,0
1029331,W91,3935,25,1782723620,0
1029331,W91,3943,26,1782723678,0
1029331,W91,3949,27,1782723722,0
1029331,W91,3993,28,1782723768,0
1029331,W91,4025,29,1782723819,0
1029331,W91,4039,30,1782723855,0
1029331,W91,4075,31,1782723888,0
1029331,W91,4137,32,1782723931,0
1029331,W91,4179,33,1782723977,0
1029331,W91,4266,34,1782724039,0
1029331,W91,4325,35,1782724115,0
1029331,W91,4364,36,1782724150,0
1029331,W91,4413,37,1782724231,0
1029331,W91,4476,38,1782724305,0
1029331,W91,4531,39,1782724360,0
1029331,W91,4562,40,1782724406,0
1029331,W91,4602,41,1782724457,0
1029331,W91,4656,42,1782724534,0
1029331,W91,4706,43,1782724588,0
1029331,W91,4752,44,1782724632,0
1029331,W91,4800,45,1782724715,0
1029331,W91,4845,46,1782724775,0
1029331,W91,4878,47,1782724811,0
1029331,W91,4925,999,1782724916,0
1029363,X30,101884,999,1782723372,0
1029369,X30,6600,51,1782723371,0
1029369,X30,6603,52,1782723422,0
1029369,X30,6613,53,1782723469,0
1029369,X30,6635,54,1782723501,0
1029369,X30,6644,55,1782723535,0
1029369,X30,6629,56,1782723595,0
1029369,X30,6620,57,1782723618,0
1029369,X30,6619,58,1782723641,0
1029369,X30,6622,59,1782723663,0
1029369,X30,6628,60,1782723711,0
1029369,X30,6630,61,1782723787,0
1029369,X30,6633,62,1782723814,0
1029369,X30,6637,63,1782723837,0
1029369,X30,6639,64,1782723868,0
1029369,X30,6611,65,1782723913,0
1029369,X30,6614,66,1782723946,0
1029369,X30,6616,67,1782723985,0
1029369,X30,6610,68,1782724042,0
1029369,X30,6575,69,1782724078,0
1029369,X30,6549,70,1782724112,0
1029369,X30,6528,71,1782724182,0
1029369,X30,6525,72,1782724215,0
1029369,X30,6523,73,1782724260,0
1029369,X30,6521,74,1782724302,0
1029369,X30,6519,75,1782724368,0
1029369,X30,6517,76,1782724405,0
1029369,X30,6516,77,1782724435,0
1029369,X30,6514,78,1782724479,0
1029369,X30,6511,79,1782724537,0
1029369,X30,6509,80,1782724580,0
1029369,X30,6507,81,1782724631,0
1029369,X30,6506,82,1782724677,0
1029369,X30,6503,83,1782724733,0
1029369,X30,6502,84,1782724794,0
1029369,X30,6500,85,1782724855,0
1029369,X30,6462,86,1782724895,0
1029369,X30,101884,999,1782724975,0
1029370,X30,3399,46,1782723385,0
1029370,X30,3449,47,1782723506,0
1029370,X30,3466,48,1782723609,0
1029370,X30,3485,49,1782723742,0
1029370,X30,6595,50,1782724141,0
1029370,X30,6600,51,1782724218,0
1029370,X30,6603,52,1782724266,0
1029370,X30,6613,53,1782724312,0
1029370,X30,6635,54,1782724342,0
1029370,X30,6644,55,1782724383,0
1029370,X30,6629,56,1782724438,0
1029370,X30,6620,57,1782724459,0
1029370,X30,6619,58,1782724481,0
1029370,X30,6622,59,1782724503,0
1029370,X30,6628,60,1782724545,0
1029370,X30,6630,61,1782724581,0
1029370,X30,6633,62,1782724611,0
1029370,X30,6637,63,1782724650,0
1029370,X30,6639,64,1782724698,0
1029370,X30,6611,65,1782724754,0
1029370,X30,6614,66,1782724789,0
1029370,X30,6616,67,1782724840,0
1029370,X30,6610,68,1782724877,0
1029370,X30,6575,69,1782724920,0
1029370,X30,6549,70,1782724965,0
1029370,X30,6528,71,1782725024,0
1029370,X30,6525,72,1782725064,0
1029370,X30,6523,73,1782725135,0
1029377,X30,6600,51,1782723382,0
1029377,X30,6603,52,1782723427,0
1029377,X30,6613,53,1782723474,0
1029377,X30,6635,54,1782723504,0
1029377,X30,6644,55,1782723540,0
1029377,X30,6629,56,1782723594,0
1029377,X30,6620,57,1782723617,0
1029377,X30,6619,58,1782723642,0
1029377,X30,6622,59,1782723663,0
1029377,X30,6628,60,1782723708,0
1029377,X30,6630,61,1782723778,0
1029377,X30,6633,62,1782723804,0
1029377,X30,6637,63,1782723824,0
1029377,X30,6639,64,1782723855,0
1029377,X30,6611,65,1782723899,0
1029377,X30,6614,66,1782723929,0
1029377,X30,6616,67,1782723968,0
1029377,X30,6610,68,1782724024,0
1029377,X30,6575,69,1782724059,0
1029377,X30,6549,70,1782724090,0
1029377,X30,6528,71,1782724155,0
1029377,X30,6525,72,1782724185,0
1029377,X30,6523,73,1782724229,0
1029377,X30,6521,74,1782724271,0
1029377,X30,6519,75,1782724331,0
1029377,X30,6517,76,1782724369,0
1029377,X30,6516,77,1782724397,0
1029377,X30,6514,78,1782724429,0
1029377,X30,6511,79,1782724455,0
1029377,X30,6509,80,1782724498,0
1029377,X30,6507,81,1782724549,0
1029377,X30,6506,82,1782724595,0
1029377,X30,6503,83,1782724651,0
1029377,X30,6502,84,1782724712,0
1029377,X30,6500,85,1782724773,0
1029377,X30,6462,86,1782724813,0
1029377,X30,101884,999,1782724893,0
1086179,GAW,6722,17,1782723367,0
1086179,GAW,6665,999,1782723615,0
1086180,GAWC,6705,15,1782723559,0
1086180,GAWC,6702,16,1782723711,0
1086180,GAWC,6665,999,1782724162,0
1086182,GAW,6724,8,1782723483,0
1086182,GAW,6733,9,1782723626,0
1086182,GAW,6729,10,1782723862,0
1086182,GAW,6730,11,1782723997,0
1086182,GAW,6699,12,1782724084,0
1086182,GAW,100435,13,1782724172,0
1086182,GAW,6702,14,1782724686,0
1086182,GAW,6683,15,1782724806,0
1086182,GAW,6728,16,1782724926,0
1086182,GAW,6722,17,1782725046,0
1086182,GAW,6665,999,1782725286,0
1086183,GAWC,6691,4,1782723844,0
1086183,GAWC,6737,5,1782723961,0
1086183,GAWC,6707,6,1782724112,0
1086183,GAWC,6720,7,1782724263,0
1086183,GAWC,6736,8,1782724395,0
1086183,GAWC,6673,9,1782724546,0
1086183,GAWC,6744,10,1782724628,0
1086183,GAWC,6687,11,1782724774,0
1086183,GAWC,6688,12,1782724894,0
1086183,GAWC,6724,13,1782725074,0
1086183,GAWC,6733,14,1782725194,0
1086183,GAWC,6675,15,1782725314,0
1086183,GAWC,6729,16,1782725434,0
1086244,GAW,101470,999,1782723383,0
1086245,GAWC,101465,14,1782723681,0
1086245,GAWC,101466,15,1782723841,0
1086245,GAWC,101467,16,1782723966,0
1086245,GAWC,101468,17,1782724277,0
1086245,GAWC,101470,18,1782724521,0
1086245,GAWC,101471,19,1782724818,0
1086245,GAWC,101472,999,1782724937,0
1086246,GAWC,101457,6,1782723540,0
1086246,GAWC,101458,7,1782723645,0
1086246,GAWC,101459,8,1782723777,0
1086246,GAWC,101462,9,1782724079,0
1086246,GAWC,101463,10,1782724269,0
1086246,GAWC,101464,11,1782724376,0
1086246,GAWC,101465,12,1782724527,0
1086246,GAWC,101468,13,1782724888,0
1086246,GAWC,101469,14,1782725008,0
1086246,GAWC,101470,15,1782725308,0
1087118,172,3552,7,1782723393,0
1087118,172,3545,8,1782723461,0
1087118,172,3543,9,1782723495,0
1087118,172,3595,10,1782723598,0
1087118,172,3666,11,1782723652,0
1087118,172,3696,12,1782723702,0
1087118,172,100913,13,1782723747,0
1087118,172,3833,14,1782723913,0
1087118,172,3884,15,1782723933,0
1087118,172,3913,16,1782723965,0
1087118,172,3939,17,1782724021,0
1087118,172,3985,18,1782724069,0
1087118,172,4028,19,1782724094,0
1087118,172,4064,20,1782724113,0
1087118,172,4113,21,1782724154,0
1087118,172,4160,22,1782724184,0
1087118,172,4218,23,1782724224,0
1087118,172,4265,24,1782724275,0
1087118,172,4319,25,1782724306,0
1087118,172,4346,26,1782724355,0
1087118,172,4355,999,1782724414,0
1087127,172,4324,3,1782723376,0
1087127,172,4268,4,1782723403,0
1087127,172,4222,5,1782723491,0
1087127,172,4161,6,1782723545,0
1087127,172,4116,7,1782723544,0
1087127,172,4066,8,1782723610,0
1087127,172,4033,9,1782723642,0
1087127,172,4003,10,1782723666,0
1087127,172,3946,11,1782723693,0
1087127,172,3915,12,1782723735,0
1087127,172,3886,13,1782723769,0
1087127,172,3857,14,1782723773,0
1087127,172,3743,15,1782723924,0
1087127,172,3714,999,1782723960,0
1087145,172,3372,1,1782723540,0
1087145,172,3391,2,1782723629,0
1087145,172,6793,3,1782723772,0
1087145,172,3404,4,1782723861,0
1087145,172,6452,5,1782724025,0
1087145,172,3535,6,1782724155,0
1087145,172,3552,7,1782724276,0
1087145,172,3545,8,1782724326,0
1087145,172,3543,9,1782724380,0
1087145,172,3595,10,1782724454,0
1087145,172,3666,11,1782724532,0
1087145,172,3696,12,1782724576,0
1087145,172,100913,13,1782724665,0
1087145,172,3833,14,1782724756,0
1087145,172,3884,15,1782724791,0
1087145,172,3913,16,1782724835,0
1087145,172,3939,17,1782724887,0
1087145,172,3985,18,1782724918,0
1087145,172,4028,19,1782724974,0
1087145,172,4064,20,1782725026,0
1087145,172,4113,21,1782725079,0
1087145,172,4160,22,1782725130,0
1087161,172,4319,25,1782723384,0
1087161,172,4346,26,1782723414,0
1087161,172,4355,999,1782723470,0
1087166,172,4355,1,1782724260,0
1087166,172,4344,2,1782724301,0
1087166,172,4324,3,1782724345,0
1087166,172,4268,4,1782724388,0
1087166,172,4222,5,1782724440,0
1087166,172,4161,6,1782724517,0
1087166,172,4116,7,1782724524,0
1087166,172,4066,8,1782724576,0
1087166,172,4033,9,1782724616,0
1087166,172,4003,10,1782724651,0
1087166,172,3946,11,1782724656,0
1087166,172,3915,12,1782724697,0
1087166,172,3886,13,1782724736,0
1087166,172,3857,14,1782724780,0
1087166,172,3743,15,1782724838,0
1087166,172,3714,999,1782724887,0
1087191,174,3546,5,1782723380,0
1087191,174,3551,6,1782723415,0
1087191,174,3553,7,1782723502,0
1087191,174,3558,8,1782723555,0
1087191,174,6457,9,1782723741,0
1087191,174,6450,10,1782723834,0
1087191,174,3398,11,1782724002,0
1087191,174,3396,12,1782724072,0
1087191,174,3390,13,1782724218,0
1087191,174,3369,14,1782724286,0
1087191,174,3343,15,1782724341,0
1087191,174,3319,16,1782724371,0
1087191,174,3283,17,1782724438,0
1087191,174,3212,18,1782724466,0
1087191,174,3185,19,1782724494,0
1087191,174,3169,20,1782724524,0
1087191,174,3133,21,1782724574,0
1087191,174,3058,22,1782724615,0
1087191,174,2999,23,1782724663,0
1087191,174,2914,24,1782724733,0
1087191,174,2877,25,1782724803,0
1087191,174,2829,26,1782724880,0
1087191,174,2818,27,1782724912,0
1087191,174,2787,28,1782724962,0
1087191,174,2754,29,1782724991,0
1087191,174,2703,30,1782725067,0
1087191,174,2653,31,1782725119,0
1087191,174,2617,32,1782725140,0
1087191,174,2564,33,1782725180,0
1087191,174,2526,34,1782725214,0
1087191,174,2464,35,1782725259,0
1087213,174,3343,15,1782723389,0
1087213,174,3319,16,1782723419,0
1087213,174,3283,17,1782723484,0
1087213,174,3212,18,1782723514,0
1087213,174,3185,19,1782723544,0
1087213,174,3169,20,1782723576,0
1087213,174,3133,21,1782723639,0
1087213,174,3058,22,1782723665,0
1087213,174,2999,23,1782723700,0
1087213,174,2914,24,1782723754,0
1087213,174,2877,25,1782723827,0
1087213,174,2829,26,1782723901,0
1087213,174,2818,27,1782723949,0
1087213,174,2787,28,1782723978,0
1087213,174,2754,29,1782724023,0
1087213,174,2703,30,1782724091,0
1087213,174,2653,31,1782724123,0
1087213,174,2617,32,1782724143,0
1087213,174,2564,33,1782724169,0
1087213,174,2526,34,1782724197,0
1087213,174,2464,35,1782724253,0
1087213,174,2419,36,1782724286,0
1087213,174,2379,37,1782724307,0
1087213,174,2287,38,1782724359,0
1087213,174,2238,39,1782724366,0
1087213,174,101704,999,1782724445,0
1087217,174,2787,28,1782723369,0
1087217,174,2754,29,1782723414,0
1087217,174,2703,30,1782723493,0
1087217,174,2653,31,1782723526,0
1087217,174,2617,32,1782723552,0
1087217,174,2564,33,1782723577,0
1087217,174,2526,34,1782723603,0
1087217,174,2464,35,1782723654,0
1087217,174,2419,36,1782723688,0
1087217,174,2379,37,1782723713,0
1087217,174,2287,38,1782723755,0
1087217,174,2238,39,1782723774,0
1087217,174,101704,999,1782723842,0
1087221,174,3714,1,1782723960,0
1087221,174,3654,2,1782724006,0
1087221,174,3600,3,1782724044,0
1087221,174,3549,4,1782724079,0
1087221,174,3546,5,1782724121,0
1087221,174,3551,6,1782724152,0
1087221,174,3553,7,1782724213,0
1087221,174,3558,8,1782724260,0
1087221,174,6457,9,1782724439,0
1087221,174,6450,10,1782724557,0
1087221,174,3398,11,1782724677,0
1087221,174,3396,12,1782724787,0
1087221,174,3390,13,1782724917,0
1087221,174,3369,14,1782724984,0
1087221,174,3343,15,1782725029,0
1087221,174,3319,16,1782725072,0
1087221,174,3283,17,1782725128,0
1087221,174,3212,18,1782725166,0
1087221,174,3185,19,1782725191,0
1087242,174,3217,22,1782723363,0
1087242,174,3269,23,1782723382,0
1087242,174,3310,24,1782723425,0
1087242,174,3326,25,1782723468,0
1087242,174,3372,999,1782723538,0
1087297,224,3038,9,1782723407,0
1087297,224,3009,10,1782723444,0
1087297,224,2920,11,1782723649,0
1087297,224,2883,12,1782723699,0
1087297,224,2815,13,1782723771,0
1087297,224,2699,14,1782723832,0
1087297,224,2635,15,1782723870,0
1087297,224,2565,16,1782723896,0
1087297,224,2504,17,1782723931,0
1087297,224,2384,18,1782724000,0
1087297,224,2230,19,1782724101,0
1087297,224,2183,20,1782724131,0
1087297,224,2102,21,1782724177,0
1087297,224,2030,22,1782724215,0
1087297,224,1944,23,1782724247,0
1087297,224,1874,24,1782724285,0
1087297,224,1760,25,1782724347,0
1087297,224,1660,26,1782724460,0
1087297,224,1609,27,1782724486,0
1087297,224,1564,28,1782724505,0
1087297,224,1517,29,1782724547,0
1087297,224,1450,30,1782724629,0
1087297,224,1400,31,1782724667,0
1087297,224,1323,32,1782724755,0
1087297,224,1228,33,1782724844,0
1087297,224,1205,34,1782724889,0
1087297,224,100275,35,1782724931,0
1087297,224,100277,36,1782724977,0
1087297,224,7271,37,1782725059,0
1087297,224,100158,38,1782725129,0
1087322,224,2920,11,1782723404,0
1087322,224,2883,12,1782723456,0
1087322,224,2815,13,1782723533,0
1087322,224,2699,14,1782723591,0
1087322,224,2635,15,1782723630,0
1087322,224,2565,16,1782723656,0
1087322,224,2504,17,1782723694,0
1087322,224,2384,18,1782723771,0
1087322,224,2230,19,1782723887,0
1087322,224,2183,20,1782723915,0
1087322,224,2102,21,1782723960,0
1087322,224,2030,22,1782724000,0
1087322,224,1944,23,1782724035,0
1087322,224,1874,24,1782724070,0
1087322,224,1760,25,1782724128,0
1087322,224,1660,26,1782724245,0
1087322,224,1609,27,1782724268,0
1087322,224,1564,28,1782724286,0
1087322,224,1517,29,1782724329,0
1087322,224,1450,30,1782724371,0
1087322,224,1400,31,1782724387,0
1087322,224,1323,32,1782724418,0
1087322,224,1228,33,1782724507,0
1087322,224,1205,34,1782724552,0
1087322,224,100275,35,1782724594,0
1087322,224,100277,36,1782724640,0
1087322,224,7271,37,1782724722,0
1087322,224,100158,38,1782724792,0
1087322,224,101304,39,1782724896,0
1087322,224,100436,40,1782724948,0
1087324,224F,761,49,1782723411,0
1087324,224F,749,50,1782723437,0
1087324,224F,729,51,1782723459,0
1087324,224F,694,52,1782723516,0
1087324,224F,674,53,1782723547,0
1087324,224F,661,54,1782723568,0
1087324,224F,630,55,1782723604,0
1087324,224F,615,56,1782723651,0
1087324,224F,590,57,1782723678,0
1087324,224F,528,58,1782723901,0
1087324,224F,101927,59,1782724073,0
1087324,224F,515,60,1782724110,0
1087324,224F,490,61,1782724160,0
1087324,224F,461,62,1782724222,0
1087324,224F,453,63,1782724267,0
1087324,224F,460,64,1782724315,0
1087324,224F,443,65,1782724343,0
1087324,224F,429,66,1782724358,0
1087324,224F,417,67,1782724453,0
1087324,224F,415,68,1782724491,0
1087324,224F,409,69,1782724493,0
1087324,224F,100272,70,1782724560,0
1087324,224F,100153,71,1782724579,0
1087324,224F,365,72,1782724642,0
1087324,224F,344,73,1782724699,0
1087324,224F,331,74,1782724732,0
1087324,224F,322,75,1782724775,0
1087324,224F,310,76,1782724817,0
1087324,224F,295,77,1782724877,0
1087324,224F,283,78,1782724949,0
1087324,224F,275,79,1782725017,0
1087324,224F,269,80,1782725077,0
1087336,224F,235,84,1782723415,0
1087336,224F,242,999,1782723520,0
1087352,224M,253,3,1782723604,0
1087352,224M,258,4,1782723634,0
1087352,224M,268,5,1782723670,0
1087352,224M,274,6,1782723703,0
1087352,224M,285,7,1782723742,0
1087352,224M,297,8,1782723806,0
1087352,224M,309,9,1782723845,0
1087352,224M,320,10,1782723868,0
1087352,224M,323,11,1782723890,0
1087352,224M,345,12,1782723933,0
1087352,224M,363,13,1782723989,0
1087352,224M,100152,14,1782724043,0
1087352,224M,100273,15,1782724091,0
1087352,224M,410,16,1782724169,0
1087352,224M,416,17,1782724190,0
1087352,224M,418,18,1782724207,0
1087352,224M,430,19,1782724264,0
1087352,224M,444,20,1782724296,0
1087352,224M,466,21,1782724333,0
1087352,224M,452,22,1782724380,0
1087352,224M,465,23,1782724431,0
1087352,224M,496,24,1782724479,0
1087352,224M,507,25,1782724504,0
1087352,224M,517,26,1782724616,0
1087352,224M,549,27,1782724670,0
1087352,224M,586,28,1782724764,0
1087352,224M,617,29,1782724818,0
1087352,224M,631,30,1782724870,0
1087352,224M,655,31,1782724919,0
1087352,224M,678,32,1782724963,0
1087352,224M,690,33,1782724998,0
1087352,224M,725,34,1782725063,0
1087352,224M,744,35,1782725108,0
1087352,224M,768,36,1782725159,0
1087352,224M,790,37,1782725220,0
1087360,224X,417,36,1782723370,0
1087360,224X,415,37,1782723392,0
1087360,224X,409,38,1782723411,0
1087360,224X,100272,39,1782723454,0
1087360,224X,100153,40,1782723485,0
1087360,224X,365,41,1782723531,0
1087360,224X,344,42,1782723558,0
1087360,224X,331,43,1782723580,0
1087360,224X,322,44,1782723607,0
1087360,224X,310,45,1782723626,0
1087360,224X,295,46,1782723712,0
1087360,224X,283,47,1782723758,0
1087360,224X,275,48,1782723795,0
1087360,224X,269,49,1782723821,0
1087360,224X,260,50,1782723846,0
1087360,224X,252,51,1782723883,0
1087360,224X,246,52,1782723937,0
1087360,224X,235,53,1782723991,0
1087360,224X,242,999,1782724079,0
1087375,225,100762,39,1782723396,0
1087375,225,100873,40,1782723429,0
1087375,225,100871,41,1782723475,0
1087375,225,975,42,1782723542,0
1087375,225,100781,43,1782723576,0
1087375,225,1229,44,1782723665,0
1087375,225,1344,45,1782723736,0
1087375,225,1447,46,1782723770,0
1087375,225,1533,47,1782723812,0
1087375,225,1568,48,1782723828,0
1087375,225,1611,49,1782723846,0
1087375,225,1676,50,1782723861,0
1087375,225,1763,999,1782723916,0
1087387,225,1760,1,1782724636,0
1087387,225,1685,2,1782724690,0
1087387,225,1617,3,1782724718,0
1087387,225,1563,4,1782724777,0
1087387,225,1530,5,1782724800,0
1087387,225,1424,6,1782724895,0
1087405,225F,100433,40,1782723398,0
1087405,225F,100437,41,1782723680,0
1087405,225F,101305,42,1782723737,0
1087405,225F,7265,43,1782723828,0
1087405,225F,1097,44,1782723891,0
1087405,225F,1108,45,1782723923,0
1087405,225F,1102,46,1782723955,0
1087405,225F,1071,47,1782723986,0
1087405,225F,1030,48,1782724056,0
1087405,225F,996,49,1782724085,0
1087405,225F,100634,50,1782724177,0
1087405,225F,1217,51,1782724195,0
1087405,225F,973,52,1782724219,0
1087405,225F,981,53,1782724245,0
1087405,225F,1013,54,1782724282,0
1087405,225F,1037,55,1782724329,0
1087405,225F,100635,56,1782724436,0
1087405,225F,977,57,1782724472,0
1087405,225F,100770,58,1782724556,0
1087405,225F,883,59,1782724602,0
1087405,225F,872,60,1782724648,0
1087405,225F,849,61,1782724683,0
1087405,225F,835,62,1782724720,0
1087405,225F,820,63,1782724751,0
1087405,225F,804,64,1782724800,0
1087405,225F,780,65,1782724842,0
1087405,225F,757,66,1782724863,0
1087405,225F,739,67,1782724913,0
1087405,225F,724,68,1782724960,0
1087405,225F,704,69,1782725017,0
1087405,225F,687,70,1782725054,0
1087405,225F,662,71,1782725100,0
1087405,225F,639,72,1782725150,0
1087405,225F,616,73,1782725218,0
1087410,225F,835,62,1782723386,0
1087410,225F,820,63,1782723424,0
1087410,225F,804,64,1782723470,0
1087410,225F,780,65,1782723526,0
1087410,225F,757,66,1782723535,0
1087410,225F,739,67,1782723597,0
1087410,225F,724,68,1782723624,0
1087410,225F,704,69,1782723651,0
1087410,225F,687,70,1782723670,0
1087410,225F,662,71,1782723711,0
1087410,225F,639,72,1782723735,0
1087410,225F,616,73,1782723788,0
1087410,225F,589,74,1782723802,0
1087410,225F,533,75,1782723860,0
1087410,225F,517,76,1782723901,0
1087410,225F,526,999,1782723970,0
1087412,225M,549,1,1782723480,0
1087412,225M,7313,2,1782723522,0
1087412,225M,6925,3,1782723567,0
1087412,225M,587,4,1782723643,0
1087412,225M,607,5,1782723691,0
1087412,225M,628,6,1782723738,0
1087412,225M,659,7,1782723797,0
1087412,225M,686,8,1782723829,0
1087412,225M,709,9,1782723870,0
1087412,225M,726,10,1782723913,0
1087412,225M,740,11,1782723960,0
1087412,225M,754,12,1782724005,0
1087412,225M,770,13,1782724031,0
1087412,225M,6924,14,1782724064,0
1087412,225M,6923,15,1782724108,0
1087412,225M,834,16,1782724155,0
1087412,225M,845,17,1782724185,0
1087412,225M,860,18,1782724225,0
1087412,225M,6922,19,1782724260,0
1087412,225M,100771,20,1782724310,0
1087412,225M,100636,21,1782724403,0
1087412,225M,1005,22,1782724382,0
1087412,225M,1038,23,1782724448,0
1087412,225M,1016,24,1782724501,0
1087412,225M,100379,25,1782724552,0
1087412,225M,100380,26,1782724598,0
1087412,225M,1221,27,1782724597,0
1087412,225M,100633,28,1782724615,0
1087412,225M,998,29,1782724737,0
1087412,225M,1040,30,1782724823,0
1087412,225M,1074,31,1782724889,0
1087412,225M,1116,32,1782724968,0
1087412,225M,1096,33,1782725014,0
1087412,225M,7265,34,1782725071,0
1087412,225M,7274,35,1782725112,0
1087412,225M,101304,36,1782725148,0
1087412,225M,100436,37,1782725196,0
1087434,228,243,18,1782723369,0
1087434,228,247,19,1782723398,0
1087434,228,250,20,1782723426,0
1087434,228,255,21,1782723469,0
1087434,228,265,22,1782723503,0
1087434,228,267,23,1782723534,0
1087434,228,273,24,1782723558,0
1087434,228,281,25,1782723596,0
1087434,228,290,26,1782723613,0
1087434,228,307,27,1782723641,0
1087434,228,341,28,1782723680,0
1087434,228,364,29,1782723715,0
1087434,228,396,30,1782723743,0
1087434,228,422,31,1782723762,0
1087434,228,455,32,1782723793,0
1087434,228,477,33,1782723823,0
1087434,228,512,34,1782723867,0
1087434,228,558,35,1782723896,0
1087434,228,604,36,1782723956,0
1087434,228,641,37,1782723989,0
1087434,228,669,38,1782724029,0
1087434,228,698,39,1782724069,0
1087434,228,753,40,1782724114,0
1087434,228,789,41,1782724164,0
1087434,228,808,42,1782724189,0
1087434,228,856,43,1782724247,0
1087434,228,892,44,1782724246,0
1087434,228,927,45,1782724285,0
1087434,228,998,46,1782724373,0
1087434,228,1040,47,1782724427,0
1087434,228,1074,48,1782724434,0
1087434,228,1119,49,1782724477,0
1087434,228,1180,50,1782724529,0
1087434,228,1220,51,1782724560,0
1087434,228,1281,52,1782724609,0
1087434,228,1328,53,1782724646,0
1087434,228,1401,54,1782724690,0
1087434,228,1457,55,1782724714,0
1087434,228,1500,56,1782724762,0
1087434,228,1560,57,1782724839,0
1087434,228,1582,58,1782724867,0
1087434,228,1615,59,1782724900,0
1087434,228,1658,60,1782724927,0
1087434,228,1763,61,1782725002,0
1087434,228,1854,62,1782725062,0
1087449,228F,1457,55,1782723373,0
1087449,228F,1500,56,1782723400,0
1087449,228F,1560,57,1782723488,0
1087449,228F,1582,58,1782723508,0
1087449,228F,1615,59,1782723524,0
1087449,228F,1658,60,1782723547,0
1087449,228F,1763,61,1782723629,0
1087449,228F,1854,62,1782723688,0
1087449,228F,1954,63,1782723753,0
1087449,228F,2050,64,1782723787,0
1087449,228F,2136,65,1782723840,0
1087449,228F,2189,66,1782723875,0
1087449,228F,2262,67,1782723932,0
1087449,228F,2393,68,1782724008,0
1087449,228F,2445,69,1782724065,0
1087449,228F,2508,70,1782724105,0
1087449,228F,2567,71,1782724127,0
1087449,228F,2636,72,1782724147,0
1087449,228F,2690,73,1782724186,0
1087449,228F,2807,74,1782724229,0
1087449,228F,2873,75,1782724278,0
1087449,228F,2928,76,1782724325,0
1087449,228F,3010,77,1782724378,0
1087449,228F,3055,78,1782724416,0
1087449,228F,3147,79,1782724470,0
1087449,228F,3187,80,1782724536,0
1087449,228F,3289,81,1782724593,0
1087449,228F,3414,82,1782724714,0
1087449,228F,6455,83,1782724774,0
1087494,228F,552,50,1782723387,0
1087494,228F,514,51,1782723418,0
1087494,228F,483,52,1782723449,0
1087494,228F,454,53,1782723488,0
1087494,228F,100883,54,1782723515,0
1087494,228F,397,55,1782723552,0
1087494,228F,358,56,1782723601,0
1087494,228F,325,57,1782723641,0
1087494,228F,308,58,1782723666,0
1087494,228F,291,59,1782723691,0
1087494,228F,280,60,1782723712,0
1087494,228F,272,61,1782723796,0
1087494,228F,266,62,1782723828,0
1087494,228F,262,63,1782723847,0
1087494,228F,254,64,1782723880,0
1087494,228F,251,65,1782723902,0
1087494,228F,248,66,1782723925,0
1087494,228F,241,67,1782723962,0
1087494,228F,221,68,1782724006,0
1087494,228F,206,69,1782724033,0
1087494,228F,201,70,1782724057,0
1087494,228F,193,71,1782724062,0
1087494,228F,184,72,1782724111,0
1087494,228F,183,73,1782724131,0
1087494,228F,172,74,1782724177,0
1087494,228F,163,75,1782724176,0
1087494,228F,144,76,1782724221,0
1087494,228F,132,77,1782724254,0
1087494,228F,124,78,1782724286,0
1087494,228F,115,79,1782724342,0
1087494,228F,110,80,1782724372,0
1087494,228F,102,81,1782724409,0
1087494,228F,100016,82,1782724499,0
1087494,228F,80,83,1782724533,0
1087494,228F,61,999,1782724595,0
1087496,228F,1660,26,1782723407,0
1087496,228F,1609,27,1782723427,0
1087496,228F,1564,28,1782723448,0
1087496,228F,1517,29,1782723511,0
1087496,228F,1450,30,1782723546,0
1087496,228F,1400,31,1782723566,0
1087496,228F,1323,32,1782723599,0
1087496,228F,1250,33,1782723692,0
1087496,228F,1216,34,1782723712,0
1087496,228F,1167,35,1782723740,0
1087496,228F,1102,36,1782723787,0
1087496,228F,1071,37,1782723817,0
1087496,228F,1030,38,1782723853,0
1087496,228F,996,39,1782723880,0
1087496,228F,930,40,1782723940,0
1087496,228F,885,41,1782723979,0
1087496,228F,855,42,1782724007,0
1087496,228F,807,43,1782724072,0
1087496,228F,785,44,1782724101,0
1087496,228F,738,45,1782724145,0
1087496,228F,696,46,1782724225,0
1087496,228F,652,47,1782724307,0
1087496,228F,643,48,1782724333,0
1087496,228F,610,49,1782724341,0
1087496,228F,552,50,1782724453,0
1087496,228F,514,51,1782724485,0
1087496,228F,483,52,1782724516,0
1087496,228F,454,53,1782724528,0
1087496,228F,100883,54,1782724563,0
1087496,228F,397,55,1782724602,0
1087496,228F,358,56,1782724655,0
1087496,228F,325,57,1782724694,0
1087496,228F,308,58,1782724716,0
1087496,228F,291,59,1782724758,0
1087496,228F,280,60,1782724781,0
1087496,228F,272,61,1782724835,0
1087496,228F,266,62,1782724854,0
1087496,228F,262,63,1782724888,0
1087496,228F,254,64,1782724946,0
1087496,228F,251,65,1782724967,0
1087496,228F,248,66,1782725018,0
1087496,228F,241,67,1782725052,0
1087496,228F,221,68,1782725125,0
1087500,228X,100016,62,1782723391,0
1087500,228X,80,63,1782723453,0
1087500,228X,61,999,1782723516,0
1087503,400,405,41,1782723375,0
1087503,400,390,42,1782723423,0
1087503,400,369,43,1782723460,0
1087503,400,360,44,1782723483,0
1087503,400,346,45,1782723520,0
1087503,400,327,46,1782723574,0
1087503,400,317,47,1782723616,0
1087503,400,303,48,1782723643,0
1087503,400,296,49,1782723680,0
1087503,400,301,50,1782723708,0
1087503,400,321,51,1782723727,0
1087503,400,329,999,1782723772,0
1087504,400,100939,1,1782724072,0
1087504,400,318,2,1782724096,0
1087504,400,300,3,1782724143,0
1087504,400,293,4,1782724152,0
1087504,400,302,5,1782724197,0
1087504,400,316,6,1782724221,0
1087504,400,328,7,1782724267,0
1087504,400,352,8,1782724319,0
1087504,400,355,9,1782724348,0
1087504,400,366,10,1782724381,0
1087504,400,379,11,1782724418,0
1087504,400,401,12,1782724466,0
1087504,400,400,13,1782724512,0
1087504,400,403,14,1782724559,0
1087504,400,100801,15,1782724588,0
1087504,400,101321,16,1782724629,0
1087504,400,436,17,1782724651,0
1087504,400,457,18,1782724736,0
1087504,400,485,19,1782724800,0
1087504,400,527,20,1782724835,0
1087531,400,517,31,1782723440,0
1087531,400,534,32,1782723538,0
1087531,400,519,33,1782723881,0
1087531,400,494,34,1782723898,0
1087531,400,100342,35,1782723948,0
1087531,400,437,36,1782724029,0
1087531,400,427,37,1782724074,0
1087531,400,419,38,1782724152,0
1087531,400,408,39,1782724163,0
1087531,400,402,40,1782724215,0
1087531,400,405,41,1782724257,0
1087531,400,390,42,1782724318,0
1087531,400,369,43,1782724335,0
1087531,400,360,44,1782724372,0
1087531,400,346,45,1782724418,0
1087531,400,327,46,1782724471,0
1087531,400,317,47,1782724504,0
1087531,400,303,48,1782724545,0
1087531,400,296,49,1782724565,0
1087531,400,301,50,1782724629,0
1087531,400,321,51,1782724677,0
1087531,400,329,999,1782724771,0
1087532,400,100939,1,1782724728,0
1087532,400,318,2,1782724794,0
1087532,400,300,3,1782724838,0
1087532,400,293,4,1782724884,0
1087532,400,302,5,1782724923,0
1087532,400,316,6,1782724988,0
1087532,400,328,7,1782725034,0
1087532,400,352,8,1782725086,0
1087532,400,355,9,1782725115,0
1087532,400,366,10,1782725148,0
1087532,400,379,11,1782725185,0
1087532,400,401,12,1782725233,0
1087544,400,240,1,1782725100,0
1087544,400,233,2,1782725153,0
1087544,400,245,3,1782725201,0
1087546,400,240,1,1782723760,0
1087546,400,233,2,1782723809,0
1087546,400,245,3,1782723911,0
1087546,400,244,4,1782724090,0
1087546,400,247,5,1782724149,0
1087546,400,250,6,1782724167,0
1087546,400,255,7,1782724230,0
1087546,400,265,8,1782724264,0
1087546,400,267,9,1782724287,0
1087546,400,273,10,1782724324,0
1087546,400,278,11,1782724431,0
1087546,400,287,12,1782724456,0
1087546,400,299,13,1782724512,0
1087546,400,313,14,1782724549,0
1087546,400,337,15,1782724573,0
1087546,400,338,16,1782724619,0
1087546,400,362,17,1782724662,0
1087546,400,374,18,1782724706,0
1087546,400,388,19,1782724754,0
1087546,400,399,20,1782724854,0
1087546,400,410,21,1782724896,0
1087546,400,416,22,1782724936,0
1087546,400,418,23,1782724969,0
1087546,400,430,24,1782725026,0
1087546,400,444,25,1782725071,0
1087546,400,466,26,1782725109,0
1087546,400,452,27,1782725161,0
1087546,400,465,28,1782725200,0
1087546,400,496,29,1782725269,0
1087546,400,523,30,1782725300,0
1087554,400,443,28,1782723377,0
1087554,400,417,29,1782723471,0
1087554,400,415,30,1782723491,0
1087554,400,409,31,1782723513,0
1087554,400,398,32,1782723546,0
1087554,400,389,33,1782723582,0
1087554,400,373,34,1782723616,0
1087554,400,353,35,1782723653,0
1087554,400,339,36,1782723700,0
1087554,400,335,37,1782723743,0
1087554,400,314,38,1782723767,0
1087554,400,298,39,1782723797,0
1087554,400,288,40,1782723859,0
1087554,400,277,41,1782723882,0
1087554,400,272,42,1782723973,0
1087554,400,266,43,1782724006,0
1087554,400,262,44,1782724031,0
1087554,400,254,45,1782724076,0
1087554,400,251,46,1782724110,0
1087554,400,248,47,1782724148,0
1087554,400,100396,48,1782724216,0
1087554,400,246,49,1782724352,0
1087554,400,235,50,1782724407,0
1087554,400,242,999,1782724485,0
1087608,401,7313,27,1782723475,0
1087608,401,523,999,1782723536,0
1087609,401,523,1,1782723840,0
1087609,401,517,2,1782723919,0
1087609,401,534,3,1782724038,0
1087609,401,519,4,1782724420,0
1087609,401,494,5,1782724440,0
1087609,401,469,6,1782724483,0
1087609,401,456,7,1782724564,0
1087609,401,425,8,1782724644,0
1087609,401,414,9,1782724655,0
1087609,401,406,10,1782724680,0
1087609,401,380,11,1782724721,0
1087609,401,378,12,1782724772,0
1087609,401,100341,13,1782724840,0
1087609,401,336,14,1782724880,0
1087609,401,100339,15,1782724949,0
1087609,401,315,16,1782725005,0
1087609,401,7329,17,1782725043,0
1087609,401,100757,18,1782725070,0
1087609,401,100759,19,1782725118,0
1087609,401,100763,20,1782725178,0
1087609,401,351,21,1782725210,0
1087609,401,367,22,1782725255,0
1087609,401,393,23,1782725290,0
1087609,401,404,24,1782725325,0
1087614,401,100174,1,1782725071,0
1087614,401,100172,2,1782725100,0
1087614,401,100168,3,1782725147,0
1087614,401,421,4,1782725169,0
1087614,401,407,5,1782725198,0
1087653,404,679,24,1782723426,0
1087653,404,691,25,1782723480,0
1087653,404,671,26,1782723517,0
1087653,404,100337,27,1782723561,0
1087653,404,640,28,1782723640,0
1087653,404,612,29,1782723647,0
1087653,404,579,30,1782723734,0
1087653,404,596,31,1782723811,0
1087653,404,609,32,1782723822,0
1087653,404,100400,33,1782723837,0
1087653,404,615,34,1782723891,0
1087653,404,590,35,1782723932,0
1087653,404,526,999,1782724106,0
1087663,405,523,1,1782723840,0
1087663,405,517,2,1782723961,0
1087663,405,547,3,1782724080,0
1087663,405,586,4,1782724442,0
1087663,405,100338,5,1782724512,0
1087663,405,611,6,1782724538,0
1087663,405,594,7,1782724565,0
1087663,405,584,8,1782724609,0
1087663,405,614,9,1782724706,0
1087663,405,642,10,1782724744,0
1087663,405,100336,11,1782724775,0
1087663,405,668,12,1782724805,0
1087663,405,682,13,1782724845,0
1087663,405,699,14,1782724882,0
1087663,405,100408,15,1782724939,0
1087663,405,101006,16,1782724971,0
1087663,405,633,17,1782724991,0
1087663,405,100409,18,1782725043,0
1087663,405,7309,19,1782725076,0
1087663,405,572,20,1782725120,0
1087663,405,559,21,1782725146,0
1087663,405,505,22,1782725184,0
1087663,405,481,23,1782725247,0
1087663,405,467,24,1782725282,0
1087663,405,474,25,1782725335,0
1087678,411,520,23,1782723442,0
1087678,411,556,24,1782723464,0
1087678,411,570,25,1782723488,0
1087678,411,100411,26,1782723510,0
1087678,411,7310,27,1782723556,0
1087678,411,100410,28,1782723594,0
1087678,411,632,29,1782723617,0
1087678,411,649,30,1782723682,0
1087678,411,658,31,1782723719,0
1087678,411,656,32,1782723765,0
1087678,411,673,33,1782723801,0
1087678,411,688,34,1782723837,0
1087678,411,102417,35,1782723854,0
1087678,411,102414,36,1782723929,0
1087678,411,101625,37,1782723969,0
1087678,411,102411,38,1782724020,0
1087678,411,102409,39,1782724094,0
1087678,411,736,40,1782724126,0
1087678,411,742,41,1782724140,0
1087678,411,765,42,1782724189,0
1087678,411,794,43,1782724211,0
1087678,411,828,44,1782724294,0
1087678,411,101091,45,1782724331,0
1087678,411,100867,46,1782724388,0
1087678,411,100863,47,1782724440,0
1087678,411,100761,48,1782724511,0
1087678,411,100431,999,1782724599,0
1087682,411,100432,1,1782724500,0
1087682,411,100762,2,1782724628,0
1087682,411,100864,3,1782724731,0
1087682,411,101090,4,1782724846,0
1087682,411,100868,5,1782724915,0
1087682,411,826,6,1782724971,0
1087682,411,798,7,1782725023,0
1087682,411,767,8,1782725104,0
1087682,411,751,9,1782725161,0
1087682,411,737,10,1782725183,0
1087682,411,102410,11,1782725220,0
1087682,411,102412,12,1782725291,0
1087688,411,794,43,1782723410,0
1087688,411,828,44,1782723453,0
1087688,411,101091,45,1782723493,0
1087688,411,100867,46,1782723535,0
1087688,411,100863,47,1782723607,0
1087688,411,100761,48,1782723679,0
1087688,411,100431,999,1782723798,0
1087727,411,550,26,1782723364,0
1087727,411,495,28,1782723469,0
1087727,411,482,29,1782723511,0
1087727,411,464,30,1782723543,0
1087727,411,100176,31,1782723588,0
1087727,411,100178,32,1782723663,0
1087727,411,404,33,1782723735,0
1087727,411,100167,34,1782723765,0
1087727,411,428,35,1782723834,0
1087727,411,451,36,1782723870,0
1087727,411,458,37,1782723889,0
1087727,411,471,38,1782723919,0
1087727,411,479,39,1782723962,0
1087727,411,497,40,1782723996,0
1087727,411,522,41,1782724035,0
1087727,411,565,42,1782724099,0
1087727,411,571,43,1782724150,0
1087727,411,545,44,1782724185,0
1087727,411,544,45,1782724212,0
1087727,411,575,46,1782724304,0
1087727,411,528,47,1782724531,0
1087727,411,7313,48,1782724658,0
1087727,411,513,999,1782724772,0
1087738,411,517,2,1782723379,0
1087738,411,541,3,1782723519,0
1087738,411,100413,4,1782723826,0
1087738,411,546,5,1782723847,0
1087738,411,548,6,1782723887,0
1087738,411,568,7,1782723924,0
1087738,411,567,8,1782723961,0
1087738,411,532,9,1782724045,0
1087738,411,503,10,1782724086,0
1087738,411,484,11,1782724121,0
1087738,411,476,12,1782724147,0
1087738,411,463,13,1782724186,0
1087738,411,448,14,1782724212,0
1087738,411,434,15,1782724259,0
1087738,411,421,16,1782724313,0
1087738,411,407,17,1782724348,0
1087738,411,100179,18,1782724403,0
1087738,411,100177,19,1782724448,0
1087738,411,462,20,1782724497,0
1087738,411,480,21,1782724532,0
1087738,411,491,22,1782724573,0
1087738,411,520,23,1782724656,0
1087738,411,556,24,1782724700,0
1087738,411,570,25,1782724735,0
1087738,411,100411,26,1782724769,0
1087738,411,7310,27,1782724829,0
1087738,411,100410,28,1782724868,0
1087738,411,632,29,1782724895,0
1087738,411,649,30,1782724957,0
1087738,411,658,31,1782725005,0
1087738,411,656,32,1782725039,0
1087738,411,673,33,1782725075,0
1087738,411,688,34,1782725112,0
1087738,411,102417,35,1782725135,0
1087738,411,102414,36,1782725203,0
1087738,411,101625,37,1782725251,0
1087757,411,767,8,1782723424,0
1087757,411,751,9,1782723465,0
1087757,411,737,10,1782723499,0
1087757,411,102410,11,1782723527,0
1087757,411,102412,12,1782723595,0
1087757,411,102413,13,1782723658,0
1087757,411,102415,14,1782723718,0
1087757,411,102416,15,1782723850,0
1087757,411,689,16,1782723878,0
1087757,411,675,17,1782723908,0
1087757,411,654,18,1782723939,0
1087757,411,657,19,1782723975,0
1087757,411,646,20,1782724034,0
1087757,411,101701,21,1782724068,0
1087757,411,100409,22,1782724134,0
1087757,411,7309,23,1782724159,0
1087757,411,100412,24,1782724178,0
1087757,411,601,25,1782724200,0
1087757,411,550,26,1782724220,0
1087757,411,516,27,1782724244,0
1087757,411,495,28,1782724330,0
1087757,411,482,29,1782724363,0
1087757,411,464,30,1782724402,0
1087757,411,100176,31,1782724445,0
1087757,411,100178,32,1782724532,0
1087757,411,404,33,1782724585,0
1087757,411,100167,34,1782724618,0
1087757,411,428,35,1782724687,0
1087757,411,451,36,1782724720,0
1087757,411,458,37,1782724746,0
1087757,411,471,38,1782724780,0
1087757,411,479,39,1782724820,0
1087757,411,497,40,1782724867,0
1087757,411,522,41,1782724911,0
1087757,411,565,42,1782724982,0
1087757,411,571,43,1782725048,0
1087757,411,545,44,1782725144,0
1087757,411,544,45,1782725260,0
1087757,411,575,46,1782725350,0
1087765,415,101927,2,1782723466,0
1087765,415,100827,3,1782723560,0
1087765,415,554,4,1782723599,0
1087765,415,560,5,1782723615,0
1087765,415,530,6,1782723659,0
1087765,415,502,7,1782723705,0
1087765,415,488,8,1782723725,0
1087765,415,486,9,1782723751,0
1087765,415,499,10,1782723779,0
1087765,415,531,11,1782723801,0
1087765,415,564,12,1782723835,0
1087765,415,583,13,1782723939,0
1087765,415,591,14,1782723942,0
1087765,415,602,15,1782723987,0
1087765,415,577,16,1782724024,0
1087765,415,553,17,1782724071,0
1087765,415,6917,18,1782724106,0
1087765,415,492,19,1782724161,0
1087765,415,508,20,1782724302,0
1087765,415,539,21,1782724339,0
1087765,415,561,22,1782724362,0
1087765,415,573,23,1782724399,0
1087765,415,585,24,1782724410,0
1087765,415,100639,25,1782724449,0
1087765,415,619,999,1782724507,0
1087766,415,618,1,1782724980,0
1087766,415,100638,2,1782725015,0
1087766,415,599,3,1782725052,0
1087766,415,588,4,1782725084,0
1087766,415,574,5,1782725130,0
1087766,415,557,6,1782725161,0
1087827,430,566,25,1782723429,0
1087827,430,100397,26,1782723510,0
1087827,430,498,27,1782723564,0
1087827,430,521,28,1782723574,0
1087827,430,563,29,1782723621,0
1087827,430,555,30,1782723653,0
1087827,430,100826,31,1782723675,0
1087827,430,523,999,1782723755,0
1087835,430,526,1,1782724106,0
1087835,430,101927,2,1782724283,0
1087835,430,100827,3,1782724376,0
1087835,430,554,4,1782724381,0
1087835,430,560,5,1782724417,0
1087835,430,530,6,1782724457,0
1087835,430,509,7,1782724471,0
1087835,430,518,8,1782724506,0
1087835,430,564,9,1782724593,0
1087835,430,552,10,1782724643,0
1087835,430,514,11,1782724681,0
1087835,430,483,12,1782724729,0
1087835,430,454,13,1782724788,0
1087835,430,424,14,1782724858,0
1087835,430,100378,15,1782724896,0
1087835,430,392,16,1782724933,0
1087835,430,375,17,1782724960,0
1087835,430,361,18,1782724993,0
1087835,430,347,19,1782725019,0
1087835,430,324,20,1782725073,0
1087835,430,305,21,1782725126,0
1087840,440,100401,3,1782723471,0
1087840,440,220,4,1782723525,0
1087840,440,205,5,1782723556,0
1087840,440,197,6,1782723614,0
1087840,440,173,7,1782723665,0
1087840,440,165,8,1782723687,0
1087840,440,152,9,1782723745,0
1087840,440,140,10,1782723807,0
1087840,440,145,11,1782723949,0
1087840,440,156,12,1782723979,0
1087840,440,144,13,1782724030,0
1087840,440,132,14,1782724066,0
1087840,440,124,15,1782724102,0
1087840,440,115,16,1782724145,0
1087840,440,110,17,1782724164,0
1087840,440,102,18,1782724195,0
1087840,440,100016,19,1782724325,0
1087840,440,80,20,1782724398,0
1087840,440,61,21,1782724436,0
1087840,440,70,22,1782724580,0
1087840,440,100291,23,1782724668,0
1087840,440,63,24,1782724686,0
1087840,440,50,25,1782724758,0
1087840,440,43,26,1782724779,0
1087840,440,41,27,1782724812,0
1087840,440,37,28,1782724852,0
1087840,440,33,29,1782724905,0
1087840,440,24,30,1782724948,0
1087840,440,13,31,1782724979,0
1087840,440,10,32,1782725011,0
1087840,440,8,33,1782725052,0
1087840,440,5,34,1782725109,0
1087840,440,2,35,1782725140,0
1087840,440,4,36,1782725193,0
1087840,440,18,37,1782725270,0
1087840,440,9,999,1782725319,0
1087869,440,3,2,1782723429,0
1087869,440,1,3,1782723464,0
1087869,440,6,4,1782723499,0
1087869,440,7,5,1782723531,0
1087869,440,11,6,1782723554,0
1087869,440,12,7,1782723594,0
1087869,440,19,8,1782723612,0
1087869,440,32,9,1782723655,0
1087869,440,36,10,1782723682,0
1087869,440,40,11,1782723691,0
1087869,440,42,12,1782723726,0
1087869,440,49,13,1782723755,0
1087869,440,60,14,1782723908,0
1087869,440,74,15,1782723923,0
1087869,440,100637,16,1782724038,0
1087869,440,66,17,1782724120,0
1087869,440,81,18,1782724186,0
1087869,440,100015,19,1782724215,0
1087869,440,104,20,1782724420,0
1087869,440,111,21,1782724455,0
1087869,440,118,22,1782724466,0
1087869,440,126,23,1782724512,0
1087869,440,133,24,1782724520,0
1087869,440,143,25,1782724542,0
1087869,440,157,26,1782724615,0
1087869,440,148,27,1782724675,0
1087869,440,142,28,1782724724,0
1087869,440,146,29,1782724771,0
1087869,440,162,30,1782724830,0
1087869,440,175,31,1782724901,0
1087869,440,192,32,1782724944,0
1087869,440,204,33,1782724992,0
1087869,440,100632,34,1782725074,0
1087869,440,100402,35,1782725114,0
1087869,440,101696,36,1782725152,0
1087869,440,235,37,1782725183,0
1087921,441,66,1,1782724036,0
1087921,441,81,2,1782724068,0
1087921,441,100015,3,1782724095,0
1087921,441,104,4,1782724267,0
1087921,441,100417,5,1782724291,0
1087921,441,100418,6,1782724308,0
1087921,441,117,7,1782724331,0
1087921,441,100200,8,1782724384,0
1087921,441,100198,9,1782724449,0
1087921,441,100196,10,1782724480,0
1087921,441,114,11,1782724541,0
1087921,441,120,12,1782724587,0
1087921,441,100195,13,1782724633,0
1087921,441,100193,14,1782724661,0
1087921,441,123,15,1782724703,0
1087921,441,135,16,1782724737,0
1087921,441,149,17,1782724794,0
1087921,441,159,18,1782724843,0
1087921,441,167,19,1782724877,0
1087921,441,170,20,1782724908,0
1087921,441,185,21,1782724951,0
1087921,441,191,22,1782724984,0
1087921,441,187,23,1782725033,0
1087921,441,186,24,1782725083,0
1087921,441,188,25,1782725132,0
1087921,441,195,26,1782725160,0
1087921,441,199,27,1782725203,0
1087921,441,213,28,1782725256,0
1087924,441,137,19,1782723376,0
1087924,441,127,20,1782723404,0
1087924,441,100192,21,1782723450,0
1087924,441,100194,22,1782723467,0
1087924,441,125,23,1782723507,0
1087924,441,116,24,1782723542,0
1087924,441,100197,25,1782723600,0
1087924,441,100199,26,1782723629,0
1087924,441,100201,27,1782723677,0
1087924,441,100292,28,1782723745,0
1087924,441,100777,29,1782723764,0
1087924,441,100825,30,1782723780,0
1087924,441,102,31,1782723800,0
1087924,441,100016,32,1782723932,0
1087924,441,80,33,1782723995,0
1087924,441,66,999,1782724053,0
1087930,441,236,1,1782724679,0
1087930,441,232,2,1782724738,0
1087930,441,101023,3,1782724817,0
1087930,441,100620,4,1782724859,0
1087930,441,227,5,1782724885,0
1087930,441,221,6,1782724917,0
1087992,442,236,1,1782723655,0
1087992,442,232,2,1782723720,0
1087992,442,101023,3,1782723807,0
1087992,442,100620,4,1782723854,0
1087992,442,227,5,1782723883,0
1087992,442,223,6,1782723960,0
1087992,442,228,7,1782724005,0
1087996,442,101313,11,1782723367,0
1087996,442,101311,12,1782723435,0
1087996,442,101309,13,1782723487,0
1087996,442,101306,14,1782723531,0
1087996,442,95,15,1782723576,0
1087996,442,100211,16,1782723636,0
1087996,442,100209,17,1782723660,0
1087996,442,100207,18,1782723685,0
1087996,442,100205,19,1782723735,0
1087996,442,100203,20,1782723759,0
1087996,442,153,21,1782723828,0
1087996,442,166,22,1782723848,0
1087996,442,176,23,1782723879,0
1087996,442,196,24,1782723929,0
1087996,442,198,25,1782723988,0
1087996,442,208,26,1782724033,0
1087996,442,211,27,1782724062,0
1087996,442,216,28,1782724083,0
1087996,442,218,29,1782724128,0
1087996,442,212,30,1782724164,0
1087996,442,215,31,1782724210,0
1087996,442,229,32,1782724245,0
1087996,442,224,33,1782724289,0
1087996,442,222,34,1782724323,0
1087996,442,225,35,1782724355,0
1087996,442,100621,36,1782724384,0
1087996,442,101024,37,1782724421,0
1087996,442,101696,38,1782724529,0
1087996,442,235,39,1782724561,0
1087996,442,242,999,1782724631,0
1088002,442,100328,30,1782723401,0
1088002,442,100,31,1782723401,0
1088002,442,87,32,1782723441,0
1088002,442,100777,33,1782723482,0
1088002,442,100825,34,1782723512,0
1088002,442,102,35,1782723534,0
1088002,442,100016,36,1782723705,0
1088002,442,80,37,1782723755,0
1088002,442,66,999,1782723786,0
1088003,442,66,1,1782724380,0
1088003,442,81,2,1782724435,0
1088003,442,100015,3,1782724466,0
1088003,442,104,4,1782724632,0
1088003,442,100417,5,1782724697,0
1088003,442,100418,6,1782724736,0
1088003,442,101631,7,1782724778,0
1088003,442,108,8,1782724824,0
1088003,442,100329,9,1782724870,0
1088003,442,82,10,1782724918,0
1088003,442,101313,11,1782725008,0
1088003,442,101311,12,1782725062,0
1088003,442,101309,13,1782725099,0
1088003,442,101306,14,1782725138,0
1088003,442,95,15,1782725185,0
1088003,442,100211,16,1782725240,0
1088003,442,100209,17,1782725269,0
1088014,450,100754,13,1782723393,0
1088014,450,100752,14,1782723443,0
1088014,450,100750,15,1782723736,0
1088014,450,100748,16,1782723804,0
1088014,450,100746,17,1782723863,0
1088014,450,100744,18,1782723960,0
1088014,450,101957,19,1782724290,0
1088014,450,101956,20,1782724334,0
1088014,450,102651,21,1782724363,0
1088014,450,102653,22,1782724436,0
1088014,450,102655,999,1782724514,0
1088079,451,231,2,1782723364,0
1088079,451,100401,3,1782723454,0
1088079,451,100405,4,1782723533,0
1088079,451,203,5,1782723577,0
1088079,451,160,6,1782723603,0
1088079,451,177,7,1782723642,0
1088079,451,151,8,1782723680,0
1088079,451,134,9,1782723722,0
1088079,451,128,10,1782723782,0
1088079,451,121,11,1782723858,0
1088079,451,112,12,1782723900,0
1088079,451,98,13,1782723924,0
1088079,451,101029,14,1782723978,0
1088079,451,101032,15,1782724058,0
1088079,451,101033,16,1782724124,0
1088079,451,101035,17,1782724169,0
1088079,451,101037,18,1782724228,0
1088079,451,101040,19,1782724285,0
1088079,451,100271,20,1782724328,0
1088079,451,100270,21,1782724407,0
1088079,451,20,22,1782724431,0
1088079,451,14,23,1782724456,0
1088079,451,22,24,1782724545,0
1088079,451,25,25,1782724601,0
1088079,451,39,26,1782724664,0
1088079,451,101048,27,1782724739,0
1088079,451,101045,28,1782724836,0
1088079,451,101042,29,1782724863,0
1088079,451,101044,30,1782724914,0
1088079,451,76,31,1782724947,0
1088079,451,55,32,1782725015,0
1088079,451,59,33,1782725057,0
1088095,451A,101043,7,1782723394,0
1088095,451A,101041,8,1782723421,0
1088095,451A,101046,9,1782723469,0
1088095,451A,101047,10,1782723514,0
1088095,451A,38,11,1782723548,0
1088095,451A,26,12,1782723595,0
1088095,451A,23,13,1782723637,0
1088095,451A,16,14,1782723678,0
1088095,451A,17,15,1782723702,0
1088095,451A,27,16,1782723728,0
1088095,451A,100430,17,1782723751,0
1088095,451A,101039,18,1782723815,0
1088095,451A,101038,19,1782723868,0
1088095,451A,101036,20,1782723920,0
1088095,451A,101034,21,1782723963,0
1088095,451A,101030,22,1782724019,0
1088095,451A,101028,999,1782724072,0
1088130,452,101122,23,1782723461,0
1088130,452,101120,24,1782723527,0
1088130,452,101118,25,1782723578,0
1088130,452,101077,26,1782723611,0
1088130,452,101079,27,1782723697,0
1088130,452,101075,28,1782723767,0
1088130,452,59,29,1782723823,0
1088130,452,66,30,1782723918,0
1088130,452,81,31,1782724025,0
1088130,452,100017,999,1782724062,0
1088131,452,100017,1,1782724680,0
1088131,452,80,2,1782724722,0
1088131,452,61,3,1782724800,0
1088131,452,100830,4,1782724879,0
1088131,452,101076,5,1782724952,0
1088131,452,101078,6,1782725078,0
1088131,452,101117,7,1782725160,0
1088131,452,101841,8,1782725184,0
1088131,452,101121,9,1782725217,0
1088131,452,101123,10,1782725253,0
1088131,452,39,11,1782725279,0
1088141,452,101058,22,1782723373,0
1088141,452,101056,23,1782723406,0
1088141,452,101054,24,1782723448,0
1088141,452,101052,25,1782723493,0
1088141,452,101050,26,1782723554,0
1088141,452,192,27,1782723610,0
1088141,452,204,28,1782723647,0
1088141,452,100632,29,1782723695,0
1088141,452,100402,30,1782723729,0
1088141,452,101696,31,1782723771,0
1088141,452,235,32,1782723803,0
1088141,452,242,999,1782723907,0
1088146,452,239,1,1782723600,0
1088146,452,231,2,1782723695,0
1088146,452,100401,3,1782723797,0
1088146,452,220,4,1782723850,0
1088146,452,205,5,1782723874,0
1088146,452,197,6,1782723946,0
1088146,452,101049,7,1782724001,0
1088146,452,101051,8,1782724046,0
1088146,452,101053,9,1782724094,0
1088146,452,101055,10,1782724144,0
1088146,452,101057,11,1782724190,0
1088146,452,101059,12,1782724221,0
1088146,452,101061,13,1782724256,0
1088146,452,85,14,1782724301,0
1088146,452,101063,15,1782724333,0
1088146,452,101065,16,1782724390,0
1088146,452,101068,17,1782724449,0
1088146,452,101070,18,1782724492,0
1088146,452,101072,19,1782724512,0
1088146,452,101046,20,1782724563,0
1088146,452,101047,21,1782724617,0
1088146,452,38,22,1782724654,0
1088146,452,101122,23,1782724748,0
1088146,452,101120,24,1782724782,0
1088146,452,101118,25,1782724829,0
1088146,452,101077,26,1782724872,0
1088146,452,101079,27,1782724990,0
1088146,452,101075,28,1782725125,0
1088146,452,59,29,1782725213,0
1088146,452,66,30,1782725311,0
1088159,452W,100017,1,1782723780,0
1088159,452W,80,2,1782723822,0
1088159,452W,61,3,1782723851,0
1088159,452W,100830,4,1782723961,0
1088159,452W,101076,5,1782724035,0
1088159,452W,101078,6,1782724116,0
1088159,452W,101117,7,1782724199,0
1088159,452W,101841,8,1782724224,0
1088159,452W,101121,9,1782724259,0
1088159,452W,101123,10,1782724296,0
1088159,452W,39,11,1782724379,0
1088159,452W,101048,12,1782724423,0
1088159,452W,101045,13,1782724470,0
1088159,452W,101071,14,1782724548,0
1088159,452W,101069,15,1782724549,0
1088159,452W,101067,16,1782724610,0
1088159,452W,101066,17,1782724657,0
1088159,452W,101064,18,1782724721,0
1088159,452W,83,19,1782724738,0
1088159,452W,101062,20,1782724783,0
1088159,452W,101060,21,1782724828,0
1088159,452W,101058,22,1782724858,0
1088159,452W,101056,23,1782724890,0
1088159,452W,101054,999,1782724971,0
1088175,461,101079,28,1782723414,0
1088175,461,101075,29,1782723482,0
1088175,461,59,30,1782723540,0
1088175,461,66,31,1782723683,0
1088175,461,81,32,1782723764,0
1088175,461,100016,999,1782723796,0
1088177,461,101117,7,1782723384,0
1088177,461,101841,8,1782723422,0
1088177,461,101121,9,1782723458,0
1088177,461,101123,10,1782723496,0
1088177,461,26,11,1782723582,0
1088177,461,101089,12,1782723655,0
1088177,461,101088,13,1782723729,0
1088177,461,101087,14,1782723759,0
1088177,461,101086,15,1782723821,0
1088177,461,101085,16,1782723862,0
1088177,461,101084,17,1782723896,0
1088177,461,101083,18,1782723958,0
1088177,461,101082,19,1782724019,0
1088177,461,101081,20,1782724053,0
1088177,461,101080,21,1782724093,0
1088177,461,22,22,1782724163,0
1088177,461,25,23,1782724189,0
1088177,461,101122,24,1782724241,0
1088177,461,101120,25,1782724274,0
1088177,461,101118,26,1782724315,0
1088177,461,101077,27,1782724337,0
1088177,461,101079,28,1782724417,0
1088177,461,101075,29,1782724477,0
1088177,461,59,30,1782724562,0
1088177,461,66,31,1782724656,0
1088177,461,81,32,1782724692,0
1088177,461,100016,999,1782724716,0
1088184,462,100016,999,1782724740,0
1088184,462,80,2,1782724787,0
1088184,462,61,3,1782724860,0
1088184,462,100830,4,1782724915,0
1088184,462,101076,5,1782724966,0
1088184,462,26,6,1782725094,0
1088188,462,101626,23,1782723390,0
1088188,462,101834,24,1782723496,0
1088188,462,101082,25,1782723692,0
1088188,462,101081,26,1782723716,0
1088188,462,101080,27,1782723733,0
1088188,462,22,28,1782723767,0
1088188,462,25,29,1782723808,0
1088188,462,101075,30,1782723943,0
1088188,462,59,31,1782723993,0
1088188,462,66,32,1782724091,0
1088188,462,81,33,1782724169,0
1088188,462,100016,999,1782724201,0
1088204,491,101131,999,1782723720,0
1088204,491,101130,2,1782723780,0
1088204,491,101128,3,1782723848,0
1088204,491,100841,4,1782723880,0
1088204,491,101125,5,1782723914,0
1088204,491,101219,6,1782724024,0
1088204,491,101223,7,1782724068,0
1088204,491,101225,8,1782724114,0
1088204,491,101227,9,1782724143,0
1088204,491,101228,10,1782724175,0
1088204,491,101229,11,1782724227,0
1088204,491,101230,12,1782724278,0
1088204,491,101231,13,1782724322,0
1088204,491,101232,14,1782724351,0
1088204,491,101233,15,1782724402,0
1088204,491,101234,16,1782724447,0
1088204,491,101235,17,1782724483,0
1088204,491,101236,18,1782724579,0
1088204,491,101237,19,1782724635,0
1088204,491,101238,20,1782724698,0
1088204,491,101239,21,1782724763,0
1088204,491,101240,22,1782724822,0
1088204,491,101241,23,1782724862,0
1088204,491,101242,24,1782724918,0
1088204,491,101243,25,1782724980,0
1088204,491,101244,26,1782725036,0
1088204,491,101226,27,1782725083,0
1088204,491,101224,28,1782725156,0
1088204,491,101220,29,1782725201,0
1088204,491,101124,30,1782725279,0
1088204,491,101126,31,1782725342,0
1088204,491,101127,32,1782725423,0
1088204,491,101129,33,1782725510,0
1088204,491,101131,999,1782725579,0
1088219,492A,101128,3,1782723372,0
1088219,492A,100841,4,1782723429,0
1088219,492A,101125,5,1782723456,0
1088219,492A,101199,6,1782723530,0
1088219,492A,101201,7,1782723556,0
1088219,492A,101651,8,1782723601,0
1088219,492A,101650,9,1782723660,0
1088219,492A,101649,10,1782723706,0
1088219,492A,101648,11,1782723743,0
1088219,492A,101647,12,1782723798,0
1088219,492A,101646,13,1782723839,0
1088219,492A,101645,14,1782723904,0
1088219,492A,101642,15,1782723935,0
1088219,492A,101641,16,1782723958,0
1088219,492A,101640,17,1782724013,0
1088219,492A,101639,18,1782724039,0
1088219,492A,101638,19,1782724062,0
1088219,492A,101202,20,1782724081,0
1088219,492A,101200,21,1782724100,0
1088219,492A,101124,22,1782724147,0
1088219,492A,101126,23,1782724191,0
1088219,492A,101127,24,1782724236,0
1088219,492A,101129,25,1782724284,0
1088219,492A,101131,999,1782724362,0
1088220,492A,101131,999,1782724560,0
1088220,492A,101130,2,1782724620,0
1088220,492A,101128,3,1782724688,0
1088220,492A,100841,4,1782724760,0
1088220,492A,101125,5,1782724800,0
1088220,492A,101199,6,1782724848,0
1088220,492A,101201,7,1782724883,0
1088220,492A,101651,8,1782724913,0
1088220,492A,101650,9,1782724967,0
1088220,492A,101649,10,1782725008,0
1088220,492A,101648,11,1782725051,0
1088220,492A,101647,12,1782725098,0
1088220,492A,101646,13,1782725129,0
1088220,492A,101645,14,1782725166,0
1088277,H22,6461,1,1782724320,0
1088277,H22,6657,2,1782724355,0
1088277,H22,6655,3,1782724371,0
1088277,H22,6653,4,1782724400,0
1088277,H22,6651,5,1782724431,0
1088277,H22,6647,6,1782724462,0
1088277,H22,6636,7,1782724524,0
1088277,H22,6631,8,1782724559,0
1088277,H22,6625,9,1782724595,0
1088277,H22,6624,10,1782724623,0
1088277,H22,6621,11,1782724680,0
1088277,H22,6618,12,1782724704,0
1088277,H22,6617,13,1782724735,0
1088277,H22,6626,14,1782724746,0
1088277,H22,100325,15,1782724809,0
1088277,H22,100323,16,1782724860,0
1088277,H22,3362,17,1782724920,0
1088277,H22,3359,18,1782724956,0
1088277,H22,3380,19,1782725005,0
1088277,H22,3374,20,1782725050,0
1088277,H22,3448,21,1782725171,0
1088277,H22,6594,22,1782725235,0
1088277,H22,6591,23,1782725276,0
1088277,H22,6589,24,1782725320,0
1088277,H22,6586,25,1782725373,0
1088277,H22,6582,26,1782725418,0
1088277,H22,6579,27,1782725522,0
1088277,H22,6577,28,1782725546,0
1088277,H22,6576,29,1782725597,0
1088277,H22,100699,30,1782725748,0
1088277,H22,3484,31,1782725795,0
1088277,H22,3480,32,1782725837,0
1088277,H22,3461,33,1782725950,0
1088277,H22,3443,34,1782726099,0
1088277,H22,3438,35,1782726185,0
1088284,H22,6582,26,1782723364,0
1088284,H22,6579,27,1782723508,0
1088284,H22,6577,28,1782723533,0
1088284,H22,6576,29,1782723566,0
1088284,H22,100699,30,1782723635,0
1088284,H22,3484,31,1782723708,0
1088284,H22,3480,32,1782723766,0
1088284,H22,3461,33,1782723889,0
1088284,H22,3443,34,1782724070,0
1088284,H22,3438,35,1782724174,0
1088284,H22,6605,36,1782724307,0
1088284,H22,6604,37,1782724363,0
1088284,H22,6592,38,1782724418,0
1088284,H22,6570,39,1782724471,0
1088284,H22,6569,40,1782724502,0
1088284,H22,6565,41,1782724567,0
1088284,H22,6563,42,1782724624,0
1088284,H22,6561,43,1782724709,0
1088284,H22,6558,44,1782724762,0
1088284,H22,6556,45,1782724836,0
1088284,H22,6554,46,1782724869,0
1088284,H22,6552,47,1782724931,0
1088284,H22,6547,48,1782725000,0
1088284,H22,6543,49,1782725084,0
1088284,H22,6537,50,1782725164,0
1088288,H22,6558,28,1782723459,0
1088288,H22,6556,29,1782723580,0
1088288,H22,6554,30,1782723616,0
1088288,H22,6552,31,1782723663,0
1088288,H22,6547,32,1782723709,0
1088288,H22,6543,33,1782723778,0
1088288,H22,6537,34,1782723831,0
1088288,H22,6533,35,1782723889,0
1088288,H22,6531,36,1782723939,0
1088288,H22,6560,37,1782723978,0
1088288,H22,6587,38,1782724007,0
1088288,H22,6642,39,1782724065,0
1088288,H22,6649,999,1782724088,0
1088292,H22,3440,22,1782723364,0
1088292,H22,3449,23,1782723499,0
1088292,H22,3466,24,1782723617,0
1088292,H22,3485,25,1782723766,0
1088292,H22,3486,26,1782723798,0
1088292,H22,100700,27,1782723864,0
1088292,H22,6580,28,1782723963,0
1088292,H22,6583,29,1782724028,0
1088292,H22,6584,30,1782724113,0
1088292,H22,6588,31,1782724147,0
1088292,H22,6590,32,1782724196,0
1088292,H22,6593,33,1782724241,0
1088292,H22,6595,34,1782724273,0
1088292,H22,3444,35,1782724388,0
1088292,H22,3381,36,1782724428,0
1088292,H22,3384,37,1782724491,0
1088292,H22,3361,38,1782724540,0
1088292,H22,3363,39,1782724578,0
1088292,H22,100322,40,1782724675,0
1088292,H22,100324,41,1782724716,0
1088292,H22,6629,42,1782724750,0
1088292,H22,6620,43,1782724782,0
1088292,H22,6619,44,1782724810,0
1088292,H22,6622,45,1782724843,0
1088292,H22,6628,46,1782724908,0
1088292,H22,6630,47,1782724948,0
1088292,H22,6633,48,1782724982,0
1088292,H22,6637,49,1782725026,0
1088292,H22,6639,50,1782725080,0
1088292,H22,6648,51,1782725122,0
1088292,H22,6652,52,1782725182,0
1088292,H22,6654,53,1782725220,0
1088292,H22,6656,54,1782725258,0
1088292,H22,6658,55,1782725284,0
1091702,200,6761,1,1782724860,0
1091702,200,100622,2,1782724926,0
1091702,200,3386,3,1782725056,0
1091702,200,3487,4,1782725160,0
1091702,200,3588,5,1782725280,0
1091706,200,4057,15,1782723391,0
1091706,200,4018,16,1782723478,0
1091706,200,3965,17,1782723532,0
1091706,200,3926,18,1782723575,0
1091706,200,3890,999,1782723616,0
1091748,200,3386,3,1782723389,0
1091748,200,3588,5,1782723464,0
1091748,200,3656,6,1782723537,0
1091748,200,3711,7,1782723603,0
1091748,200,3881,8,1782723787,0
1091748,200,3912,9,1782723827,0
1091748,200,3963,10,1782723867,0
1091748,200,4007,11,1782723916,0
1091748,200,4042,12,1782723980,0
1091748,200,4102,13,1782724016,0
1091748,200,4133,14,1782724042,0
1091748,200,4151,15,1782724088,0
1091748,200,4177,16,1782724115,0
1091748,200,4216,17,1782724151,0
1091748,200,4264,18,1782724184,0
1091748,200,4302,19,1782724212,0
1091748,200,4359,20,1782724262,0
1091748,200,4391,21,1782724293,0
1091748,200,4442,22,1782724334,0
1091748,200,4510,23,1782724386,0
1091748,200,4552,24,1782724419,0
1091748,200,4584,25,1782724455,0
1091748,200,4631,26,1782724504,0
1091748,200,4660,27,1782724527,0
1091748,200,4700,28,1782724573,0
1091748,200,4788,29,1782724611,0
1091748,200,4826,30,1782724649,0
1091748,200,4863,31,1782724685,0
1091748,200,101413,32,1782724724,0
1091750,200,4700,28,1782723376,0
1091750,200,4788,29,1782723419,0
1091750,200,4826,30,1782723467,0
1091750,200,4863,31,1782723499,0
1091750,200,101413,32,1782723527,0
1091750,200,4882,33,1782723564,0
1091750,200,4887,34,1782723585,0
1091750,200,4888,35,1782723654,0
1091750,200,4914,36,1782723688,0
1091750,200,4940,37,1782723710,0
1091750,200,4980,38,1782723731,0
1091750,200,5011,39,1782723753,0
1091750,200,5015,40,1782723784,0
1091750,200,5029,41,1782723837,0
1091750,200,5065,42,1782723872,0
1091750,200,5150,43,1782723964,0
1091750,200,5218,44,1782724031,0
1091750,200,5246,45,1782724061,0
1091750,200,5298,46,1782724197,0
1091750,200,5285,47,1782724240,0
1091750,200,5251,48,1782724273,0
1091750,200,5204,49,1782724326,0
1091750,200,5162,50,1782724355,0
1091750,200,5120,51,1782724355,0
1091750,200,5101,999,1782724422,0
1091777,200B,5132,10,1782723384,0
1091777,200B,5063,11,1782723464,0
1091777,200B,5012,12,1782723570,0
1091777,200B,5010,13,1782723588,0
1091777,200B,4970,14,1782723605,0
1091777,200B,4951,15,1782723631,0
1091777,200B,4912,16,1782723660,0
1091777,200B,4876,17,1782723705,0
1091777,200B,4886,18,1782723800,0
1091777,200B,4881,19,1782723822,0
1091777,200B,101414,20,1782723853,0
1091777,200B,4864,21,1782723889,0
1091777,200B,4827,22,1782723924,0
1091777,200B,4790,23,1782723951,0
1091777,200B,4690,24,1782724063,0
1091777,200B,4673,25,1782724146,0
1091777,200B,4638,26,1782724182,0
1091777,200B,4591,27,1782724227,0
1091777,200B,4559,28,1782724268,0
1091777,200B,4517,29,1782724276,0
1091777,200B,4469,30,1782724322,0
1091777,200B,4402,31,1782724362,0
1091777,200B,4367,32,1782724410,0
1091777,200B,4316,33,1782724449,0
1091777,200B,4256,34,1782724505,0
1091777,200B,4178,35,1782724604,0
1091777,200B,4155,36,1782724633,0
1091777,200B,4139,37,1782724667,0
1091777,200B,4094,38,1782724708,0
1091777,200B,4057,39,1782724744,0
1091777,200B,4018,40,1782724788,0
1091777,200B,3965,41,1782724844,0
1091777,200B,3926,42,1782724872,0
1091777,200B,3890,999,1782724911,0
1091819,200C,6761,1,1782723960,0
1091819,200C,100622,2,1782723984,0
1091819,200C,3386,3,1782724069,0
1091819,200C,3487,4,1782724174,0
1091819,200C,3588,5,1782724351,0
1091819,200C,3656,6,1782724421,0
1091819,200C,3711,7,1782724481,0
1091819,200C,3881,8,1782724714,0
1091819,200C,3912,9,1782724772,0
1091819,200C,3963,10,1782724823,0
1091819,200C,4007,11,1782724862,0
1091819,200C,4042,12,1782724919,0
1091819,200C,4102,13,1782724963,0
1091819,200C,4133,14,1782724997,0
1091819,200C,4151,15,1782725027,0
1091819,200C,4177,16,1782725065,0
1091819,200C,4216,17,1782725094,0
1091819,200C,4264,18,1782725117,0
1091820,200C,4177,16,1782723386,0
1091820,200C,4216,17,1782723417,0
1091820,200C,4264,18,1782723526,0
1091820,200C,4302,19,1782723560,0
1091820,200C,4359,20,1782723634,0
1091820,200C,4391,21,1782723663,0
1091820,200C,4442,22,1782723714,0
1091820,200C,4510,23,1782723768,0
1091820,200C,4552,24,1782723793,0
1091820,200C,4584,25,1782723828,0
1091820,200C,4631,26,1782723857,0
1091820,200C,4660,27,1782723879,0
1091820,200C,4685,28,1782723915,0
1091820,200C,4680,29,1782723943,0
1091820,200C,4692,30,1782723963,0
1091820,200C,4718,999,1782723989,0
1091956,206,1947,1,1782726240,0
1091956,206,101105,2,1782726284,0
1091956,206,101671,3,1782726355,0
1091956,206,101673,4,1782726437,0
1091956,206,101675,5,1782726500,0
1091956,206,2104,6,1782726527,0
1091956,206,2178,7,1782726587,0
1091956,206,2229,8,1782726622,0
1091956,206,2313,9,1782726688,0
1091956,206,2323,10,1782726730,0
1091956,206,2410,11,1782726780,0
1091956,206,2460,12,1782726814,0
1091956,206,2523,13,1782726854,0
1091956,206,2574,14,1782726902,0
1091956,206,2651,15,1782726947,0
1091956,206,2713,16,1782727005,0
1091956,206,2776,17,1782727048,0
1091956,206,2821,18,1782727085,0
1091956,206,2866,19,1782727140,0
1091956,206,2899,20,1782727223,0
1091956,206,2951,21,1782727283,0
1091956,206,2976,22,1782727326,0
1091956,206,3070,23,1782727421,0
1091956,206,3109,24,1782727465,0
1091959,206,101674,32,1782723391,0
1091959,206,101672,33,1782723472,0
1091959,206,101104,34,1782723570,0
1091959,206,1927,999,1782723645,0
1091960,206,1947,1,1782723420,0
1091960,206,101105,2,1782723465,0
1091960,206,101671,3,1782723536,0
1091960,206,101673,4,1782723618,0
1091960,206,101675,5,1782723649,0
1091960,206,2104,6,1782723708,0
1091960,206,2178,7,1782723727,0
1091960,206,2229,8,1782723763,0
1091960,206,2313,9,1782723829,0
1091960,206,2323,10,1782723871,0
1091960,206,2410,11,1782723921,0
1091960,206,2460,12,1782723955,0
1091960,206,2523,13,1782723995,0
1091960,206,2574,14,1782724009,0
1091960,206,2651,15,1782724049,0
1091960,206,2713,16,1782724146,0
1091960,206,2776,17,1782724189,0
1091960,206,2821,18,1782724226,0
1091960,206,2866,19,1782724281,0
1091960,206,2899,20,1782724364,0
1091960,206,2951,21,1782724381,0
1091960,206,2976,22,1782724422,0
1091960,206,3070,23,1782724562,0
1091960,206,3109,24,1782724571,0
1091960,206,3141,25,1782724640,0
1091960,206,3161,26,1782724677,0
1091960,206,3173,27,1782724716,0
1091960,206,6761,999,1782724787,0
1091962,206,3890,1,1782723616,0
1091962,206,3718,2,1782723772,0
1091962,206,3664,3,1782723855,0
1091962,206,3584,4,1782723963,0
1091962,206,6456,5,1782724075,0
1091962,206,6448,6,1782724189,0
1091962,206,3413,7,1782724326,0
1091962,206,100623,8,1782724536,0
1091962,206,6762,9,1782724538,0
1091962,206,3171,10,1782724610,0
1091962,206,3162,11,1782724643,0
1091962,206,3145,12,1782724679,0
1091962,206,3102,13,1782724719,0
1091962,206,3066,14,1782724756,0
1091962,206,2975,15,1782724853,0
1091962,206,2949,16,1782724887,0
1091962,206,2919,17,1782724944,0
1091962,206,2875,18,1782725012,0
1091962,206,2825,19,1782725054,0
1091962,206,2772,20,1782725123,0
1091962,206,2730,21,1782725178,0
1091962,206,2647,22,1782725229,0
1091962,206,2582,23,1782725275,0
1091962,206,2525,24,1782725321,0
1091962,206,2470,25,1782725356,0
1091975,206,6456,5,1782723412,0
1091975,206,6448,6,1782723515,0
1091975,206,3413,7,1782723646,0
1091975,206,100623,8,1782723811,0
1091975,206,6762,9,1782723855,0
1091975,206,3171,10,1782723910,0
1091975,206,3162,11,1782723960,0
1091975,206,3145,12,1782723984,0
1091975,206,3102,13,1782724015,0
1091975,206,3066,14,1782724045,0
1091975,206,2975,15,1782724146,0
1091975,206,2949,16,1782724170,0
1091975,206,2919,17,1782724198,0
1091975,206,2875,18,1782724267,0
1091975,206,2825,19,1782724323,0
1091975,206,2772,20,1782724405,0
1091975,206,2730,21,1782724508,0
1091975,206,2647,22,1782724554,0
1091975,206,2582,23,1782724609,0
1091975,206,2525,24,1782724661,0
1091975,206,2470,25,1782724701,0
1091975,206,2403,26,1782724781,0
1091975,206,2312,27,1782724836,0
1091975,206,2309,28,1782724868,0
1091975,206,2240,29,1782724916,0
1091975,206,2166,30,1782724997,0
1091975,206,101676,31,1782725111,0
1091975,206,101674,32,1782725188,0
1091982,206,2919,17,1782723371,0
1091982,206,2875,18,1782723455,0
1091982,206,2825,19,1782723522,0
1091982,206,2772,20,1782723584,0
1091982,206,2730,21,1782723696,0
1091982,206,2647,22,1782723745,0
1091982,206,2582,23,1782723805,0
1091982,206,2525,24,1782723846,0
1091982,206,2470,25,1782723888,0
1091982,206,2403,26,1782723953,0
1091982,206,2312,27,1782724049,0
1091982,206,2309,28,1782724092,0
1091982,206,2240,29,1782724135,0
1091982,206,2166,30,1782724173,0
1091982,206,101676,31,1782724288,0
1091982,206,101674,32,1782724373,0
1091982,206,101672,33,1782724471,0
1091982,206,101104,34,1782724573,0
1091982,206,1927,999,1782724645,0
1092003,206,2825,19,1782723387,0
1092003,206,2772,20,1782723446,0
1092003,206,2730,21,1782723564,0
1092003,206,2647,22,1782723610,0
1092003,206,2582,23,1782723668,0
1092003,206,2525,24,1782723705,0
1092003,206,2470,25,1782723751,0
1092003,206,2403,26,1782723811,0
1092003,206,2312,27,1782723910,0
1092003,206,2309,28,1782723940,0
1092003,206,2240,29,1782723967,0
1092003,206,2166,30,1782724018,0
1092003,206,101676,31,1782724116,0
1092003,206,101674,32,1782724196,0
1092003,206,101672,33,1782724265,0
1092003,206,101104,34,1782724363,0
1092003,206,1927,999,1782724436,0
1092006,206,3890,1,1782724911,0
1092006,206,3718,2,1782725159,0
1092006,206,3664,3,1782725249,0
1092029,206,2866,19,1782723396,0
1092029,206,2899,20,1782723501,0
1092029,206,2951,21,1782723532,0
1092029,206,2976,22,1782723589,0
1092029,206,3070,23,1782723699,0
1092029,206,3109,24,1782723728,0
1092029,206,3141,25,1782723785,0
1092029,206,3161,26,1782723809,0
1092029,206,3173,27,1782723835,0
1092029,206,6761,999,1782723903,0
1092099,208,2187,1,1782723420,0
1092099,208,2094,2,1782723509,0
1092099,208,2008,3,1782723578,0
1092099,208,1955,4,1782723647,0
1092099,208,1885,5,1782723734,0
1092099,208,1860,6,1782723780,0
1092099,208,1878,7,1782723841,0
1092099,208,1902,8,1782723907,0
1092099,208,1925,9,1782723968,0
1092099,208,1947,10,1782724020,0
1092099,208,100085,11,1782724069,0
1092099,208,100086,12,1782724120,0
1092099,208,100087,13,1782724173,0
1092099,208,100088,14,1782724242,0
1092099,208,100731,15,1782724320,0
1092099,208,100729,16,1782724357,0
1092099,208,2013,17,1782724425,0
1092099,208,2081,18,1782724464,0
1092099,208,100298,19,1782724513,0
1092099,208,100299,20,1782724555,0
1092099,208,100300,21,1782724601,0
1092099,208,2159,22,1782724623,0
1092099,208,2224,23,1782724659,0
1092099,208,2245,24,1782724606,0
1092099,208,2282,25,1782724657,0
1092099,208,2290,26,1782724710,0
1092111,208,2187,1,1782726300,0
1092111,208,2094,2,1782726380,0
1092111,208,2008,3,1782726442,0
1092111,208,1955,4,1782726504,0
1092111,208,1885,5,1782726582,0
1092111,208,1860,6,1782726624,0
1092111,208,1878,7,1782726679,0
1092111,208,1902,8,1782726739,0
1092111,208,1925,9,1782726794,0
1092111,208,1947,10,1782726840,0
1092111,208,100085,11,1782726889,0
1092111,208,100086,12,1782726940,0
1092111,208,100087,13,1782726993,0
1092111,208,100088,14,1782727062,0
1092111,208,100731,15,1782727140,0
1092111,208,100729,16,1782727174,0
1092111,208,2013,17,1782727235,0
1092111,208,2081,18,1782727270,0
1092111,208,100298,19,1782727314,0
1092111,208,100299,20,1782727352,0
1092111,208,100300,21,1782727393,0
1092111,208,2159,22,1782727413,0
1092111,208,2224,23,1782727446,0
1092111,208,2245,24,1782727470,0
1092111,208,2282,25,1782727516,0
1092113,208,3102,10,1782723401,0
1092113,208,3066,11,1782723437,0
1092113,208,2975,12,1782723506,0
1092113,208,2949,13,1782723532,0
1092113,208,2919,14,1782723565,0
1092113,208,2875,15,1782723645,0
1092113,208,2825,16,1782723706,0
1092113,208,2772,17,1782723772,0
1092113,208,2730,18,1782723875,0
1092113,208,2647,19,1782723919,0
1092113,208,2582,20,1782723978,0
1092113,208,2525,21,1782724018,0
1092113,208,2470,22,1782724064,0
1092113,208,2403,23,1782724126,0
1092113,208,2312,24,1782724215,0
1092113,208,2284,25,1782724326,0
1092113,208,2278,26,1782724360,0
1092113,208,2273,27,1782724389,0
1092113,208,2222,28,1782724431,0
1092113,208,2210,29,1782724472,0
1092113,208,100295,30,1782724511,0
1092113,208,100296,31,1782724560,0
1092113,208,100297,32,1782724637,0
1092113,208,2079,33,1782724700,0
1092113,208,2026,34,1782724735,0
1092113,208,100728,35,1782724820,0
1092113,208,100730,36,1782724868,0
1092113,208,100089,37,1782724939,0
1092113,208,100090,38,1782725003,0
1092113,208,100091,39,1782725055,0
1092113,208,100092,40,1782725118,0
1092113,208,1927,41,1782725168,0
1092113,208,1913,42,1782725232,0
1092125,208,6761,46,1782723393,0
1092125,208,100622,47,1782723424,0
1092125,208,3386,48,1782723500,0
1092125,208,3487,49,1782723610,0
1092125,208,3531,999,1782723727,0
1092129,208N,6456,2,1782723530,0
1092129,208N,6448,3,1782723660,0
1092129,208N,3413,4,1782723696,0
1092129,208N,100623,5,1782723842,0
1092129,208N,6762,6,1782723896,0
1092129,208N,3171,7,1782723960,0
1092129,208N,3162,8,1782723998,0
1092129,208N,3145,9,1782724034,0
1092129,208N,3102,10,1782724105,0
1092129,208N,3066,11,1782724142,0
1092129,208N,2975,12,1782724239,0
1092129,208N,2949,13,1782724273,0
1092129,208N,2919,14,1782724330,0
1092129,208N,2875,15,1782724398,0
1092129,208N,2825,16,1782724440,0
1092129,208N,2772,17,1782724509,0
1092129,208N,2730,18,1782724564,0
1092129,208N,2647,19,1782724615,0
1092130,208N,2278,26,1782723384,0
1092130,208N,2273,27,1782723416,0
1092130,208N,2222,28,1782723455,0
1092130,208N,2210,29,1782723494,0
1092130,208N,100295,30,1782723534,0
1092130,208N,100296,31,1782723578,0
1092130,208N,100297,32,1782723635,0
1092130,208N,2079,33,1782723675,0
1092130,208N,2026,34,1782723707,0
1092130,208N,100728,35,1782723759,0
1092130,208N,100730,36,1782723794,0
1092130,208N,100089,37,1782723830,0
1092130,208N,100090,38,1782723882,0
1092130,208N,100091,39,1782723938,0
1092130,208N,100092,40,1782723976,0
1092130,208N,1927,999,1782724011,0
1092501,254X,2340,7,1782723738,0
1092501,254X,2247,8,1782723857,0
1092501,254X,2216,9,1782723879,0
1092501,254X,2161,10,1782723912,0
1092501,254X,2115,11,1782723933,0
1092501,254X,2028,12,1782723986,0
1092501,254X,1976,13,1782724018,0
1092501,254X,1945,14,1782724043,0
1092501,254X,1889,15,1782724088,0
1092501,254X,1855,16,1782724114,0
1092501,254X,1805,17,1782724105,0
1092501,254X,1790,18,1782724167,0
1092501,254X,1795,19,1782724203,0
1092501,254X,1801,20,1782724238,0
1092501,254X,1808,21,1782724282,0
1092501,254X,1816,22,1782724353,0
1092501,254X,1826,23,1782724390,0
1092501,254X,1830,24,1782724417,0
1092501,254X,1832,25,1782724439,0
1092501,254X,1817,26,1782724535,0
1092501,254X,1743,27,1782724565,0
1092501,254X,1707,28,1782724588,0
1092501,254X,101972,999,1782724653,0
1092554,254X,1790,18,1782723364,0
1092554,254X,1795,19,1782723399,0
1092554,254X,1801,20,1782723435,0
1092554,254X,1808,21,1782723477,0
1092554,254X,1816,22,1782723546,0
1092554,254X,1826,23,1782723583,0
1092554,254X,1830,24,1782723610,0
1092554,254X,1832,25,1782723632,0
1092554,254X,1817,26,1782723721,0
1092554,254X,1743,27,1782723752,0
1092554,254X,1707,28,1782723774,0
1092554,254X,101972,999,1782723839,0
1127432,720,100881,65,1782723467,0
1127432,720,100880,66,1782723557,0
1127432,720,5667,67,1782723660,0
1127432,720,5690,68,1782723684,0
1127432,720,5709,69,1782723723,0
1127432,720,100137,70,1782723762,0
1127432,720,100139,71,1782723841,0
1127432,720,5861,72,1782723898,0
1127432,720,100009,999,1782723979,0
1127434,720,5400,52,1782723388,0
1127434,720,5412,53,1782723413,0
1127434,720,5462,54,1782723499,0
1127434,720,6968,55,1782723610,0
1127434,720,5530,56,1782723633,0
1127434,720,5560,57,1782723657,0
1127434,720,5580,58,1782723715,0
1127434,720,5570,59,1782723742,0
1127434,720,5578,60,1782723778,0
1127434,720,5593,61,1782723812,0
1127434,720,5626,62,1782723854,0
1127434,720,6967,63,1782723899,0
1127434,720,100878,64,1782723963,0
1127434,720,100881,65,1782724106,0
1127434,720,100880,66,1782724186,0
1127434,720,5667,67,1782724279,0
1127434,720,5690,68,1782724318,0
1127434,720,5709,69,1782724363,0
1127434,720,100137,70,1782724438,0
1127434,720,100139,71,1782724610,0
1127434,720,5861,72,1782724675,0
1127434,720,100009,999,1782724730,0
1127450,719,3413,999,1782723387,0
1127485,720,5092,32,1782723399,0
1127485,720,5098,33,1782723427,0
1127485,720,5103,34,1782723529,0
1127485,720,5106,35,1782723551,0
1127485,720,5110,36,1782723572,0
1127485,720,5107,37,1782723654,0
1127485,720,5119,38,1782723784,0
1127485,720,5123,39,1782723829,0
1127485,720,5126,40,1782723856,0
1127485,720,5129,41,1782723886,0
1127485,720,5134,42,1782723921,0
1127485,720,5140,43,1782723946,0
1127485,720,5155,44,1782723982,0
1127485,720,102324,45,1782723994,0
1127485,720,5279,46,1782724037,0
1127485,720,5314,47,1782724058,0
1127485,720,6960,48,1782724089,0
1127485,720,5344,49,1782724128,0
1127485,720,5364,50,1782724152,0
1127485,720,5380,51,1782724152,0
1127485,720,5400,52,1782724201,0
1127485,720,5412,53,1782724223,0
1127485,720,5462,54,1782724343,0
1127485,720,6968,55,1782724455,0
1127485,720,5530,56,1782724479,0
1127485,720,5560,57,1782724503,0
1127485,720,5580,58,1782724557,0
1127485,720,5570,59,1782724620,0
1127485,720,5578,60,1782724661,0
1127485,720,5593,61,1782724738,0
1127485,720,5626,62,1782724817,0
1127485,720,6967,63,1782724873,0
1127485,720,100878,64,1782724924,0
1127485,720,100881,65,1782724982,0
1127486,T721,6160,51,1782723383,0
1127486,T721,6168,52,1782723466,0
1127486,T721,6170,53,1782723488,0
1127486,T721,6172,54,1782723506,0
1127486,T721,6175,55,1782723537,0
1127486,T721,6176,56,1782723605,0
1127486,T721,6191,57,1782723669,0
1127486,T721,6199,58,1782723718,0
1127486,T721,6208,999,1782723808,0
1127535,T722,5857,37,1782723418,0
1127535,T722,5871,38,1782723452,0
1127535,T722,5881,39,1782723484,0
1127535,T722,5896,40,1782723537,0
1127535,T722,5906,41,1782723565,0
1127535,T722,5923,42,1782723610,0
1127535,T722,5929,43,1782723645,0
1127535,T722,5956,44,1782723676,0
1127535,T722,101918,45,1782723693,0
1127535,T722,5979,46,1782723710,0
1127535,T722,5987,47,1782723726,0
1127535,T722,6025,48,1782723755,0
1127535,T722,6038,49,1782723775,0
1127535,T722,6049,50,1782723796,0
1127535,T722,6078,51,1782723852,0
1127535,T722,6114,52,1782723910,0
1127535,T722,6130,53,1782723930,0
1127535,T722,6171,54,1782723960,0
1127535,T722,6202,55,1782723981,0
1127535,T722,6225,56,1782724000,0
1127535,T722,6242,57,1782724018,0
1127535,T722,6261,58,1782724044,0
1127535,T722,6263,59,1782724067,0
1127535,T722,6247,60,1782724091,0
1127535,T722,6230,61,1782724127,0
1127535,T722,6178,62,1782724185,0
1127535,T722,6151,63,1782724224,0
1127535,T722,6153,64,1782724246,0
1127535,T722,6156,65,1782724269,0
1127535,T722,6160,66,1782724301,0
1127535,T722,6150,67,1782724633,0
1127535,T722,6136,68,1782724666,0
1127535,T722,6144,69,1782724726,0
1127535,T722,6138,70,1782724803,0
1127535,T722,6133,71,1782724887,0
1127535,T722,6142,72,1782724948,0
1127535,T722,6161,73,1782725014,0
1127535,T722,6191,74,1782725064,0
1127535,T722,6199,75,1782725131,0
1127535,T722,6208,999,1782725216,0
1127559,T721,5874,37,1782723418,0
1127559,T721,5882,38,1782723443,0
1127559,T721,5897,39,1782723471,0
1127559,T721,5914,40,1782723499,0
1127559,T721,5946,41,1782723554,0
1127559,T721,5960,42,1782723571,0
1127559,T721,5982,43,1782723601,0
1127559,T721,6019,44,1782723649,0
1127559,T721,6040,45,1782723667,0
1127559,T721,6046,46,1782723705,0
1127559,T721,6062,47,1782723733,0
1127559,T721,6097,48,1782723765,0
1127559,T721,6120,49,1782723772,0
1127559,T721,6143,50,1782723791,0
1127559,T721,6160,51,1782723886,0
1127559,T721,6168,52,1782723951,0
1127559,T721,6170,53,1782723974,0
1127559,T721,6172,54,1782723994,0
1127559,T721,6175,55,1782724022,0
1127559,T721,6176,56,1782724087,0
1127559,T721,6191,57,1782724155,0
1127559,T721,6199,58,1782724205,0
1127559,T721,6208,999,1782724292,0
1127575,720B,100009,1,1782724314,0
1127575,720B,5863,2,1782724402,0
1127575,720B,100138,3,1782724437,0
1127575,720B,100136,4,1782724555,0
1127575,720B,5731,5,1782724605,0
1127575,720B,5707,6,1782724631,0
1127575,720B,5687,7,1782724654,0
1127575,720B,100879,8,1782724744,0
1127575,720B,100882,9,1782724853,0
1127575,720B,100877,10,1782724903,0
1127575,720B,5659,11,1782724935,0
1127575,720B,5640,12,1782724968,0
1127575,720B,5631,13,1782725009,0
1127575,720B,5594,14,1782725046,0
1127575,720B,5571,15,1782725081,0
1127575,720B,5568,16,1782725117,0
1127575,720B,5575,17,1782725143,0
1127582,T722,5857,37,1782723678,0
1127582,T722,5871,38,1782723712,0
1127582,T722,5881,39,1782723748,0
1127582,T722,5896,40,1782723802,0
1127582,T722,5906,41,1782723827,0
1127582,T722,5923,42,1782723875,0
1127582,T722,5929,43,1782723908,0
1127582,T722,5956,44,1782723937,0
1127582,T722,101918,45,1782723953,0
1127582,T722,5979,46,1782723969,0
1127582,T722,5987,47,1782723985,0
1127582,T722,6025,48,1782724014,0
1127582,T722,6038,49,1782724037,0
1127582,T722,6049,50,1782724058,0
1127582,T722,6078,51,1782724116,0
1127582,T722,6114,52,1782724173,0
1127582,T722,6130,53,1782724193,0
1127582,T722,6171,54,1782724223,0
1127582,T722,6202,55,1782724244,0
1127582,T722,6225,56,1782724263,0
1127582,T722,6242,57,1782724282,0
1127582,T722,6261,58,1782724304,0
1127582,T722,6263,59,1782724327,0
1127582,T722,6247,60,1782724353,0
1127582,T722,6230,61,1782724389,0
1127582,T722,6178,62,1782724447,0
1127582,T722,6151,63,1782724488,0
1127582,T722,6153,64,1782724510,0
1127582,T722,6156,65,1782724530,0
1127582,T722,6160,66,1782724568,0
1127582,T722,6150,67,1782724893,0
1127582,T722,6136,68,1782724927,0
1127582,T722,6144,69,1782724983,0
1127582,T722,6138,70,1782725053,0
1127582,T722,6133,71,1782725130,0
1127582,T722,6142,72,1782725186,0
1127582,T722,6161,73,1782725246,0
1127582,T722,6191,74,1782725292,0
1127582,T722,6199,75,1782725353,0
1127582,T722,6208,999,1782725432,0
1127586,T721,5435,23,1782723392,0
1127586,T721,5467,24,1782723426,0
1127586,T721,5487,25,1782723483,0
1127586,T721,5512,26,1782723545,0
1127586,T721,5552,27,1782723581,0
1127586,T721,5573,28,1782723601,0
1127586,T721,5607,29,1782723627,0
1127586,T721,5639,30,1782723651,0
1127586,T721,100782,31,1782723697,0
1127586,T721,5721,32,1782723738,0
1127586,T721,5792,33,1782723812,0
1127586,T721,5809,34,1782723856,0
1127586,T721,5847,35,1782723904,0
1127586,T721,100011,36,1782723973,0
1127586,T721,5874,37,1782724065,0
1127586,T721,5882,38,1782724091,0
1127586,T721,5897,39,1782724119,0
1127586,T721,5914,40,1782724159,0
1127586,T721,5946,41,1782724202,0
1127586,T721,5960,42,1782724226,0
1127586,T721,5982,43,1782724274,0
1127586,T721,6019,44,1782724317,0
1127586,T721,6040,45,1782724359,0
1127586,T721,6046,46,1782724381,0
1127586,T721,6062,47,1782724423,0
1127586,T721,6097,48,1782724432,0
1127586,T721,6120,49,1782724455,0
1127586,T721,6143,50,1782724482,0
1127586,T721,6160,51,1782724522,0
1127586,T721,6168,52,1782724594,0
1127586,T721,6170,53,1782724662,0
1127586,T721,6172,54,1782724718,0
1127586,T721,6175,55,1782724798,0
1127586,T721,6176,56,1782724901,0
1127586,T721,6191,57,1782724973,0
1127586,T721,6199,58,1782725039,0
1127604,720,4095,15,1782723371,0
1127604,720,4156,16,1782723397,0
1127604,720,4213,17,1782723439,0
1127604,720,4296,18,1782723605,0
1127604,720,4390,19,1782723673,0
1127604,720,4475,20,1782723768,0
1127604,720,4524,21,1782723799,0
1127604,720,4580,22,1782723843,0
1127604,720,4626,23,1782723881,0
1127604,720,4674,24,1782723919,0
1127604,720,4761,25,1782724022,0
1127604,720,4799,26,1782724051,0
1127604,720,4852,27,1782724077,0
1127604,720,4911,28,1782724122,0
1127604,720,4939,29,1782724169,0
1127604,720,5029,30,1782724258,0
1127604,720,5074,31,1782724393,0
1127604,720,5092,32,1782724424,0
1127604,720,5098,33,1782724431,0
1127604,720,5103,34,1782724515,0
1127604,720,5106,35,1782724560,0
1127604,720,5110,36,1782724609,0
1127604,720,5107,37,1782724704,0
1127604,720,5119,38,1782724725,0
1127604,720,5123,39,1782724749,0
1127604,720,5126,40,1782724773,0
1127604,720,5129,41,1782724799,0
1127604,720,5134,42,1782724827,0
1127604,720,5140,43,1782724848,0
1127604,720,5155,44,1782724862,0
1127604,720,102324,45,1782724883,0
1127604,720,5279,46,1782724906,0
1127604,720,5314,47,1782724929,0
1127604,720,6960,48,1782724950,0
1127604,720,5344,49,1782724977,0
1127604,720,5364,50,1782724992,0
1127604,720,5380,51,1782725017,0
1127604,720,5400,52,1782725059,0
1127607,T723,6041,58,1782723447,0
1127607,T723,6057,59,1782723495,0
1127607,T723,6061,60,1782723525,0
1127607,T723,6084,61,1782723550,0
1127607,T723,6107,62,1782723583,0
1127607,T723,6125,63,1782723623,0
1127607,T723,6123,64,1782723663,0
1127607,T723,6115,65,1782723696,0
1127607,T723,6069,66,1782723725,0
1127607,T723,6064,67,1782723776,0
1127607,T723,6066,68,1782723804,0
1127607,T723,6068,69,1782723831,0
1127607,T723,6071,70,1782723875,0
1127607,T723,6073,71,1782723898,0
1127607,T723,6075,72,1782723925,0
1127607,T723,6079,73,1782723976,0
1127607,T723,6083,74,1782724014,0
1127607,T723,6087,75,1782724040,0
1127607,T723,6089,76,1782724054,0
1127607,T723,6091,77,1782724083,0
1127607,T723,6098,78,1782724103,0
1127607,T723,6106,79,1782724124,0
1127607,T723,6117,80,1782724150,0
1127607,T723,6146,81,1782724170,0
1127607,T723,6163,82,1782724185,0
1127607,T723,6180,83,1782724227,0
1127607,T723,6208,84,1782724286,0
1127607,T723,6201,999,1782724467,0
1127623,721X,6019,18,1782723371,0
1127623,721X,6040,19,1782723410,0
1127623,721X,6046,20,1782723438,0
1127623,721X,6062,21,1782723474,0
1127623,721X,6097,22,1782723524,0
1127623,721X,6120,23,1782723546,0
1127623,721X,6143,24,1782723567,0
1127623,721X,6160,25,1782723618,0
1127623,721X,6168,26,1782723652,0
1127623,721X,6170,27,1782723676,0
1127623,721X,6172,28,1782723696,0
1127623,721X,6175,29,1782723724,0
1127623,721X,6176,30,1782723801,0
1127623,721X,6191,31,1782723873,0
1127623,721X,6199,32,1782723922,0
1127623,721X,6208,999,1782724008,0
1127632,T722,5130,15,1782723448,0
1127632,T722,5188,16,1782723476,0
1127632,T722,5258,17,1782723534,0
1127632,T722,102321,18,1782723632,0
1127632,T722,5218,19,1782723713,0
1127632,T722,5246,20,1782723742,0
1127632,T722,5281,21,1782723819,0
1127632,T722,5315,22,1782723842,0
1127632,T722,5435,23,1782723945,0
1127632,T722,5467,24,1782723973,0
1127632,T722,5487,25,1782724036,0
1127632,T722,5512,26,1782724075,0
1127632,T722,5552,27,1782724114,0
1127632,T722,5573,28,1782724133,0
1127632,T722,5607,29,1782724150,0
1127632,T722,5639,30,1782724175,0
1127632,T722,100782,31,1782724224,0
1127632,T722,5721,32,1782724299,0
1127632,T722,5792,33,1782724368,0
1127632,T722,5809,34,1782724413,0
1127632,T722,5847,35,1782724477,0
1127632,T722,100011,36,1782724531,0
1127632,T722,5857,37,1782724568,0
1127632,T722,5871,38,1782724591,0
1127632,T722,5881,39,1782724626,0
1127632,T722,5896,40,1782724664,0
1127632,T722,5906,41,1782724690,0
1127632,T722,5923,42,1782724719,0
1127632,T722,5929,43,1782724745,0
1127632,T722,5956,44,1782724783,0
1127632,T722,101918,45,1782724804,0
1127632,T722,5979,46,1782724831,0
1127634,721,3414,1,1782724707,0
1127634,721,6455,2,1782724827,0
1127634,721,101395,3,1782724898,0
1127634,721,3574,4,1782724992,0
1127634,721,6790,5,1782725040,0
1127634,721,3614,6,1782725081,0
1127634,721,3686,7,1782725135,0
1127634,721,3771,8,1782725239,0
1127635,T721,3414,1,1782724005,0
1127635,T721,6455,2,1782724125,0
1127635,T721,101395,3,1782724187,0
1127635,T721,3574,4,1782724269,0
1127635,T721,6790,5,1782724311,0
1127635,T721,3614,6,1782724347,0
1127636,T721,101395,3,1782723566,0
1127636,T721,3574,4,1782723696,0
1127636,T721,6790,5,1782723735,0
1127636,T721,3614,6,1782723801,0
1127636,T721,3686,7,1782723846,0
1127636,T721,3816,8,1782723931,0
1127636,T721,3937,9,1782724054,0
1127636,T721,4095,10,1782724169,0
1127636,T721,4524,11,1782724458,0
1127636,T721,4761,12,1782724639,0
1127636,T721,4939,13,1782724763,0
1127636,T721,5065,14,1782724960,0
1127636,T721,5130,15,1782725036,0
1127636,T721,5188,16,1782725107,0
1127636,T721,5258,17,1782725244,0
1127636,T721,102321,18,1782725363,0
1127637,T721,4524,11,1782723424,0
1127637,T721,4761,12,1782723611,0
1127637,T721,4939,13,1782723735,0
1127637,T721,5065,14,1782723845,0
1127637,T721,5130,15,1782723947,0
1127637,T721,5188,16,1782723993,0
1127637,T721,5258,17,1782724056,0
1127637,T721,102321,18,1782724174,0
1127637,T721,5218,19,1782724262,0
1127637,T721,5246,20,1782724280,0
1127637,T721,5281,21,1782724366,0
1127637,T721,5315,22,1782724394,0
1127637,T721,5435,23,1782724615,0
1127637,T721,5467,24,1782724670,0
1127637,T721,5487,25,1782724729,0
1127637,T721,5512,26,1782724803,0
1127637,T721,5552,27,1782724877,0
1127637,T721,5573,28,1782724909,0
1127637,T721,5607,29,1782724958,0
1127637,T721,5639,30,1782725007,0
1127637,T721,100782,31,1782725083,0
1127637,T721,5721,32,1782725157,0
1127643,721X,5874,11,1782723449,0
1127643,721X,5882,12,1782723475,0
1127643,721X,5897,13,1782723507,0
1127643,721X,5914,14,1782723538,0
1127643,721X,5946,15,1782723622,0
1127643,721X,5960,16,1782723613,0
1127643,721X,5982,17,1782723645,0
1127643,721X,6019,18,1782723685,0
1127643,721X,6040,19,1782723728,0
1127643,721X,6046,20,1782723753,0
1127643,721X,6062,21,1782723789,0
1127643,721X,6097,22,1782723837,0
1127643,721X,6120,23,1782723862,0
1127643,721X,6143,24,1782723885,0
1127643,721X,6160,25,1782723959,0
1127643,721X,6168,26,1782724021,0
1127643,721X,6170,27,1782724043,0
1127643,721X,6172,28,1782724064,0
1127643,721X,6175,29,1782724090,0
1127643,721X,6176,30,1782724170,0
1127643,721X,6191,31,1782724240,0
1127643,721X,6199,32,1782724257,0
1127643,721X,6208,999,1782724348,0
1127658,721,6186,3,1782723383,0
1127658,721,6174,4,1782723461,0
1127658,721,6173,5,1782723505,0
1127658,721,6169,6,1782723528,0
1127658,721,6165,7,1782723551,0
1127658,721,6164,8,1782723579,0
1127658,721,6159,9,1782723604,0
1127658,721,6149,10,1782723634,0
1127658,721,6116,11,1782723665,0
1127658,721,6101,12,1782723687,0
1127658,721,6059,13,1782723746,0
1127658,721,6044,14,1782723782,0
1127658,721,6037,15,1782723811,0
1127658,721,5994,16,1782723847,0
1127658,721,5981,17,1782723866,0
1127658,721,5963,18,1782723892,0
1127658,721,5948,19,1782723912,0
1127658,721,5911,20,1782723959,0
1127658,721,5894,21,1782723991,0
1127658,721,5886,22,1782724008,0
1127658,721,5861,23,1782724072,0
1127658,721,100010,24,1782724165,0
1127658,721,5833,25,1782724366,0
1127658,721,5811,26,1782724417,0
1127658,721,5791,27,1782724455,0
1127658,721,5737,28,1782724515,0
1127658,721,100783,29,1782724568,0
1127658,721,5644,30,1782724620,0
1127658,721,5608,31,1782724663,0
1127658,721,5577,32,1782724703,0
1127658,721,5550,33,1782724732,0
1127658,721,5511,34,1782724796,0
1127658,721,5483,35,1782724868,0
1127658,721,5464,36,1782724932,0
1127658,721,5431,37,1782724998,0
1127660,721,6210,1,1782725825,0
1127660,721,6200,2,1782725877,0
1127660,721,6186,3,1782725915,0
1127660,721,6174,4,1782725955,0
1127660,721,6173,5,1782726032,0
1127660,721,6169,6,1782726066,0
1127660,721,6165,7,1782726102,0
1127662,721,102319,40,1782723395,0
1127662,721,5252,41,1782723516,0
1127662,721,5212,42,1782723620,0
1127662,721,5141,43,1782723628,0
1127662,721,5063,44,1782723766,0
1127662,721,4952,45,1782723847,0
1127662,721,102656,46,1782723995,0
1127662,721,102657,47,1782724080,0
1127662,721,4763,48,1782724143,0
1127662,721,4708,49,1782724196,0
1127662,721,4668,50,1782724223,0
1127662,721,4627,51,1782724271,0
1127662,721,4575,52,1782724290,0
1127662,721,4548,53,1782724345,0
1127662,721,4480,54,1782724452,0
1127662,721,4381,55,1782724500,0
1127662,721,4320,56,1782724507,0
1127662,721,4211,57,1782724580,0
1127662,721,4159,58,1782724624,0
1127662,721,100850,59,1782724667,0
1127662,721,3995,60,1782724732,0
1127662,721,3952,61,1782724789,0
1127662,721,3903,62,1782724861,0
1127662,721,3822,63,1782724976,0
1127662,721,3760,64,1782725030,0
1127662,721,3667,65,1782725147,0
1127662,721,3578,66,1782725222,0
1127662,721,3572,67,1782725272,0
1127662,721,3566,68,1782725324,0
1127662,721,3565,69,1782725349,0
1127662,721,6460,70,1782725392,0
1127662,721,3474,71,1782725448,0
1127662,721,3413,999,1782725508,0
1127668,T722,4763,63,1782723405,0
1127668,T722,4548,64,1782723569,0
1127668,T722,4159,65,1782723778,0
1127668,T722,100850,66,1782723852,0
1127668,T722,3952,67,1782723966,0
1127668,T722,3822,68,1782724096,0
1127668,T722,3667,69,1782724161,0
1127668,T722,3578,70,1782724338,0
1127668,T722,3572,71,1782724373,0
1127668,T722,3566,72,1782724423,0
1127668,T722,3565,73,1782724474,0
1127668,T722,6460,74,1782724549,0
1127668,T722,3474,75,1782724662,0
1127668,T722,3413,999,1782724753,0
1127699,724X,100597,31,1782723430,0
1127699,724X,100598,32,1782723478,0
1127699,724X,100592,33,1782723518,0
1127699,724X,100440,34,1782723572,0
1127699,724X,8184,35,1782723595,0
1127699,724X,6389,36,1782723625,0
1127699,724X,100098,999,1782723678,0
1127701,721X,6172,28,1782723382,0
1127701,721X,6175,29,1782723408,0
1127701,721X,6176,30,1782723489,0
1127701,721X,6191,31,1782723559,0
1127701,721X,6199,32,1782723605,0
1127701,721X,6208,999,1782723689,0
1127707,724X,5721,6,1782723879,0
1127707,724X,100609,7,1782723942,0
1127707,724X,100607,8,1782723961,0
1127707,724X,5859,9,1782724002,0
1127707,724X,5876,10,1782724034,0
1127707,724X,5890,11,1782724070,0
1127707,724X,5905,12,1782724086,0
1127707,724X,101745,13,1782724152,0
1127707,724X,5992,14,1782724270,0
1127707,724X,5995,15,1782724381,0
1127707,724X,5997,16,1782724408,0
1127707,724X,6025,17,1782724447,0
1127707,724X,6038,18,1782724472,0
1127707,724X,6049,19,1782724491,0
1127707,724X,6078,20,1782724562,0
1127707,724X,6114,21,1782724596,0
1127707,724X,6130,22,1782724614,0
1127707,724X,6171,23,1782724646,0
1127707,724X,6202,24,1782724669,0
1127707,724X,6225,25,1782724691,0
1127707,724X,6242,26,1782724708,0
1127707,724X,6261,27,1782724739,0
1127707,724X,6263,28,1782724770,0
1127707,724X,6268,29,1782724823,0
1127707,724X,6323,30,1782724892,0
1127707,724X,100597,31,1782725288,0
1127707,724X,100598,32,1782725336,0
1127707,724X,100592,33,1782725368,0
1127707,724X,100440,34,1782725427,0
1127707,724X,8184,35,1782725442,0
1127707,724X,6389,36,1782725465,0
1127707,724X,100098,999,1782725492,0
1127713,721X,5721,6,1782724185,0
1127713,721X,5792,7,1782724306,0
1127713,721X,5809,8,1782724337,0
1127713,721X,5847,9,1782724386,0
1127713,721X,100011,10,1782724455,0
1127713,721X,5874,11,1782724523,0
1127713,721X,5882,12,1782724549,0
1127713,721X,5897,13,1782724580,0
1127713,721X,5914,14,1782724611,0
1127713,721X,5946,15,1782724672,0
1127713,721X,5960,16,1782724700,0
1127713,721X,5982,17,1782724736,0
1127713,721X,6019,18,1782724777,0
1127713,721X,6040,19,1782724818,0
1127713,721X,6046,20,1782724843,0
1127713,721X,6062,21,1782724880,0
1127713,721X,6097,22,1782724927,0
1127713,721X,6120,23,1782724952,0
1127713,721X,6143,24,1782724959,0
1127713,721X,6160,25,1782725032,0
1127713,721X,6168,26,1782725068,0
1127713,721X,6170,27,1782725091,0
1127713,721X,6172,28,1782725109,0
1127713,721X,6175,29,1782725135,0
1127713,721X,6176,30,1782725212,0
1127713,721X,6191,31,1782725282,0
1127713,721X,6199,32,1782725339,0
1127713,721X,6208,999,1782725431,0
1127718,721X,3574,4,1782723373,0
1127718,721X,6790,5,1782723415,0
1127732,722,6213,1,1782723612,0
1127732,722,6200,2,1782723731,0
1127732,722,6186,3,1782723801,0
1127732,722,6166,4,1782723926,0
1127732,722,6139,5,1782723976,0
1127732,722,6132,6,1782723998,0
1127732,722,6137,7,1782724039,0
1127732,722,6141,8,1782724078,0
1127732,722,6134,9,1782724105,0
1127732,722,6148,10,1782724140,0
1127732,722,6164,11,1782724178,0
1127732,722,6159,12,1782724201,0
1127732,722,6155,13,1782724246,0
1127732,722,6152,14,1782724273,0
1127732,722,6157,15,1782724306,0
1127732,722,6189,16,1782724327,0
1127732,722,6235,17,1782724379,0
1127732,722,6249,18,1782724414,0
1127732,722,6262,19,1782724440,0
1127732,722,6260,20,1782724473,0
1127732,722,6240,21,1782724499,0
1127732,722,6220,22,1782724521,0
1127732,722,6185,23,1782724543,0
1127732,722,6167,24,1782724560,0
1127732,722,6147,25,1782724580,0
1127732,722,6115,26,1782724606,0
1127732,722,6069,27,1782724631,0
1127732,722,6050,28,1782724710,0
1127732,722,6039,29,1782724757,0
1127732,722,6026,30,1782724799,0
1127732,722,5991,31,1782724848,0
1127732,722,5976,32,1782724899,0
1127732,722,5958,33,1782724942,0
1127732,722,5931,34,1782724999,0
1127732,722,5921,35,1782725046,0
1127732,722,5907,36,1782725074,0
1127732,722,5892,37,1782725119,0
1127732,722,5887,38,1782725154,0
1127732,722,5872,39,1782725211,0
1127734,722,6039,29,1782723364,0
1127734,722,6026,30,1782723394,0
1127734,722,5991,31,1782723433,0
1127734,722,5976,32,1782723464,0
1127734,722,5958,33,1782723494,0
1127734,722,5931,34,1782723520,0
1127734,722,5921,35,1782723561,0
1127734,722,5907,36,1782723593,0
1127734,722,5892,37,1782723618,0
1127734,722,5887,38,1782723646,0
1127734,722,5872,39,1782723687,0
1127734,722,5856,40,1782723716,0
1127734,722,100010,999,1782723801,0
1132320,BTANIC,100899,7,1782723552,0
1132320,BTANIC,100898,8,1782723626,0
1132320,BTANIC,100896,999,1782723764,0
1132321,GLNELG,100656,22,1782723410,0
1132321,GLNELG,100655,23,1782723535,0
1132321,GLNELG,100654,24,1782723651,0
1132321,GLNELG,100897,999,1782723781,0
1132322,BTANIC,101760,2,1782723367,0
1132322,BTANIC,101758,3,1782723517,0
1132322,BTANIC,100655,4,1782723720,0
1132322,BTANIC,100654,5,1782723838,0
1132322,BTANIC,100897,6,1782723960,0
1132322,BTANIC,100899,7,1782724177,0
1132322,BTANIC,100898,8,1782724285,0
1132322,BTANIC,100896,999,1782724440,0
1132323,GLNELG,6756,12,1782723374,0
1132323,GLNELG,7063,13,1782723435,0
1132323,GLNELG,6766,14,1782723482,0
1132323,GLNELG,6974,15,1782723565,0
1132323,GLNELG,7062,16,1782723613,0
1132323,GLNELG,6768,17,1782723687,0
1132323,GLNELG,7061,18,1782723859,0
1132323,GLNELG,7060,19,1782724017,0
1132323,GLNELG,6755,20,1782724155,0
1132323,GLNELG,100657,21,1782724299,0
1132323,GLNELG,100656,22,1782724435,0
1132323,GLNELG,100655,23,1782724532,0
1132323,GLNELG,100654,24,1782724650,0
1132323,GLNELG,100897,999,1782724772,0
1132324,BTANIC,101762,1,1782723872,0
1132324,BTANIC,101760,2,1782723927,0
1132324,BTANIC,101758,3,1782724030,0
1132324,BTANIC,100655,4,1782724195,0
1132324,BTANIC,100654,5,1782724311,0
1132324,BTANIC,100897,6,1782724418,0
1132324,BTANIC,100899,7,1782724636,0
1132324,BTANIC,100898,8,1782724744,0
1132324,BTANIC,100896,999,1782724899,0
1132325,GLNELG,6757,8,1782723408,0
1132325,GLNELG,7065,9,1782723458,0
1132325,GLNELG,6767,10,1782723530,0
1132325,GLNELG,7064,11,1782723581,0
1132325,GLNELG,6756,12,1782723596,0
1132325,GLNELG,7063,13,1782723657,0
1132325,GLNELG,6766,14,1782723706,0
1132325,GLNELG,6974,15,1782723794,0
1132325,GLNELG,7062,16,1782723843,0
1132325,GLNELG,6768,17,1782723915,0
1132325,GLNELG,7061,18,1782724084,0
1132325,GLNELG,7060,19,1782724277,0
1132325,GLNELG,6755,20,1782724487,0
1132325,GLNELG,100657,21,1782724663,0
1132325,GLNELG,100656,22,1782724799,0
1132325,GLNELG,100655,23,1782724896,0
1132325,GLNELG,100654,24,1782725014,0
1132326,BTANIC,101762,1,1782724440,0
1132326,BTANIC,101760,2,1782724567,0
1132326,BTANIC,101758,3,1782724717,0
1132326,BTANIC,100655,4,1782724920,0
1132326,BTANIC,100654,5,1782725038,0
1132327,GLNELG,7068,4,1782723378,0
1132327,GLNELG,7067,5,1782723596,0
1132327,GLNELG,100658,6,1782723706,0
1132327,GLNELG,7066,7,1782723765,0
1132327,GLNELG,6757,8,1782723849,0
1132327,GLNELG,7065,9,1782723897,0
1132327,GLNELG,6767,10,1782723946,0
1132327,GLNELG,7064,11,1782723996,0
1132327,GLNELG,6756,12,1782724041,0
1132327,GLNELG,7063,13,1782724105,0
1132327,GLNELG,6766,14,1782724159,0
1132327,GLNELG,6974,15,1782724246,0
1132327,GLNELG,7062,16,1782724298,0
1132327,GLNELG,6768,17,1782724431,0
1132327,GLNELG,7061,18,1782724524,0
1132327,GLNELG,7060,19,1782724685,0
1132327,GLNELG,6755,20,1782724895,0
1132328,BTANIC,101762,1,1782725040,0
1132328,BTANIC,101760,2,1782725167,0
1132328,BTANIC,101758,3,1782725317,0
1132328,BTANIC,100655,4,1782725520,0
1132331,GLNELG,6759,1,1782724200,0
1132331,GLNELG,100002,2,1782724286,0
1132331,GLNELG,6764,3,1782724404,0
1132331,GLNELG,7068,4,1782724492,0
1132331,GLNELG,7067,5,1782724663,0
1132331,GLNELG,100658,6,1782724783,0
1132331,GLNELG,7066,7,1782724870,0
1132331,GLNELG,6757,8,1782724963,0
1132331,GLNELG,7065,9,1782725043,0
1132331,GLNELG,6767,10,1782725118,0
1132331,GLNELG,7064,11,1782725194,0
1132331,GLNELG,6756,12,1782725263,0
1132531,GLNELG,101444,25,1782723421,0
1132531,GLNELG,101445,26,1782723477,0
1132531,GLNELG,4525,27,1782723597,0
1132531,GLNELG,101448,999,1782723739,0
1132533,GLNELG,101443,21,1782723459,0
1132533,GLNELG,101444,22,1782723566,0
1132533,GLNELG,101445,23,1782723628,0
1132533,GLNELG,4525,24,1782723729,0
1132533,GLNELG,101448,999,1782723861,0
1132537,GLNELG,101429,8,1782723457,0
1132537,GLNELG,101430,9,1782723610,0
1132537,GLNELG,101431,10,1782723692,0
1132537,GLNELG,101432,11,1782723749,0
1132537,GLNELG,101433,12,1782723848,0
1132537,GLNELG,101434,13,1782723901,0
1132537,GLNELG,101435,14,1782723953,0
1132537,GLNELG,101436,15,1782724033,0
1132537,GLNELG,101437,16,1782724113,0
1132537,GLNELG,101438,17,1782724149,0
1132537,GLNELG,101439,18,1782724231,0
1132537,GLNELG,101440,19,1782724310,0
1132537,GLNELG,101442,20,1782724395,0
1132537,GLNELG,101443,21,1782724516,0
1132537,GLNELG,101444,22,1782724680,0
1132537,GLNELG,101445,23,1782724774,0
1132537,GLNELG,4525,24,1782724839,0
1132537,GLNELG,101448,999,1782724936,0
1132538,BTANIC,101759,7,1782723495,0
1132538,BTANIC,101761,8,1782723587,0
1132538,BTANIC,101763,999,1782723713,0
1132539,GLNELG,101424,3,1782723396,0
1132539,GLNELG,101425,4,1782723551,0
1132539,GLNELG,101426,5,1782723618,0
1132539,GLNELG,101427,6,1782723739,0
1132539,GLNELG,101428,7,1782723876,0
1132539,GLNELG,101429,8,1782724026,0
1132539,GLNELG,101430,9,1782724170,0
1132539,GLNELG,101431,10,1782724250,0
1132539,GLNELG,101432,11,1782724308,0
1132539,GLNELG,101433,12,1782724408,0
1132539,GLNELG,101434,13,1782724480,0
1132539,GLNELG,101435,14,1782724557,0
1132539,GLNELG,101436,15,1782724608,0
1132539,GLNELG,101437,16,1782724682,0
1132539,GLNELG,101438,17,1782724722,0
1132539,GLNELG,101439,18,1782724797,0
1132539,GLNELG,101440,19,1782724908,0
1132539,GLNELG,101442,20,1782725037,0
1132540,BTANIC,101421,3,1782723429,0
1132540,BTANIC,101422,4,1782723640,0
1132540,BTANIC,101423,5,1782723766,0
1132540,BTANIC,101424,6,1782723897,0
1132540,BTANIC,101759,7,1782724075,0
1132540,BTANIC,101761,8,1782724152,0
1132540,BTANIC,101763,999,1782724273,0
1132541,GLNELG,101422,1,1782723660,0
1132541,GLNELG,101423,2,1782723780,0
1132541,GLNELG,101424,3,1782723900,0
1132541,GLNELG,101425,4,1782724002,0
1132541,GLNELG,101426,5,1782724137,0
1132541,GLNELG,101427,6,1782724315,0
1132541,GLNELG,101428,7,1782724514,0
1132541,GLNELG,101429,8,1782724680,0
1132541,GLNELG,101430,9,1782724772,0
1132541,GLNELG,101431,10,1782724902,0
1132541,GLNELG,101432,11,1782724990,0
1132541,GLNELG,101433,12,1782725132,0
1132541,GLNELG,101434,13,1782725203,0
1132541,GLNELG,101435,14,1782725280,0
1132541,GLNELG,101436,15,1782725331,0
1132541,GLNELG,101437,16,1782725405,0
1132541,GLNELG,101438,17,1782725445,0
1132541,GLNELG,101439,18,1782725520,0
1132542,BTANIC,101419,1,1782723660,0
1132542,BTANIC,101420,2,1782723807,0
1132542,BTANIC,101421,3,1782723922,0
1132542,BTANIC,101422,4,1782724140,0
1132542,BTANIC,101423,5,1782724260,0
1132542,BTANIC,101424,6,1782724380,0
1132542,BTANIC,101759,7,1782724587,0
1132542,BTANIC,101761,8,1782724734,0
1132542,BTANIC,101763,999,1782724860,0
1132543,GLNELG,101422,1,1782724260,0
1132543,GLNELG,101423,2,1782724325,0
1132543,GLNELG,101424,3,1782724446,0
1132543,GLNELG,101425,4,1782724600,0
1132543,GLNELG,101426,5,1782724669,0
1132543,GLNELG,101427,6,1782724848,0
1132543,GLNELG,101428,7,1782725047,0
1132543,GLNELG,101429,8,1782725213,0
1132544,BTANIC,101419,1,1782724260,0
1132544,BTANIC,101420,2,1782724356,0
1132544,BTANIC,101421,3,1782724435,0
1132544,BTANIC,101422,4,1782724654,0
1132544,BTANIC,101423,5,1782724774,0
1132544,BTANIC,101424,6,1782724894,0
1132544,BTANIC,101759,7,1782725101,0
1133872,106,3822,1,1782724020,0
1133872,106,3760,2,1782724041,0
1133872,106,3667,3,1782724116,0
1133872,106,3613,4,1782724153,0
1133872,106,3559,5,1782724195,0
1133872,106,3484,6,1782724320,0
1133872,106,3480,7,1782724361,0
1133872,106,3456,8,1782724512,0
1133872,106,3425,9,1782724815,0
1133872,106,3390,10,1782724992,0
1133872,106,3369,11,1782725075,0
1133872,106,3343,12,1782725131,0
1133881,106,3224,8,1782723396,0
1133881,106,3231,9,1782723444,0
1133881,106,3237,10,1782723471,0
1133881,106,3249,11,1782723504,0
1133881,106,3255,12,1782723526,0
1133881,106,3264,13,1782723590,0
1133881,106,3268,14,1782723624,0
1133881,106,3271,15,1782723647,0
1133881,106,3279,16,1782723673,0
1133881,106,3282,17,1782723698,0
1133881,106,3288,18,1782723783,0
1133881,106,3292,19,1782723826,0
1133881,106,3295,20,1782723865,0
1133881,106,3301,21,1782723872,0
1133881,106,3306,22,1782723919,0
1133881,106,3310,23,1782723993,0
1133881,106,3326,24,1782724023,0
1133881,106,3372,999,1782724078,0
1133906,106,3480,7,1782723416,0
1133906,106,3456,8,1782723560,0
1133906,106,3425,9,1782723724,0
1133906,106,3390,10,1782723938,0
1133906,106,3369,11,1782724010,0
1133906,106,3343,12,1782724097,0
1133906,106,3319,13,1782724107,0
1133906,106,3305,14,1782724209,0
1133906,106,3299,15,1782724263,0
1133906,106,3294,16,1782724304,0
1133906,106,3291,17,1782724360,0
1133906,106,3285,18,1782724428,0
1133906,106,3280,19,1782724551,0
1133906,106,3275,20,1782724558,0
1133906,106,3270,21,1782724603,0
1133906,106,3267,22,1782724657,0
1133906,106,3262,23,1782724703,0
1133906,106,3252,24,1782724754,0
1133906,106,3246,25,1782724790,0
1133906,106,3236,26,1782724847,0
1133906,106,3229,27,1782724896,0
1133906,106,3223,28,1782724966,0
1133906,106,3174,29,1782725035,0
1133906,106,3143,30,1782725083,0
1133906,106,3117,31,1782725124,0
1133906,106,3135,32,1782725160,0
1133911,106,3291,17,1782723462,0
1133911,106,3285,18,1782723513,0
1133911,106,3280,19,1782723623,0
1133911,106,3275,20,1782723659,0
1133911,106,3270,21,1782723689,0
1133911,106,3267,22,1782723728,0
1133911,106,3262,23,1782723773,0
1133911,106,3252,24,1782723869,0
1133911,106,3246,25,1782723901,0
1133911,106,3236,26,1782723952,0
1133911,106,3229,27,1782723987,0
1133911,106,3223,28,1782724041,0
1133911,106,3174,29,1782724145,0
1133911,106,3143,30,1782724179,0
1133911,106,3117,31,1782724228,0
1133911,106,3135,32,1782724268,0
1133911,106,3170,33,1782724306,0
1133911,106,3210,34,1782724326,0
1133911,106,3205,999,1782724369,0
1134000,167,3828,12,1782723449,0
1134000,167,3834,13,1782723520,0
1134000,167,3848,14,1782724503,0
1134000,167,3851,15,1782724570,0
1134000,167,3855,16,1782724634,0
1134000,167,3859,17,1782724678,0
1134000,167,3872,18,1782724737,0
1134000,167,3916,19,1782724797,0
1134000,167,3942,20,1782724824,0
1134000,167,3945,21,1782724882,0
1134000,167,3951,22,1782724941,0
1134000,167,4000,23,1782724983,0
1134000,167,4032,24,1782725032,0
1134000,167,4049,25,1782725057,0
1134000,167,4070,26,1782725086,0
1134005,167,3372,1,1782724140,0
1134005,167,3391,2,1782724209,0
1134005,167,3419,3,1782724322,0
1134005,167,3450,4,1782724503,0
1134005,167,101726,5,1782724589,0
1134005,167,101727,6,1782724706,0
1134005,167,3486,7,1782724748,0
1134005,167,3563,8,1782724826,0
1134005,167,3614,9,1782724885,0
1134005,167,3686,10,1782724947,0
1134005,167,3771,11,1782725066,0
1134014,167,4235,42,1782723374,0
1134014,167,4317,43,1782723415,0
1134014,167,4345,44,1782723441,0
1134014,167,4380,45,1782723520,0
1134014,167,4444,46,1782723647,0
1134014,167,4456,47,1782723713,0
1134014,167,4504,48,1782723739,0
1134014,167,4525,49,1782723824,0
1134014,167,101544,999,1782723963,0
1134025,167,101544,1,1782724020,0
1134025,167,4443,2,1782724130,0
1134025,167,4382,3,1782724167,0
1134025,167,4354,4,1782724230,0
1134025,167,4318,5,1782724275,0
1134025,167,4243,6,1782724299,0
1134025,167,4226,7,1782724328,0
1134025,167,4260,8,1782724354,0
1134025,167,4289,9,1782724377,0
1134025,167,4300,10,1782724408,0
1134025,167,4315,11,1782724437,0
1134025,167,4348,12,1782724477,0
1134025,167,4340,13,1782724525,0
1134025,167,4313,14,1782724576,0
1134025,167,4253,15,1782724612,0
1134025,167,4204,16,1782724644,0
1134025,167,4192,17,1782724685,0
1134025,167,4187,18,1782724730,0
1134025,167,101657,19,1782724749,0
1134025,167,4145,20,1782724800,0
1134025,167,4143,21,1782724849,0
1134025,167,4135,22,1782724887,0
1134025,167,4134,23,1782724921,0
1134025,167,4130,24,1782724965,0
1134025,167,4125,25,1782725013,0
1134025,167,4078,26,1782725039,0
1134025,167,4056,27,1782725062,0
1134025,167,4030,28,1782725088,0
1134025,167,3999,29,1782725134,0
1134025,167,3948,30,1782725164,0
1134025,167,3944,31,1782725215,0
1134025,167,3938,32,1782725251,0
1134025,167,3928,33,1782725280,0
1134062,168,4001,27,1782723395,0
1134062,168,3996,28,1782723430,0
1134062,168,3999,29,1782723486,0
1134062,168,3948,30,1782723512,0
1134062,168,3944,31,1782723560,0
1134062,168,3938,32,1782723611,0
1134062,168,3928,33,1782723667,0
1134062,168,3895,34,1782723699,0
1134062,168,3856,35,1782723737,0
1134062,168,3853,36,1782723785,0
1134062,168,3850,37,1782723807,0
1134062,168,3846,38,1782723887,0
1134062,168,3836,39,1782723903,0
1134062,168,3826,40,1782723985,0
1134062,168,3822,999,1782724033,0
1134063,168,101544,1,1782725820,0
1134063,168,4447,2,1782725896,0
1134063,168,4443,3,1782725933,0
1134063,168,4382,4,1782725969,0
1134063,168,4354,5,1782726031,0
1134063,168,4318,6,1782726076,0
1134063,168,4243,7,1782726100,0
1134063,168,4226,8,1782726129,0
1134063,168,4260,9,1782726155,0
1134063,168,4289,10,1782726178,0
1134063,168,4300,11,1782726209,0
1134063,168,4315,12,1782726237,0
1134063,168,4348,13,1782726277,0
1134063,168,4340,14,1782726324,0
1134063,168,4313,15,1782726375,0
1134063,168,4253,16,1782726411,0
1134063,168,4204,17,1782726443,0
1134063,168,4192,18,1782726484,0
1134063,168,4187,19,1782726529,0
1134063,168,101657,20,1782726548,0
1134063,168,4145,21,1782726600,0
1134063,168,4143,22,1782726650,0
1134063,168,4135,23,1782726688,0
1134063,168,4084,24,1782726725,0
1134063,168,4038,25,1782726762,0
1134063,168,4011,26,1782726817,0
1134063,168,4001,27,1782726847,0
1134063,168,3996,28,1782726885,0
1134063,168,3999,29,1782726930,0
1134063,168,3948,30,1782726961,0
1134063,168,3944,31,1782727013,0
1134063,168,3938,32,1782727050,0
1134063,168,3928,33,1782727080,0
1134107,168,100726,23,1782723368,0
1134107,168,3997,24,1782723375,0
1134107,168,4002,25,1782723416,0
1134107,168,4004,26,1782723450,0
1134107,168,4036,27,1782723481,0
1134107,168,4081,28,1782723523,0
1134107,168,4111,29,1782723557,0
1134107,168,4136,30,1782723608,0
1134107,168,4144,31,1782723640,0
1134107,168,4146,32,1782723668,0
1134107,168,4189,33,1782723725,0
1134107,168,4184,34,1782723774,0
1134107,168,4206,35,1782723813,0
1134107,168,4237,36,1782723841,0
1134107,168,4311,37,1782723880,0
1134107,168,4338,38,1782723921,0
1134107,168,4351,39,1782723975,0
1134107,168,4312,40,1782724013,0
1134107,168,4304,41,1782724044,0
1134107,168,4254,42,1782724092,0
1134107,168,4235,43,1782724133,0
1134107,168,4317,44,1782724168,0
1134107,168,4345,45,1782724200,0
1134107,168,4380,46,1782724258,0
1134107,168,4444,47,1782724350,0
1134107,168,4456,48,1782724382,0
1134107,168,4504,49,1782724429,0
1134107,168,4525,50,1782724451,0
1134107,168,101544,999,1782724550,0
1134115,168,3391,2,1782723375,0
1134115,168,3419,3,1782723595,0
1134115,168,3450,4,1782723722,0
1134115,168,101726,5,1782723849,0
1134115,168,101727,6,1782723984,0
1134115,168,3486,7,1782724025,0
1134115,168,3563,8,1782724123,0
1134115,168,3614,9,1782724168,0
1134115,168,3686,10,1782724203,0
1134115,168,3771,11,1782724296,0
1134115,168,3828,12,1782724385,0
1134115,168,3834,13,1782724415,0
1134115,168,3848,14,1782724497,0
1134115,168,3851,15,1782724560,0
1134115,168,3855,16,1782724625,0
1134115,168,3859,17,1782724626,0
1134115,168,3872,18,1782724682,0
1134115,168,3916,19,1782724738,0
1134115,168,3942,20,1782724765,0
1134115,168,3945,21,1782724824,0
1134115,168,3951,22,1782724885,0
1134115,168,100726,23,1782724931,0
1134115,168,3997,24,1782724985,0
1134115,168,4002,25,1782725032,0
1134115,168,4004,26,1782725058,0
1134115,168,4036,27,1782725109,0
1134115,168,4081,28,1782725163,0
1134115,168,4111,29,1782725198,0
1134115,168,4136,30,1782725224,0
1134273,196F,5216,57,1782723375,0
1134273,196F,5181,58,1782723499,0
1134273,196F,5168,59,1782723506,0
1134273,196F,5169,999,1782723552,0
1134274,196F,4682,27,1782723387,0
1134274,196F,4726,28,1782723431,0
1134274,196F,4745,29,1782723458,0
1134274,196F,4777,30,1782723480,0
1134274,196F,4859,31,1782723595,0
1134274,196F,4884,32,1782723656,0
1134274,196F,4903,33,1782723704,0
1134274,196F,4877,34,1782723765,0
1134274,196F,4837,35,1782723804,0
1134274,196F,4821,36,1782723847,0
1134274,196F,4871,37,1782723918,0
1134274,196F,4901,38,1782723942,0
1134274,196F,4928,39,1782723968,0
1134274,196F,4934,40,1782723990,0
1134274,196F,4933,41,1782724008,0
1134274,196F,4938,42,1782724033,0
1134274,196F,4967,43,1782724064,0
1134274,196F,5018,44,1782724114,0
1134274,196F,5040,45,1782724162,0
1134274,196F,5079,46,1782724213,0
1134274,196F,5075,47,1782724225,0
1134274,196F,5069,48,1782724264,0
1134274,196F,5090,49,1782724315,0
1134274,196F,5138,50,1782724363,0
1134274,196F,5149,51,1782724382,0
1134274,196F,5161,52,1782724407,0
1134274,196F,5199,53,1782724450,0
1134274,196F,5211,54,1782724494,0
1134274,196F,5202,55,1782724546,0
1134274,196F,5177,56,1782724582,0
1134274,196F,5216,57,1782724624,0
1134274,196F,5181,58,1782724709,0
1134274,196F,5168,59,1782724721,0
1134274,196F,5169,999,1782724765,0
1134433,251,3822,1,1782723540,0
1134433,251,3760,2,1782723559,0
1134433,251,3667,3,1782723621,0
1134433,251,3578,4,1782723723,0
1134433,251,3572,5,1782723791,0
1134433,251,3566,6,1782723861,0
1134433,251,3565,7,1782723942,0
1134433,251,6456,8,1782724083,0
1134433,251,6448,9,1782724190,0
1134433,251,3413,10,1782724364,0
1134433,251,3266,11,1782724523,0
1134433,251,3200,12,1782724565,0
1134433,251,3158,13,1782724639,0
1134433,251,3167,14,1782724701,0
1134433,251,3180,15,1782724776,0
1134433,251,3148,16,1782724833,0
1134433,251,3100,17,1782724876,0
1134433,251,3034,18,1782724871,0
1134433,251,2989,19,1782724932,0
1134433,251,2972,20,1782724972,0
1134433,251,2947,21,1782725015,0
1134433,251,2924,22,1782725053,0
1134433,251,2896,23,1782725097,0
1134433,251,2848,24,1782725184,0
1134433,251,2817,25,1782725211,0
1134433,251,2761,26,1782725249,0
1134433,251,2697,27,1782725314,0
1134433,251,2667,28,1782725356,0
1134433,251,2640,29,1782725390,0
1134433,251,2598,30,1782725443,0
1134436,251,2989,19,1782723372,0
1134436,251,2972,20,1782723413,0
1134436,251,2947,21,1782723447,0
1134436,251,2924,22,1782723491,0
1134436,251,2896,23,1782723527,0
1134436,251,2848,24,1782723589,0
1134436,251,2817,25,1782723645,0
1134436,251,2761,26,1782723706,0
1134436,251,2697,27,1782723751,0
1134436,251,2667,28,1782723784,0
1134436,251,2640,29,1782723827,0
1134436,251,2598,30,1782723862,0
1134436,251,2551,31,1782723897,0
1134436,251,2516,32,1782723914,0
1134436,251,2480,33,1782723949,0
1134436,251,2340,34,1782724099,0
1134436,251,2295,35,1782724194,0
1134436,251,2252,36,1782724253,0
1134436,251,2198,37,1782724299,0
1134436,251,2157,38,1782724351,0
1134436,251,2046,39,1782724431,0
1134436,251,2012,40,1782724491,0
1134436,251,1965,41,1782724509,0
1134436,251,1904,42,1782724567,0
1134436,251,1908,43,1782724617,0
1134436,251,1911,999,1782724708,0
1134441,251,2012,40,1782723365,0
1134441,251,1965,41,1782723404,0
1134441,251,1904,42,1782723473,0
1134441,251,1908,43,1782723525,0
1134441,251,1911,999,1782723593,0
1134447,251,2157,38,1782723418,0
1134447,251,2046,39,1782723504,0
1134447,251,2012,40,1782723552,0
1134447,251,1965,41,1782723594,0
1134447,251,1904,42,1782723650,0
1134447,251,1908,43,1782723700,0
1134447,251,1911,999,1782723771,0
1134502,251A,1903,1,1782724080,0
1134502,251A,1900,2,1782724165,0
1134502,251A,1898,3,1782724204,0
1134502,251A,1967,4,1782724257,0
1134502,251A,2005,5,1782724292,0
1134502,251A,2043,6,1782724299,0
1134502,251A,2142,7,1782724352,0
1134502,251A,2214,8,1782724417,0
1134502,251A,2267,9,1782724458,0
1134502,251A,2293,10,1782724482,0
1134502,251A,2308,999,1782724569,0
1134520,252,1603,55,1782723435,0
1134520,252,1620,56,1782723472,0
1134520,252,101972,999,1782723503,0
1134543,254,101971,1,1782726900,0
1134543,254,1698,2,1782726932,0
1134543,254,1733,3,1782726956,0
1134543,254,1788,4,1782726981,0
1134543,254,1836,5,1782727007,0
1134543,254,100829,6,1782727075,0
1134543,254,1829,7,1782727092,0
1134543,254,1824,8,1782727130,0
1134543,254,1812,9,1782727189,0
1134543,254,1807,10,1782727226,0
1134543,254,1803,11,1782727248,0
1134543,254,1796,12,1782727302,0
1134543,254,1791,13,1782727361,0
1134543,254,1810,14,1782727408,0
1134543,254,1859,15,1782727434,0
1134543,254,1893,16,1782727467,0
1134543,254,1936,17,1782727500,0
1134543,254,1981,18,1782727527,0
1134543,254,2052,19,1782727572,0
1134543,254,2114,20,1782727618,0
1134543,254,2174,21,1782727664,0
1134543,254,2213,22,1782727695,0
1134543,254,2257,23,1782727721,0
1134543,254,2308,24,1782727800,0
1134543,254,2493,25,1782727881,0
1134543,254,2510,26,1782727902,0
1134543,254,2549,27,1782727951,0
1134543,254,2596,28,1782727998,0
1134543,254,2619,29,1782728030,0
1134543,254,2668,30,1782728090,0
1134543,254,2696,31,1782728132,0
1134544,254,3822,1,1782724440,0
1134544,254,3760,2,1782724460,0
1134544,254,3667,3,1782724619,0
1134544,254,3578,4,1782724720,0
1134544,254,3572,5,1782724788,0
1134544,254,3566,6,1782724858,0
1134544,254,3565,7,1782724892,0
1134544,254,6456,8,1782724979,0
1134544,254,6448,9,1782725048,0
1134544,254,3413,10,1782725082,0
1134556,254,3413,10,1782723421,0
1134556,254,3266,11,1782723615,0
1134556,254,3200,12,1782723644,0
1134556,254,3158,13,1782723717,0
1134556,254,3167,14,1782723767,0
1134556,254,3180,15,1782723848,0
1134556,254,3148,16,1782723921,0
1134556,254,3100,17,1782723944,0
1134556,254,3034,18,1782723967,0
1134556,254,2989,19,1782724056,0
1134556,254,2972,20,1782724096,0
1134556,254,2947,21,1782724127,0
1134556,254,2924,22,1782724167,0
1134556,254,2896,23,1782724198,0
1134556,254,2848,24,1782724263,0
1134556,254,2817,25,1782724307,0
1134556,254,2761,26,1782724370,0
1134556,254,2697,27,1782724396,0
1134556,254,2667,28,1782724434,0
1134556,254,2640,29,1782724504,0
1134556,254,2598,30,1782724534,0
1134556,254,2551,31,1782724586,0
1134556,254,2516,32,1782724636,0
1134556,254,2480,33,1782724677,0
1134556,254,2340,34,1782724782,0
1134556,254,2247,35,1782724860,0
1134556,254,2216,36,1782724904,0
1134556,254,2161,37,1782724940,0
1134556,254,2115,38,1782724984,0
1134556,254,2028,39,1782725062,0
1134556,254,1976,40,1782725108,0
1134556,254,1945,41,1782725142,0
1134561,254,101971,1,1782723960,0
1134561,254,1698,2,1782724034,0
1134561,254,1733,3,1782724071,0
1134561,254,1788,4,1782724093,0
1134561,254,1836,5,1782724141,0
1134561,254,100829,6,1782724209,0
1134561,254,1829,7,1782724226,0
1134561,254,1824,8,1782724264,0
1134561,254,1812,9,1782724275,0
1134561,254,1807,10,1782724313,0
1134561,254,1803,11,1782724335,0
1134561,254,1796,12,1782724377,0
1134561,254,1791,13,1782724436,0
1134561,254,1810,14,1782724483,0
1134561,254,1859,15,1782724509,0
1134561,254,1893,16,1782724500,0
1134561,254,1936,17,1782724534,0
1134561,254,1981,18,1782724561,0
1134561,254,2052,19,1782724571,0
1134561,254,2114,20,1782724618,0
1134561,254,2174,21,1782724664,0
1134561,254,2213,22,1782724695,0
1134561,254,2257,23,1782724721,0
1134561,254,2308,24,1782724800,0
1134561,254,2493,25,1782724892,0
1134561,254,2510,26,1782724916,0
1134561,254,2549,27,1782724971,0
1134561,254,2596,28,1782725024,0
1134561,254,2619,29,1782725061,0
1134561,254,2668,30,1782725128,0
1134561,254,2696,31,1782725175,0
1134561,254,2759,32,1782725237,0
1134562,254,1836,5,1782723397,0
1134562,254,100829,6,1782723449,0
1134562,254,1829,7,1782723476,0
1134562,254,1824,8,1782723500,0
1134562,254,1812,9,1782723539,0
1134562,254,1807,10,1782723583,0
1134562,254,1803,11,1782723605,0
1134562,254,1796,12,1782723645,0
1134562,254,1791,13,1782723679,0
1134562,254,1810,14,1782723733,0
1134562,254,1859,15,1782723755,0
1134562,254,1893,16,1782723771,0
1134562,254,1936,17,1782723791,0
1134562,254,1981,18,1782723812,0
1134562,254,2052,19,1782723842,0
1134562,254,2114,20,1782723895,0
1134562,254,2174,21,1782723924,0
1134562,254,2213,22,1782723956,0
1134562,254,2257,23,1782723980,0
1134562,254,2308,24,1782724100,0
1134562,254,2493,25,1782724226,0
1134562,254,2510,26,1782724258,0
1134562,254,2549,27,1782724295,0
1134562,254,2596,28,1782724324,0
1134562,254,2619,29,1782724346,0
1134562,254,2668,30,1782724384,0
1134562,254,2696,31,1782724424,0
1134562,254,2759,32,1782724486,0
1134562,254,2820,33,1782724532,0
1134562,254,2865,34,1782724589,0
1134562,254,2886,35,1782724631,0
1134562,254,2926,36,1782724682,0
1134562,254,2946,37,1782724723,0
1134562,254,2967,38,1782724762,0
1134562,254,2996,39,1782724808,0
1134562,254,3040,40,1782724861,0
1134562,254,3090,41,1782724891,0
1134562,254,3159,42,1782724951,0
1134562,254,3178,43,1782724979,0
1134562,254,3168,44,1782725038,0
1134562,254,3157,45,1782725109,0
1134568,254,3157,45,1782723398,0
1134568,254,3187,999,1782723475,0
1134571,262,3903,45,1782723380,0
1134571,262,3822,999,1782723451,0
1134600,263,5111,1,1782723540,0
1134600,263,5119,2,1782723567,0
1134600,263,5095,3,1782723599,0
1134600,263,5033,4,1782723640,0
1134600,263,4965,5,1782723659,0
1134600,263,100784,6,1782723704,0
1134600,263,4982,7,1782723736,0
1134600,263,4987,8,1782723765,0
1134600,263,4990,9,1782723803,0
1134600,263,4994,10,1782723854,0
1134600,263,5000,11,1782723900,0
1134600,263,4979,12,1782723933,0
1134600,263,4929,13,1782723979,0
1134600,263,4898,14,1782724024,0
1134600,263,4842,15,1782724067,0
1134600,263,4784,16,1782724118,0
1134600,263,4749,17,1782724149,0
1134600,263,4683,18,1782724202,0
1134600,263,4647,19,1782724235,0
1134600,263,4606,20,1782724274,0
1134600,263,4570,21,1782724307,0
1134600,263,4509,22,1782724364,0
1134600,263,4435,23,1782724410,0
1134600,263,4433,24,1782724458,0
1134600,263,4426,25,1782724500,0
1134600,263,4421,26,1782724543,0
1134600,263,4418,27,1782724591,0
1134600,263,4398,28,1782724617,0
1134600,263,4375,29,1782724662,0
1134600,263,4341,30,1782724700,0
1134600,263,4288,31,1782724756,0
1134600,263,4242,32,1782724800,0
1134600,263,4205,33,1782724740,0
1134600,263,4166,34,1782724802,0
1134600,263,4147,35,1782724845,0
1134600,263,4115,36,1782724884,0
1134600,263,4079,37,1782724961,0
1134600,263,4053,38,1782725026,0
1134600,263,3995,39,1782725088,0
1134600,263,3952,40,1782725138,0
1134600,263,3903,41,1782725201,0
1134600,263,3822,999,1782725306,0
1134639,263,4342,24,1782723437,0
1134639,263,4377,25,1782723471,0
1134639,263,4396,26,1782723494,0
1134639,263,4419,27,1782723577,0
1134639,263,4422,28,1782723605,0
1134639,263,4428,29,1782723638,0
1134639,263,4434,30,1782723684,0
1134639,263,4436,31,1782723711,0
1134639,263,4485,32,1782723775,0
1134639,263,4512,33,1782723816,0
1134639,263,4567,34,1782723882,0
1134639,263,4611,35,1782723937,0
1134639,263,4641,36,1782723960,0
1134639,263,4698,37,1782723989,0
1134639,263,4757,38,1782724014,0
1134639,263,4782,39,1782724041,0
1134639,263,4847,40,1782724090,0
1134639,263,4899,41,1782724121,0
1134639,263,4931,42,1782724149,0
1134639,263,4977,43,1782724178,0
1134639,263,4998,44,1782724221,0
1134639,263,4993,45,1782724269,0
1134639,263,4988,46,1782724298,0
1134639,263,4983,47,1782724328,0
1134639,263,4981,48,1782724359,0
1134639,263,100785,49,1782724404,0
1134639,263,5032,50,1782724485,0
1134639,263,5067,51,1782724558,0
1134639,263,5111,999,1782724614,0
1134640,263,3187,1,1782723475,0
1134640,263,3289,2,1782723504,0
1134640,263,6445,3,1782723588,0
1134640,263,3487,4,1782723741,0
1134640,263,6458,5,1782723817,0
1134640,263,3570,6,1782724016,0
1134640,263,3574,7,1782724114,0
1134640,263,6790,8,1782724149,0
1134640,263,3614,9,1782724206,0
1134640,263,3686,10,1782724243,0
1134640,263,3771,11,1782724306,0
1134640,263,3816,12,1782724327,0
1134640,263,3897,13,1782724412,0
1134640,263,3937,14,1782724448,0
1134640,263,3983,15,1782724499,0
1134640,263,4048,16,1782724578,0
1134640,263,4071,17,1782724649,0
1134640,263,4117,18,1782724703,0
1134640,263,4148,19,1782724743,0
1134640,263,4167,20,1782724782,0
1134640,263,4208,21,1782724853,0
1134640,263,4244,22,1782724871,0
1134640,263,4280,23,1782724911,0
1134640,263,4342,24,1782724985,0
1134640,263,4377,25,1782725036,0
1134640,263,4396,26,1782725067,0
1134643,263,4698,37,1782723373,0
1134643,263,4757,38,1782723381,0
1134643,263,4782,39,1782723429,0
1134643,263,4847,40,1782723456,0
1134643,263,4899,41,1782723484,0
1134643,263,4931,42,1782723535,0
1134643,263,4977,43,1782723568,0
1134643,263,4998,44,1782723607,0
1134643,263,4993,45,1782723628,0
1134643,263,4988,46,1782723680,0
1134643,263,4983,47,1782723711,0
1134643,263,4981,48,1782723725,0
1134643,263,100785,49,1782723823,0
1134643,263,5032,50,1782723872,0
1134643,263,5067,51,1782723909,0
1134643,263,5111,999,1782724002,0
1134644,263,100785,49,1782723394,0
1134644,263,5032,50,1782723449,0
1134644,263,5067,51,1782723503,0
1134644,263,5111,999,1782723612,0
1134651,265,4447,38,1782723456,0
1134651,265,4443,39,1782723491,0
1134651,265,4435,40,1782723609,0
1134651,265,4433,41,1782723653,0
1134651,265,4426,42,1782723672,0
1134651,265,4421,43,1782723681,0
1134651,265,4418,44,1782723724,0
1134651,265,4398,45,1782723756,0
1134651,265,4375,46,1782723783,0
1134651,265,4341,47,1782723810,0
1134651,265,4288,48,1782723851,0
1134651,265,4242,49,1782723879,0
1134651,265,4205,50,1782723897,0
1134651,265,4166,51,1782723976,0
1134651,265,4147,52,1782724000,0
1134651,265,4115,53,1782724022,0
1134651,265,4079,54,1782724050,0
1134651,265,4053,55,1782724087,0
1134651,265,3995,56,1782724116,0
1134651,265,3952,57,1782724166,0
1134651,265,3903,58,1782724217,0
1134651,265,3822,999,1782724295,0
1134668,265,101543,1,1782726120,0
1134668,265,4447,2,1782726182,0
1134668,265,4443,3,1782726214,0
1134668,265,4435,4,1782726236,0
1134668,265,4433,5,1782726285,0
1134668,265,4426,6,1782726321,0
1134668,265,4421,7,1782726369,0
1134668,265,4418,8,1782726422,0
1134668,265,4398,9,1782726451,0
1134668,265,4375,10,1782726501,0
1134668,265,4341,11,1782726543,0
1134668,265,4288,12,1782726605,0
1134668,265,4242,13,1782726660,0
1134668,265,4205,14,1782726690,0
1134668,265,4166,15,1782726746,0
1134668,265,4147,16,1782726785,0
1134668,265,4115,17,1782726820,0
1134668,265,4079,18,1782726889,0
1134668,265,4053,19,1782726947,0
1134668,265,3995,20,1782727003,0
1134668,265,3952,21,1782727048,0
1134668,265,3903,22,1782727105,0
1134668,265,3822,999,1782727200,0
1134681,265,5264,63,1782723372,0
1134681,265,5243,64,1782723391,0
1134681,265,5200,65,1782723413,0
1134681,265,5139,66,1782723438,0
1134681,265,5118,67,1782723518,0
1134681,265,5111,999,1782723580,0
1134683,265,4666,34,1782723413,0
1134683,265,4720,35,1782723470,0
1134683,265,4778,36,1782723509,0
1134683,265,4796,37,1782723546,0
1134683,265,4814,38,1782723579,0
1134683,265,4862,39,1782723624,0
1134683,265,4902,40,1782723654,0
1134683,265,4920,41,1782723685,0
1134683,265,4942,42,1782723708,0
1134683,265,4995,43,1782723760,0
1134683,265,5005,44,1782723803,0
1134683,265,5016,45,1782723837,0
1134683,265,5049,46,1782723883,0
1134683,265,5089,47,1782723933,0
1134683,265,5097,48,1782723963,0
1134683,265,5128,49,1782724011,0
1134683,265,5170,50,1782724026,0
1134683,265,5203,51,1782724048,0
1134683,265,5249,52,1782724090,0
1134683,265,5265,53,1782724161,0
1134683,265,5302,54,1782724188,0
1134683,265,5331,55,1782724233,0
1134683,265,101540,56,1782724257,0
1134683,265,100109,57,1782724337,0
1134683,265,5323,58,1782724366,0
1134683,265,5320,59,1782724410,0
1134683,265,5317,60,1782724447,0
1134683,265,5313,61,1782724461,0
1134683,265,5297,62,1782724496,0
1134683,265,5264,63,1782724515,0
1134683,265,5243,64,1782724549,0
1134683,265,5200,65,1782724587,0
1134683,265,5139,66,1782724642,0
1134683,265,5118,67,1782724680,0
1134683,265,5111,999,1782724721,0
1134695,265,101540,56,1782723398,0
1134695,265,100109,57,1782723490,0
1134695,265,5323,58,1782723521,0
1134695,265,5320,59,1782723568,0
1134695,265,5317,60,1782723610,0
1134695,265,5313,61,1782723632,0
1134695,265,5297,62,1782723668,0
1134695,265,5264,63,1782723676,0
1134695,265,5243,64,1782723710,0
1134695,265,5200,65,1782723718,0
1134695,265,5139,66,1782723746,0
1134695,265,5118,67,1782723823,0
1134695,265,5111,999,1782723903,0
1134697,265,3897,13,1782723452,0
1134697,265,3937,14,1782723491,0
1134697,265,3983,15,1782723530,0
1134697,265,4048,16,1782723602,0
1134697,265,4071,17,1782723661,0
1134697,265,4117,18,1782723749,0
1134697,265,4148,19,1782723786,0
1134697,265,4167,20,1782723832,0
1134697,265,4208,21,1782723935,0
1134697,265,4244,22,1782723972,0
1134697,265,4280,23,1782723993,0
1134697,265,4342,24,1782724063,0
1134697,265,4377,25,1782724098,0
1134697,265,4396,26,1782724122,0
1134697,265,4419,27,1782724176,0
1134697,265,4422,28,1782724196,0
1134697,265,4428,29,1782724222,0
1134697,265,4434,30,1782724251,0
1134697,265,4436,31,1782724271,0
1134697,265,4444,32,1782724371,0
1134697,265,4449,33,1782724425,0
1134697,265,101624,34,1782724489,0
1134697,265,101713,35,1782724552,0
1134697,265,4640,36,1782724631,0
1134697,265,4666,37,1782724662,0
1134697,265,4720,38,1782724712,0
1134697,265,4778,39,1782724760,0
1134697,265,4796,40,1782724790,0
1134697,265,4814,41,1782724823,0
1134697,265,4862,42,1782724871,0
1134697,265,4902,43,1782724900,0
1134697,265,4920,44,1782724944,0
1134697,265,4942,45,1782724972,0
1134697,265,4995,46,1782725015,0
1134697,265,5005,47,1782725045,0
1134697,265,5016,48,1782725066,0
1134697,265,5049,49,1782725132,0
1134729,300,4200,116,1782723392,0
1134729,300,4193,117,1782723425,0
1134729,300,4188,118,1782723470,0
1134729,300,101715,119,1782723536,0
1134729,300,4068,120,1782723594,0
1134729,300,4012,121,1782723639,0
1134729,300,3973,122,1782723657,0
1134729,300,3927,123,1782723686,0
1134729,300,3873,124,1782723735,0
1134729,300,3815,125,1782723800,0
1134729,300,3754,126,1782723945,0
1134729,300,3701,127,1782723979,0
1134729,300,3604,128,1782724019,0
1134729,300,3547,129,1782724059,0
1134729,300,3499,130,1782724106,0
1134729,300,3427,131,1782724157,0
1134729,300,3400,132,1782724187,0
1134729,300,3334,133,1782724258,0
1134729,300,3297,134,1782724295,0
1134729,300,3196,135,1782724352,0
1134729,300,3166,136,1782724370,0
1134729,300,3131,137,1782724410,0
1134729,300,3039,138,1782724417,0
1134729,300,2988,139,1782724461,0
1134729,300,2877,140,1782724570,0
1134729,300,2850,141,1782724593,0
1134729,300,2808,142,1782724645,0
1134729,300,2756,143,1782724669,0
1134729,300,2720,144,1782724709,0
1134729,300,2675,145,1782724738,0
1134729,300,2639,146,1782724759,0
1134729,300,2592,147,1782724788,0
1134729,300,2496,148,1782724852,0
1134729,300,2449,149,1782724870,0
1134729,300,2397,150,1782724895,0
1134729,300,2305,151,1782724935,0
1134729,300,2266,152,1782724954,0
1134729,300,2271,153,1782725003,0
1134729,300,2276,154,1782725035,0
1134729,300,2282,155,1782725081,0
1134729,300,2290,156,1782725129,0
1134730,300,2364,166,1782723396,0
1134730,300,2368,167,1782723415,0
1134730,300,2371,168,1782723440,0
1134730,300,2389,169,1782723539,0
1134730,300,2396,170,1782723601,0
1134730,300,2405,171,1782723707,0
1134730,300,2408,172,1782723742,0
1134730,300,2409,173,1782723767,0
1134730,300,2415,174,1782723796,0
1134730,300,2420,175,1782723831,0
1134730,300,2361,999,1782723882,0
1134749,300,100000,129,1782723410,0
1134749,300,3892,130,1782723580,0
1134749,300,3891,131,1782723626,0
1134749,300,3854,132,1782723680,0
1134749,300,3800,133,1782723712,0
1134749,300,3794,134,1782723740,0
1134749,300,3780,135,1782723767,0
1134749,300,3762,136,1782723799,0
1134749,300,3736,137,1782723829,0
1134749,300,3719,138,1782723853,0
1134749,300,3730,139,1782723886,0
1134749,300,3716,140,1782723963,0
1134749,300,3660,141,1782723999,0
1134749,300,3603,142,1782724028,0
1134749,300,3518,143,1782724059,0
1134749,300,6610,144,1782724098,0
1134749,300,6575,145,1782724131,0
1134749,300,6549,146,1782724162,0
1134749,300,6528,147,1782724213,0
1134749,300,6525,148,1782724239,0
1134749,300,6523,149,1782724277,0
1134749,300,6521,150,1782724321,0
1134749,300,3136,151,1782724357,0
1134749,300,3132,152,1782724378,0
1134749,300,3128,153,1782724414,0
1134749,300,3124,154,1782724435,0
1134749,300,3116,155,1782724468,0
1134749,300,3112,156,1782724508,0
1134749,300,3106,157,1782724601,0
1134749,300,3101,158,1782724635,0
1134749,300,3096,159,1782724651,0
1134749,300,3091,160,1782724668,0
1134749,300,3081,161,1782724702,0
1134749,300,3075,162,1782724757,0
1134749,300,100316,163,1782724781,0
1134749,300,100314,164,1782724818,0
1134749,300,100650,165,1782724865,0
1134749,300,2849,166,1782724923,0
1134749,300,2763,167,1782725003,0
1134749,300,2710,168,1782725054,0
1134749,300,2680,169,1782725091,0
1134749,300,2621,170,1782725147,0
1134749,300,2563,171,1782725202,0
1134749,300,2511,172,1782725263,0
1134761,300,2511,172,1782723393,0
1134761,300,2448,173,1782723447,0
1134761,300,2381,174,1782723478,0
1134761,300,2322,175,1782723505,0
1134761,300,2343,176,1782723586,0
1134761,300,2308,999,1782723739,0
1134789,300G,100425,1,1782723780,0
1134789,300G,5258,2,1782723980,0
1134789,300G,102321,3,1782724063,0
1134789,300G,101829,4,1782724145,0
1134789,300G,5092,5,1782724202,0
1134789,300G,5098,6,1782724217,0
1134789,300G,5103,7,1782724323,0
1134789,300G,5106,8,1782724347,0
1134789,300G,5110,9,1782724366,0
1134789,300G,5109,10,1782724452,0
1134789,300G,5119,11,1782724552,0
1134789,300G,5095,12,1782724587,0
1134789,300G,5033,13,1782724630,0
1134789,300G,4965,14,1782724650,0
1134789,300G,100784,15,1782724696,0
1134789,300G,100094,16,1782724728,0
1134789,300G,4948,17,1782724773,0
1134789,300G,4919,18,1782724809,0
1134789,300G,4891,19,1782724861,0
1134789,300G,4849,20,1782724893,0
1134789,300G,4816,21,1782724930,0
1134789,300G,4785,22,1782724983,0
1134789,300G,4738,23,1782725014,0
1134789,300G,4664,24,1782725075,0
1134789,300G,4649,25,1782725113,0
1134789,300G,4618,26,1782725153,0
1134789,300G,4597,27,1782725203,0
1134789,300G,4600,28,1782725248,0
1134794,300H,2363,10,1782723405,0
1134794,300H,2360,11,1782723441,0
1134794,300H,2355,12,1782723493,0
1134794,300H,2346,13,1782723538,0
1134794,300H,2338,14,1782723605,0
1134794,300H,2333,15,1782723700,0
1134794,300H,2329,16,1782723725,0
1134794,300H,2327,17,1782723749,0
1134794,300H,2324,18,1782723767,0
1134794,300H,2312,19,1782723809,0
1134794,300H,2284,20,1782723894,0
1134794,300H,2278,21,1782723934,0
1134794,300H,2273,22,1782723956,0
1134794,300H,2268,23,1782723981,0
1134794,300H,2265,24,1782724019,0
1134794,300H,2310,25,1782724184,0
1134794,300H,100940,26,1782724231,0
1134794,300H,2431,27,1782724258,0
1134794,300H,2490,28,1782724278,0
1134794,300H,2586,29,1782724332,0
1134794,300H,2644,30,1782724369,0
1134794,300H,2685,31,1782724396,0
1134794,300H,2736,32,1782724433,0
1134794,300H,2769,33,1782724466,0
1134794,300H,2841,34,1782724513,0
1134794,300H,2880,35,1782724621,0
1134794,300H,2933,36,1782724634,0
1134794,300H,2983,37,1782724666,0
1134794,300H,3032,38,1782724705,0
1134794,300H,3123,39,1782724710,0
1134794,300H,3155,40,1782724767,0
1134794,300H,3191,41,1782724812,0
1134794,300H,3241,42,1782724838,0
1134794,300H,3329,43,1782724905,0
1134794,300H,3382,44,1782724927,0
1134794,300H,3432,45,1782724974,0
1134794,300H,3503,46,1782725015,0
1134794,300H,3582,47,1782725067,0
1134794,300H,3688,48,1782725137,0
1134794,300H,3751,49,1782725189,0
1134794,300H,3838,50,1782725252,0
1134794,300H,3876,51,1782725295,0
1134794,300H,3924,52,1782725339,0
1134796,300H,2586,29,1782723387,0
1134796,300H,2644,30,1782723418,0
1134796,300H,2685,31,1782723447,0
1134796,300H,2736,32,1782723489,0
1134796,300H,2769,33,1782723519,0
1134796,300H,2841,34,1782723572,0
1134796,300H,2880,35,1782723715,0
1134796,300H,2933,36,1782723760,0
1134796,300H,2983,37,1782723788,0
1134796,300H,3032,38,1782723816,0
1134796,300H,3123,39,1782723839,0
1134796,300H,3155,40,1782723881,0
1134796,300H,3191,41,1782723913,0
1134796,300H,3241,42,1782723936,0
1134796,300H,3329,43,1782724004,0
1134796,300H,3382,44,1782724029,0
1134796,300H,3432,45,1782724090,0
1134796,300H,3503,46,1782724122,0
1134796,300H,3582,47,1782724185,0
1134796,300H,3688,48,1782724236,0
1134796,300H,3751,49,1782724293,0
1134796,300H,3838,50,1782724384,0
1134796,300H,3876,51,1782724424,0
1134796,300H,3924,52,1782724452,0
1134796,300H,3974,53,1782724484,0
1134796,300H,4020,54,1782724519,0
1134796,300H,4074,55,1782724579,0
1134796,300H,4162,999,1782724593,0
1134798,300H,5105,77,1782723377,0
1134798,300H,5104,78,1782723399,0
1134798,300H,5099,79,1782723421,0
1134798,300H,5093,80,1782723514,0
1134798,300H,101828,81,1782723594,0
1134798,300H,102320,82,1782723702,0
1134798,300H,5252,83,1782723798,0
1134798,300H,5247,84,1782723918,0
1134798,300H,5212,85,1782724132,0
1134798,300H,5141,86,1782724185,0
1134798,300H,5070,87,1782724234,0
1134798,300H,5056,88,1782724267,0
1134798,300H,101103,89,1782724295,0
1134798,300H,5012,90,1782724400,0
1134798,300H,5010,91,1782724419,0
1134798,300H,4970,92,1782724430,0
1134798,300H,4951,93,1782724444,0
1134798,300H,4912,94,1782724470,0
1134798,300H,4876,95,1782724518,0
1134798,300H,4822,96,1782724565,0
1134798,300H,4734,97,1782724578,0
1134798,300H,4686,98,1782724625,0
1134798,300H,4685,99,1782724676,0
1134798,300H,4680,100,1782724699,0
1134798,300H,100810,101,1782724745,0
1134798,300H,4642,102,1782724810,0
1134798,300H,4594,103,1782724853,0
1134798,300H,4569,104,1782724884,0
1134798,300H,4522,105,1782724928,0
1134798,300H,4454,106,1782724977,0
1134798,300H,4410,107,1782725002,0
1134798,300H,4383,108,1782725029,0
1134798,300H,4353,109,1782725059,0
1134798,300H,4285,110,1782725106,0
1134798,300H,4230,111,1782725143,0
1134798,300H,4227,112,1782725182,0
1134798,300H,4225,113,1782725206,0
1134802,300J,4686,97,1782723411,0
1134802,300J,4685,98,1782723448,0
1134802,300J,4680,99,1782723465,0
1134802,300J,100810,100,1782723493,0
1134802,300J,4642,101,1782723554,0
1134802,300J,4594,102,1782723587,0
1134802,300J,4569,103,1782723614,0
1134802,300J,4522,104,1782723641,0
1134802,300J,4454,105,1782723674,0
1134802,300J,4410,106,1782723723,0
1134802,300J,4383,107,1782723754,0
1134802,300J,4353,108,1782723793,0
1134802,300J,4285,109,1782723819,0
1134802,300J,4230,110,1782723955,0
1134802,300J,4227,111,1782723992,0
1134802,300J,4225,112,1782724013,0
1134802,300J,4223,113,1782724060,0
1134802,300J,4215,114,1782724084,0
1134802,300J,4207,115,1782724136,0
1134802,300J,4200,116,1782724196,0
1134802,300J,4193,117,1782724237,0
1134802,300J,4188,118,1782724253,0
1134802,300J,101715,119,1782724331,0
1134802,300J,4068,120,1782724392,0
1134802,300J,4012,121,1782724445,0
1134802,300J,3973,122,1782724468,0
1134802,300J,3927,123,1782724468,0
1134802,300J,3873,124,1782724513,0
1134802,300J,3815,125,1782724588,0
1134802,300J,3754,126,1782724689,0
1134802,300J,3701,127,1782724718,0
1134802,300J,3604,128,1782724775,0
1134802,300J,3547,129,1782724816,0
1134802,300J,3499,130,1782724846,0
1134802,300J,3427,131,1782724884,0
1134802,300J,3400,132,1782724902,0
1134802,300J,3334,133,1782724954,0
1134802,300J,3297,134,1782724986,0
1134802,300J,3196,135,1782725033,0
1134802,300J,3166,136,1782725075,0
1134802,300J,3131,137,1782725108,0
1134802,300J,3039,138,1782725145,0
1134802,300J,2988,139,1782725180,0
1134802,300J,2931,140,1782725228,0
1134802,300J,2877,141,1782725273,0
1134802,300J,2850,142,1782725292,0
1134826,300U,101624,1,1782723780,0
1134826,300U,101713,2,1782723851,0
1134826,300U,4598,3,1782723899,0
1134826,300U,4595,4,1782723948,0
1134826,300U,4592,5,1782723983,0
1134826,300U,4601,6,1782724017,0
1134826,300U,4667,7,1782724086,0
1134826,300U,4723,8,1782724143,0
1134826,300U,4776,9,1782724189,0
1134826,300U,4815,10,1782724248,0
1134826,300U,4853,11,1782724286,0
1134826,300U,4893,12,1782724318,0
1134900,G10,3147,21,1782723411,0
1134900,G10,3187,22,1782723499,0
1134900,G10,3289,23,1782723581,0
1134900,G10,3386,24,1782723687,0
1134900,G10,6451,25,1782723824,0
1134900,G10,6458,26,1782723912,0
1134900,G10,3568,27,1782724108,0
1134900,G10,3573,28,1782724187,0
1134900,G10,3606,29,1782724293,0
1134900,G10,3674,30,1782724392,0
1134900,G10,3676,31,1782724434,0
1134900,G10,3686,32,1782724502,0
1134900,G10,3727,33,1782724555,0
1134900,G10,100618,34,1782724584,0
1134900,G10,3878,35,1782724762,0
1134900,G10,3917,36,1782724775,0
1134900,G10,3969,37,1782724845,0
1134900,G10,4013,38,1782724895,0
1134900,G10,4063,39,1782724958,0
1134900,G10,4131,40,1782725037,0
1134900,G10,4175,41,1782725099,0
1134900,G10,4252,42,1782725152,0
1134900,G10,4305,43,1782725204,0
1134900,G10,4361,44,1782725278,0
1134900,G10,4451,45,1782725365,0
1134900,G10,4523,46,1782725437,0
1134900,G10,4563,47,1782725482,0
1134900,G10,4590,48,1782725525,0
1134900,G10,4630,49,1782725578,0
1134920,G10,102319,7,1782723393,0
1134920,G10,5252,8,1782723504,0
1134920,G10,100640,9,1782723602,0
1134920,G10,5212,10,1782723837,0
1134920,G10,5141,11,1782723854,0
1134920,G10,5070,12,1782723908,0
1134920,G10,5056,13,1782723961,0
1134920,G10,101103,14,1782724004,0
1134920,G10,5012,15,1782724097,0
1134920,G10,5010,16,1782724120,0
1134920,G10,4970,17,1782724150,0
1134920,G10,4951,18,1782724167,0
1134920,G10,4912,19,1782724189,0
1134920,G10,4876,20,1782724242,0
1134920,G10,4822,21,1782724269,0
1134920,G10,4734,22,1782724329,0
1134920,G10,4675,23,1782724401,0
1134920,G10,4650,24,1782724438,0
1134920,G10,4589,25,1782724451,0
1134920,G10,4565,26,1782724488,0
1134920,G10,4508,27,1782724559,0
1134920,G10,4463,28,1782724601,0
1134920,G10,4365,29,1782724625,0
1134920,G10,4328,30,1782724658,0
1134920,G10,4270,31,1782724689,0
1134920,G10,4173,32,1782724726,0
1134920,G10,4141,33,1782724772,0
1134920,G10,4047,34,1782724846,0
1134920,G10,4015,35,1782724872,0
1134920,G10,3961,36,1782724907,0
1134920,G10,3906,37,1782724954,0
1134920,G10,3879,38,1782724989,0
1134920,G10,3792,39,1782725106,0
1134920,G10,3724,40,1782725202,0
1134929,G10,2223,66,1782723368,0
1134929,G10,2156,67,1782723367,0
1134929,G10,2097,68,1782723397,0
1134929,G10,2040,69,1782723440,0
1134929,G10,1958,70,1782723478,0
1134929,G10,1882,71,1782723517,0
1134929,G10,1827,72,1782723554,0
1134929,G10,1759,73,1782723662,0
1134929,G10,1745,74,1782723699,0
1134929,G10,1750,999,1782723726,0
1134931,G10,3610,43,1782723421,0
1134931,G10,3566,44,1782723513,0
1134931,G10,3565,45,1782723570,0
1134931,G10,6460,46,1782723650,0
1134931,G10,3474,47,1782723742,0
1134931,G10,6446,48,1782723977,0
1134931,G10,3266,49,1782724121,0
1134931,G10,3200,50,1782724159,0
1134931,G10,3158,51,1782724240,0
1134931,G10,3111,52,1782724288,0
1134931,G10,3038,53,1782724320,0
1134931,G10,3009,54,1782724366,0
1134931,G10,2956,55,1782724495,0
1134931,G10,2858,56,1782724539,0
1134931,G10,2824,57,1782724575,0
1134931,G10,2762,58,1782724611,0
1134931,G10,2733,59,1782724637,0
1134931,G10,2663,60,1782724707,0
1134931,G10,2599,61,1782724746,0
1134931,G10,2533,62,1782724783,0
1134931,G10,2469,63,1782724848,0
1134931,G10,2400,64,1782724923,0
1134931,G10,2348,65,1782724959,0
1134931,G10,2223,66,1782725009,0
1134931,G10,2156,67,1782725059,0
1134931,G10,2097,68,1782725096,0
1134931,G10,2040,69,1782725155,0
1134931,G10,1958,70,1782725216,0
1134950,G10,3724,40,1782723393,0
1134950,G10,3675,41,1782723577,0
1134950,G10,3669,42,1782723616,0
1134950,G10,3610,43,1782723675,0
1134950,G10,3566,44,1782723771,0
1134950,G10,3565,45,1782723827,0
1134950,G10,6460,46,1782723912,0
1134950,G10,3474,47,1782724005,0
1134950,G10,6446,48,1782724234,0
1134950,G10,3266,49,1782724385,0
1134950,G10,3200,50,1782724422,0
1134950,G10,3158,51,1782724519,0
1134950,G10,3111,52,1782724571,0
1134950,G10,3038,53,1782724608,0
1134950,G10,3009,54,1782724651,0
1134950,G10,2956,55,1782724742,0
1134950,G10,2858,56,1782724802,0
1134950,G10,2824,57,1782724843,0
1134950,G10,2762,58,1782724876,0
1134950,G10,2733,59,1782724930,0
1134950,G10,2663,60,1782724995,0
1134950,G10,2599,61,1782725031,0
1134950,G10,2533,62,1782725065,0
1134950,G10,2469,63,1782725125,0
1134950,G10,2400,64,1782725196,0
1134950,G10,2348,65,1782725232,0
1134953,G10,1750,1,1782724340,0
1134953,G10,1879,2,1782724388,0
1134953,G10,1959,3,1782724452,0
1134953,G10,2038,4,1782724492,0
1134953,G10,2110,5,1782724560,0
1134953,G10,2155,6,1782724585,0
1134953,G10,2226,7,1782724623,0
1134956,G10,5056,1,1782724800,0
1134956,G10,101103,2,1782724838,0
1134956,G10,5012,3,1782724904,0
1134956,G10,5010,4,1782724932,0
1134956,G10,4970,5,1782724981,0
1134956,G10,4951,6,1782724999,0
1134957,G10,3266,49,1782723417,0
1134957,G10,3200,50,1782723455,0
1134957,G10,3158,51,1782723534,0
1134957,G10,3111,52,1782723627,0
1134957,G10,3038,53,1782723642,0
1134957,G10,3009,54,1782723702,0
1134957,G10,2956,55,1782723826,0
1134957,G10,2858,56,1782723867,0
1134957,G10,2824,57,1782723907,0
1134957,G10,2762,58,1782723941,0
1134957,G10,2733,59,1782723983,0
1134957,G10,2663,60,1782724046,0
1134957,G10,2599,61,1782724074,0
1134957,G10,2533,62,1782724105,0
1134957,G10,2469,63,1782724145,0
1134957,G10,2400,64,1782724228,0
1134957,G10,2348,65,1782724288,0
1134957,G10,2223,66,1782724328,0
1134957,G10,2156,67,1782724364,0
1134957,G10,2097,68,1782724392,0
1134957,G10,2040,69,1782724428,0
1134957,G10,1958,70,1782724472,0
1134957,G10,1882,71,1782724515,0
1134957,G10,1827,72,1782724570,0
1134957,G10,1759,73,1782724614,0
1134957,G10,1745,74,1782724632,0
1134957,G10,1750,999,1782724654,0
1134959,G10,2956,43,1782723379,0
1134959,G10,2858,44,1782723423,0
1134959,G10,2824,45,1782723459,0
1134959,G10,2762,46,1782723495,0
1134959,G10,2733,47,1782723539,0
1134959,G10,2663,48,1782723599,0
1134959,G10,2599,49,1782723629,0
1134959,G10,2533,50,1782723660,0
1134959,G10,2469,51,1782723700,0
1134959,G10,2400,52,1782723797,0
1134959,G10,2348,53,1782723831,0
1134959,G10,2223,54,1782723870,0
1134959,G10,2156,55,1782723906,0
1134959,G10,2097,56,1782723938,0
1134959,G10,2040,57,1782723980,0
1134959,G10,1958,58,1782724022,0
1134959,G10,1882,59,1782724062,0
1134959,G10,1827,60,1782724098,0
1134959,G10,1759,61,1782724179,0
1134959,G10,1745,62,1782724201,0
1134959,G10,1750,999,1782724228,0
1134961,G10,4876,20,1782723385,0
1134961,G10,4822,21,1782723427,0
1134961,G10,4734,22,1782723470,0
1134961,G10,4675,23,1782723539,0
1134961,G10,4650,24,1782723570,0
1134961,G10,4589,25,1782723598,0
1134961,G10,4565,26,1782723638,0
1134961,G10,4508,27,1782723702,0
1134961,G10,4463,28,1782723731,0
1134961,G10,4365,29,1782723783,0
1134961,G10,4328,30,1782723808,0
1134961,G10,4270,31,1782723848,0
1134961,G10,4173,32,1782723932,0
1134961,G10,4141,33,1782723982,0
1134961,G10,4047,34,1782724029,0
1134961,G10,4015,35,1782724056,0
1134961,G10,3961,36,1782724118,0
1134961,G10,3906,37,1782724176,0
1134961,G10,3879,38,1782724204,0
1134961,G10,3792,39,1782724244,0
1134961,G10,3724,40,1782724287,0
1134961,G10,3675,41,1782724455,0
1134961,G10,3669,42,1782724562,0
1134961,G10,3610,43,1782724641,0
1134961,G10,3566,44,1782724718,0
1134961,G10,3565,45,1782724762,0
1134961,G10,6460,46,1782724837,0
1134961,G10,3474,47,1782724942,0
1134961,G10,6446,48,1782725047,0
1135000,G10,5011,57,1782723381,0
1135000,G10,5015,58,1782723405,0
1135000,G10,5029,59,1782723471,0
1135000,G10,5065,60,1782723485,0
1135000,G10,5130,61,1782723590,0
1135000,G10,5188,62,1782723624,0
1135000,G10,100425,999,1782723716,0
1135006,G10,3674,30,1782723437,0
1135006,G10,3676,31,1782723484,0
1135006,G10,3686,32,1782723564,0
1135006,G10,3727,33,1782723619,0
1135006,G10,100618,34,1782723651,0
1135006,G10,3878,35,1782723819,0
1135006,G10,3917,36,1782723855,0
1135006,G10,3969,37,1782723933,0
1135006,G10,4013,38,1782723969,0
1135006,G10,4063,39,1782724009,0
1135006,G10,4131,40,1782724032,0
1135006,G10,4175,41,1782724097,0
1135006,G10,4252,42,1782724146,0
1135006,G10,4305,43,1782724227,0
1135006,G10,4361,44,1782724272,0
1135006,G10,4451,45,1782724322,0
1135006,G10,4523,46,1782724374,0
1135006,G10,4563,47,1782724406,0
1135006,G10,4590,48,1782724426,0
1135006,G10,4630,49,1782724442,0
1135006,G10,4669,50,1782724470,0
1135006,G10,4739,51,1782724536,0
1135006,G10,4823,52,1782724608,0
1135006,G10,4888,53,1782724674,0
1135006,G10,4914,54,1782724713,0
1135006,G10,4940,55,1782724757,0
1135006,G10,4980,56,1782724801,0
1135006,G10,5011,57,1782724847,0
1135006,G10,5015,58,1782724876,0
1135006,G10,5029,59,1782724950,0
1135006,G10,5065,60,1782725020,0
1135006,G10,5130,61,1782725067,0
1135012,G10,100425,63,1782723414,0
1135012,G10,5258,64,1782723625,0
1135012,G10,102321,65,1782723718,0
1135012,G10,101829,66,1782723800,0
1135012,G10,5092,67,1782723846,0
1135012,G10,5098,68,1782723865,0
1135012,G10,5103,69,1782723924,0
1135012,G10,5106,70,1782723945,0
1135012,G10,5110,71,1782723963,0
1135012,G10,5101,999,1782724000,0
1135027,G10A,4305,43,1782723462,0
1135027,G10A,4361,44,1782723506,0
1135027,G10A,4451,45,1782723555,0
1135027,G10A,4523,46,1782723604,0
1135027,G10A,4563,47,1782723624,0
1135027,G10A,4590,48,1782723646,0
1135027,G10A,4630,49,1782723678,0
1135027,G10A,4669,999,1782723708,0
1135037,G10B,1959,3,1782723426,0
1135037,G10B,2038,4,1782723455,0
1135037,G10B,2110,5,1782723520,0
1135037,G10B,2155,6,1782723547,0
1135037,G10B,2226,7,1782723583,0
1135037,G10B,2299,8,1782723617,0
1135037,G10B,2369,9,1782723641,0
1135037,G10B,2474,10,1782723757,0
1135037,G10B,2541,11,1782723800,0
1135037,G10B,2590,12,1782723822,0
1135037,G10B,2664,13,1782723840,0
1135037,G10B,2723,14,1782723885,0
1135037,G10B,2758,15,1782723953,0
1135037,G10B,2793,16,1782723992,0
1135037,G10B,2846,17,1782724004,0
1135037,G10B,2902,18,1782724033,0
1135037,G10B,3010,19,1782724154,0
1135037,G10B,3055,20,1782724190,0
1135037,G10B,3147,21,1782724255,0
1135037,G10B,3187,999,1782724336,0
1135039,G10B,1750,1,1782725160,0
1135039,G10B,1879,2,1782725203,0
1135039,G10B,1959,3,1782725260,0
1135039,G10B,2038,4,1782725295,0
1135039,G10B,2110,5,1782725355,0
1135039,G10B,2155,6,1782725377,0
1135039,G10B,2226,7,1782725411,0
1135039,G10B,2299,8,1782725456,0
1135039,G10B,2369,9,1782725486,0
1135039,G10B,2474,10,1782725526,0
1135039,G10B,2541,11,1782725571,0
1135039,G10B,2590,12,1782725593,0
1135039,G10B,2664,13,1782725640,0
1135039,G10B,2723,14,1782725685,0
1135039,G10B,2758,15,1782725748,0
1135039,G10B,2793,16,1782725799,0
1135039,G10B,2846,17,1782725847,0
1135039,G10B,2902,18,1782725896,0
1135039,G10B,3010,19,1782725993,0
1135039,G10B,3055,20,1782726036,0
1135039,G10B,3147,21,1782726099,0
1135039,G10B,3187,999,1782726180,0
1135084,G20,5642,3,1782723377,0
1135084,G20,5638,4,1782723407,0
1135084,G20,5588,5,1782723492,0
1135084,G20,5565,6,1782723522,0
1135084,G20,5555,7,1782723546,0
1135084,G20,5532,8,1782723576,0
1135084,G20,5545,9,1782723608,0
1135084,G20,5546,10,1782723632,0
1135084,G20,5541,11,1782723661,0
1135084,G20,5531,12,1782723688,0
1135084,G20,5515,13,1782723709,0
1135084,G20,5509,14,1782723732,0
1135084,G20,5499,15,1782723779,0
1135084,G20,5486,16,1782723812,0
1135084,G20,5481,17,1782723842,0
1135084,G20,5468,18,1782723863,0
1135084,G20,5471,19,1782723905,0
1135084,G20,5461,20,1782723938,0
1135084,G20,5451,21,1782723982,0
1135084,G20,5441,22,1782724033,0
1135084,G20,5452,23,1782724058,0
1135084,G20,5459,24,1782724087,0
1135084,G20,5440,25,1782724142,0
1135084,G20,5425,26,1782724176,0
1135084,G20,5404,27,1782724206,0
1135084,G20,5381,28,1782724236,0
1135084,G20,5275,29,1782724337,0
1135084,G20,5236,30,1782724417,0
1135084,G20,102319,31,1782724513,0
1135084,G20,5252,32,1782724589,0
1135084,G20,5212,33,1782724681,0
1135084,G20,5141,34,1782724702,0
1135084,G20,5070,35,1782724741,0
1135084,G20,5056,999,1782724782,0
1135086,G20,3187,1,1782726180,0
1135086,G20,3289,2,1782726263,0
1135086,G20,3386,3,1782726403,0
1135092,G20,3573,7,1782723420,0
1135092,G20,3606,8,1782723507,0
1135092,G20,3674,9,1782723616,0
1135092,G20,3676,10,1782723658,0
1135092,G20,3686,11,1782723741,0
1135092,G20,3727,12,1782723805,0
1135092,G20,100618,13,1782723836,0
1135092,G20,3878,14,1782723920,0
1135092,G20,3917,15,1782723948,0
1135092,G20,3969,16,1782723977,0
1135092,G20,4013,17,1782724010,0
1135092,G20,4063,18,1782724072,0
1135092,G20,4131,19,1782724096,0
1135092,G20,4175,20,1782724157,0
1135092,G20,4252,21,1782724168,0
1135092,G20,4305,22,1782724253,0
1135092,G20,4361,23,1782724286,0
1135092,G20,4451,24,1782724328,0
1135092,G20,4523,25,1782724363,0
1135092,G20,4563,26,1782724387,0
1135092,G20,4590,27,1782724405,0
1135092,G20,4630,28,1782724462,0
1135092,G20,4669,29,1782724521,0
1135092,G20,4739,30,1782724564,0
1135092,G20,4823,31,1782724611,0
1135092,G20,4888,32,1782724654,0
1135092,G20,4914,33,1782724679,0
1135092,G20,4940,34,1782724707,0
1135092,G20,4980,35,1782724735,0
1135092,G20,5011,36,1782724765,0
1135092,G20,5015,37,1782724784,0
1135092,G20,5029,38,1782724832,0
1135092,G20,5065,39,1782724881,0
1135092,G20,5130,40,1782724933,0
1135092,G20,5188,41,1782724981,0
1135111,G21,3187,1,1782724380,0
1135111,G21,3289,2,1782724401,0
1135111,G21,3386,3,1782724542,0
1135111,G21,6451,4,1782724619,0
1135111,G21,6458,5,1782724681,0
1135111,G21,3568,6,1782724750,0
1135111,G21,3573,7,1782724786,0
1135111,G21,3606,8,1782724819,0
1135111,G21,3674,9,1782724876,0
1135111,G21,3676,10,1782724920,0
1135111,G21,3686,11,1782724950,0
1135111,G21,3727,12,1782725004,0
1135111,G21,100618,13,1782725066,0
1135141,H20,4030,21,1782723369,0
1135141,H20,3999,22,1782723393,0
1135141,H20,3940,23,1782723420,0
1135141,H20,3889,24,1782723456,0
1135141,H20,3852,25,1782723508,0
1135141,H20,3748,26,1782723572,0
1135141,H20,3691,27,1782723627,0
1135141,H20,3617,28,1782723707,0
1135141,H20,3569,29,1782723734,0
1135141,H20,6594,30,1782723859,0
1135141,H20,6591,31,1782723900,0
1135141,H20,6589,32,1782723949,0
1135141,H20,6586,33,1782724006,0
1135141,H20,6582,34,1782724047,0
1135141,H20,6579,35,1782724370,0
1135141,H20,6577,36,1782724401,0
1135141,H20,6576,37,1782724445,0
1135141,H20,100699,38,1782724521,0
1135141,H20,3484,39,1782724598,0
1135141,H20,3480,40,1782724644,0
1135141,H20,3461,41,1782724766,0
1135141,H20,3443,42,1782724926,0
1135141,H20,3438,43,1782725018,0
1135141,H20,6605,44,1782725105,0
1135141,H20,6604,45,1782725212,0
1135152,H20,4172,17,1782723383,0
1135152,H20,4125,18,1782723448,0
1135152,H20,4078,19,1782723901,0
1135152,H20,4056,20,1782723917,0
1135152,H20,4030,21,1782723932,0
1135152,H20,3999,22,1782723955,0
1135152,H20,3940,23,1782723982,0
1135152,H20,3889,24,1782724019,0
1135152,H20,3852,25,1782724070,0
1135152,H20,3748,26,1782724134,0
1135152,H20,3691,27,1782724184,0
1135152,H20,3617,28,1782724253,0
1135152,H20,3569,29,1782724279,0
1135152,H20,6594,30,1782724402,0
1135152,H20,6591,31,1782724452,0
1135152,H20,6589,32,1782724499,0
1135152,H20,6586,33,1782724556,0
1135152,H20,6582,34,1782724614,0
1135152,H20,6579,35,1782724909,0
1135152,H20,6577,36,1782724946,0
1135152,H20,6576,37,1782724967,0
1135152,H20,100699,38,1782725044,0
1135152,H20,3484,39,1782725123,0
1135152,H20,3480,40,1782725165,0
1135152,H20,3461,41,1782725278,0
1135152,H20,3443,42,1782725427,0
1135152,H20,3438,43,1782725513,0
1135152,H20,6605,44,1782725594,0
1135152,H20,6604,45,1782725694,0
1135155,H20,4419,70,1782723391,0
1135155,H20,4422,71,1782723418,0
1135155,H20,4428,72,1782723444,0
1135155,H20,4434,73,1782723468,0
1135155,H20,4436,74,1782723492,0
1135155,H20,4444,75,1782723582,0
1135155,H20,4456,76,1782723619,0
1135155,H20,4504,77,1782723658,0
1135155,H20,4525,78,1782723729,0
1135155,H20,101544,999,1782723843,0
1135162,H20,2648,7,1782723404,0
1135162,H20,2750,8,1782723538,0
1135162,H20,2800,9,1782723562,0
1135162,H20,2844,10,1782723583,0
1135162,H20,2906,11,1782723609,0
1135162,H20,2994,12,1782723655,0
1135162,H20,3062,13,1782723686,0
1135162,H20,3137,14,1782723716,0
1135162,H20,3176,15,1782723750,0
1135162,H20,3244,16,1782723830,0
1135162,H20,3308,17,1782723860,0
1135162,H20,3344,18,1782723889,0
1135162,H20,6532,19,1782723927,0
1135162,H20,6534,20,1782723960,0
1135162,H20,6538,21,1782723996,0
1135162,H20,6542,22,1782724030,0
1135162,H20,6548,23,1782724109,0
1135162,H20,6551,24,1782724141,0
1135162,H20,6555,25,1782724188,0
1135162,H20,6557,26,1782724226,0
1135162,H20,6559,27,1782724311,0
1135162,H20,6562,28,1782724390,0
1135162,H20,6564,29,1782724438,0
1135162,H20,6566,30,1782724492,0
1135162,H20,6568,31,1782724519,0
1135162,H20,6571,32,1782724565,0
1135162,H20,6596,33,1782724640,0
1135162,H20,6606,34,1782724741,0
1135162,H20,6607,35,1782724822,0
1135162,H20,3440,36,1782724908,0
1135162,H20,3449,37,1782725030,0
1135162,H20,3466,38,1782725151,0
1135171,H20,6580,42,1782723416,0
1135171,H20,6583,43,1782723488,0
1135171,H20,6584,44,1782723597,0
1135171,H20,6588,45,1782723629,0
1135171,H20,6590,46,1782723681,0
1135171,H20,6593,47,1782723725,0
1135171,H20,6595,48,1782723764,0
1135171,H20,3496,49,1782723807,0
1135171,H20,3567,50,1782723840,0
1135171,H20,3642,51,1782723871,0
1135171,H20,3706,52,1782723962,0
1135171,H20,3739,53,1782723997,0
1135171,H20,3841,54,1782724051,0
1135171,H20,3896,55,1782724128,0
1135171,H20,3936,56,1782724165,0
1135171,H20,4000,57,1782724203,0
1135171,H20,4032,58,1782724231,0
1135171,H20,4049,59,1782724255,0
1135171,H20,4070,60,1782724279,0
1135171,H20,4149,61,1782724335,0
1135171,H20,4208,62,1782724425,0
1135171,H20,4244,63,1782724495,0
1135171,H20,4280,64,1782724507,0
1135171,H20,4306,65,1782724639,0
1135171,H20,4310,66,1782724658,0
1135171,H20,4314,67,1782724722,0
1135171,H20,4330,68,1782724769,0
1135171,H20,4376,69,1782724840,0
1135171,H20,4419,70,1782724896,0
1135171,H20,4422,71,1782724949,0
1135171,H20,4428,72,1782725014,0
1135171,H20,4434,73,1782725079,0
1135171,H20,4436,74,1782725143,0
1135171,H20,4444,75,1782725189,0
1135171,H20,4456,76,1782725220,0
1145532,190,101543,1,1782724140,0
1145532,190,4447,2,1782724211,0
1145532,190,4485,3,1782724483,0
1145532,190,4512,4,1782724581,0
1145532,190,4567,5,1782724637,0
1145532,190,4601,6,1782724689,0
1145532,190,4624,7,1782724717,0
1145532,190,4620,8,1782724781,0
1145532,190,4616,9,1782724787,0
1145532,190,4614,10,1782724823,0
1145532,190,4578,11,1782724846,0
1145532,190,4556,12,1782724884,0
1145532,190,4549,13,1782725023,0
1145532,190,4544,14,1782725062,0
1145532,190,4541,15,1782725103,0
1145532,190,4538,16,1782725129,0
1145532,190,4537,17,1782725181,0
1145532,190,4532,18,1782725214,0
1145532,190,4530,19,1782725274,0
1145532,190,4521,20,1782725319,0
1145532,190,4516,21,1782725371,0
1145532,190,103505,22,1782725418,0
1145532,190,101773,23,1782725478,0
1145532,190,4492,24,1782725527,0
1145532,190,4486,25,1782725571,0
1145532,190,4483,26,1782725618,0
1145532,190,4479,27,1782725657,0
1145538,190,4383,1,1782723916,0
1145538,190,4353,2,1782724032,0
1145538,190,4285,3,1782724082,0
1145538,190,4214,4,1782724128,0
1145538,190,4157,5,1782724179,0
1145538,190,4097,6,1782724230,0
1145538,190,4059,7,1782724267,0
1145538,190,4019,8,1782724294,0
1145538,190,3976,9,1782724342,0
1145538,190,3922,10,1782724389,0
1145538,190,3888,11,1782724428,0
1145538,190,3830,12,1782724512,0
1145538,190,3757,999,1782724603,0
1145546,190,3830,12,1782723397,0
1145546,190,3757,999,1782723479,0
1145547,190,4097,40,1782723376,0
1145547,190,4059,41,1782723412,0
1145547,190,4019,42,1782723455,0
1145547,190,3976,43,1782723500,0
1145547,190,3922,44,1782723565,0
1145547,190,3888,45,1782723620,0
1145547,190,3830,46,1782723679,0
1145547,190,3757,999,1782723772,0
1145611,190B,3554,6,1782723403,0
1145611,190B,3586,7,1782723496,0
1145611,190B,3624,8,1782723544,0
1145611,190B,3681,9,1782723589,0
1145611,190B,3761,10,1782723666,0
1145611,190B,3847,11,1782723732,0
1145611,190B,3887,12,1782723769,0
1145611,190B,3923,13,1782723807,0
1145611,190B,3981,14,1782723849,0
1145611,190B,4027,15,1782723886,0
1145611,190B,4058,16,1782723917,0
1145611,190B,4103,17,1782723967,0
1145611,190B,4158,18,1782723989,0
1145611,190B,4195,19,1782724018,0
1145611,190B,4294,20,1782724094,0
1145611,190B,4349,21,1782724128,0
1145611,190B,4389,999,1782724174,0
1145617,190B,4294,20,1782723385,0
1145617,190B,4349,21,1782723434,0
1145617,190B,4389,999,1782723463,0
1145624,190B,3187,1,1782724078,0
1145624,190B,3289,2,1782724105,0
1145624,190B,6445,3,1782724202,0
1145624,190B,6452,4,1782724330,0
1145624,190B,3531,5,1782724480,0
1145624,190B,3554,6,1782724570,0
1145624,190B,3586,7,1782724624,0
1145624,190B,3624,8,1782724669,0
1145624,190B,3681,9,1782724713,0
1145624,190B,3761,10,1782724785,0
1145624,190B,3847,11,1782724850,0
1145624,190B,3887,12,1782724902,0
1145624,190B,3923,13,1782724948,0
1145624,190B,3981,14,1782725005,0
1145624,190B,4027,15,1782725050,0
1145672,230,3757,1,1782723540,0
1145672,230,3703,2,1782723579,0
1145672,230,3627,3,1782723658,0
1145672,230,3599,4,1782723712,0
1145672,230,3553,5,1782723791,0
1145672,230,3558,6,1782723835,0
1145672,230,6457,7,1782723976,0
1145672,230,6450,8,1782724086,0
1145672,230,3413,9,1782724190,0
1145672,230,3266,10,1782724387,0
1145672,230,3200,11,1782724405,0
1145672,230,3158,12,1782724474,0
1145672,230,3167,13,1782724532,0
1145672,230,3118,14,1782724650,0
1145672,230,3069,15,1782724678,0
1145672,230,3017,16,1782724713,0
1145672,230,2966,17,1782724771,0
1145672,230,2911,18,1782724846,0
1145672,230,2869,19,1782724932,0
1145672,230,2819,20,1782725006,0
1145672,230,2786,21,1782725055,0
1145672,230,2751,22,1782725097,0
1145672,230,2697,23,1782725164,0
1145672,230,101961,24,1782725222,0
1145675,230,1881,42,1782723365,0
1145675,230,1845,43,1782723418,0
1145675,230,1816,44,1782723460,0
1145675,230,1826,45,1782723496,0
1145675,230,1830,46,1782723523,0
1145675,230,1832,47,1782723524,0
1145675,230,1817,48,1782723656,0
1145675,230,1743,49,1782723681,0
1145675,230,1707,50,1782723680,0
1145675,230,101972,999,1782723778,0
1145677,230,2697,23,1782723383,0
1145677,230,101961,24,1782723441,0
1145677,230,2534,25,1782723499,0
1145677,230,2468,26,1782723542,0
1145677,230,2416,27,1782723573,0
1145677,230,2408,28,1782723632,0
1145677,230,2409,29,1782723653,0
1145677,230,2415,30,1782723683,0
1145677,230,2420,31,1782723709,0
1145677,230,2339,32,1782723789,0
1145677,230,2352,33,1782724009,0
1145677,230,2285,34,1782724065,0
1145677,230,2243,35,1782724089,0
1145677,230,2208,36,1782724111,0
1145677,230,2168,37,1782724141,0
1145677,230,2135,38,1782724168,0
1145677,230,2095,39,1782724196,0
1145677,230,2004,40,1782724276,0
1145677,230,1935,41,1782724302,0
1145677,230,1881,42,1782724335,0
1145677,230,1845,43,1782724360,0
1145677,230,1816,44,1782724400,0
1145677,230,1826,45,1782724439,0
1145677,230,1830,46,1782724465,0
1145677,230,1832,47,1782724488,0
1145677,230,1817,48,1782724600,0
1145677,230,1743,49,1782724647,0
1145677,230,1707,50,1782724683,0
1145677,230,101972,999,1782724740,0
1145703,230,2696,31,1782723406,0
1145703,230,2749,32,1782723498,0
1145703,230,2785,33,1782723528,0
1145703,230,2826,34,1782723555,0
1145703,230,2867,35,1782723587,0
1145703,230,2932,36,1782723669,0
1145703,230,2968,37,1782723730,0
1145703,230,3014,38,1782723795,0
1145703,230,3076,39,1782723827,0
1145703,230,3110,40,1782723860,0
1145703,230,3164,41,1782723900,0
1145703,230,3157,42,1782723978,0
1145703,230,3187,999,1782724078,0
1145717,232,2358,22,1782723445,0
1145717,232,2414,23,1782723556,0
1145717,232,2411,24,1782723586,0
1145717,232,2407,25,1782723610,0
1145717,232,2404,26,1782723632,0
1145717,232,2399,27,1782723672,0
1145717,232,2382,28,1782723796,0
1145717,232,2377,29,1782723824,0
1145717,232,101964,30,1782723896,0
1145717,232,101965,31,1782723922,0
1145717,232,101970,32,1782723993,0
1145717,232,2602,33,1782724021,0
1145717,232,2645,34,1782724057,0
1145717,232,2708,35,1782724112,0
1145717,232,2760,36,1782724162,0
1145717,232,2826,37,1782724224,0
1145717,232,2867,38,1782724292,0
1145717,232,2932,39,1782724405,0
1145717,232,2968,40,1782724452,0
1145762,232R,2168,33,1782723388,0
1145762,232R,2135,34,1782723407,0
1145762,232R,2095,35,1782723427,0
1145762,232R,2066,36,1782723469,0
1145762,232R,2021,37,1782723493,0
1145762,232R,1983,38,1782723521,0
1145762,232R,1939,39,1782723559,0
1145762,232R,1888,40,1782723595,0
1145762,232R,1840,41,1782723637,0
1145762,232R,1830,42,1782723689,0
1145762,232R,1832,999,1782723723,0
1145764,232R,3757,1,1782723772,0
1145764,232R,3703,2,1782723849,0
1145764,232R,3627,3,1782723912,0
1145764,232R,3599,4,1782723973,0
1145764,232R,3553,5,1782724056,0
1145764,232R,3558,6,1782724111,0
1145764,232R,6457,7,1782724281,0
1145764,232R,6450,8,1782724373,0
1145764,232R,3413,9,1782724533,0
1145764,232R,3266,10,1782724729,0
1145764,232R,3200,11,1782724782,0
1145764,232R,3158,12,1782724849,0
1145764,232R,3167,13,1782724906,0
1145764,232R,3118,14,1782724974,0
1145764,232R,3069,15,1782725002,0
1145764,232R,3017,16,1782725036,0
1145764,232R,2966,17,1782725094,0
1145764,232R,2911,18,1782725168,0
1145764,232R,2869,19,1782725253,0
1145764,232R,2819,20,1782725327,0
1145766,232R,2405,29,1782723442,0
1145766,232R,2408,30,1782723460,0
1145766,232R,2409,31,1782723480,0
1145766,232R,2415,32,1782723514,0
1145766,232R,2420,33,1782723538,0
1145766,232R,2339,34,1782723630,0
1145766,232R,2352,35,1782723854,0
1145766,232R,2285,36,1782723910,0
1145766,232R,2243,37,1782723937,0
1145766,232R,2208,38,1782723959,0
1145766,232R,2168,39,1782723990,0
1145766,232R,2135,40,1782724009,0
1145766,232R,2095,41,1782724038,0
1145766,232R,2066,42,1782724062,0
1145766,232R,2021,43,1782724101,0
1145766,232R,1983,44,1782724129,0
1145766,232R,1939,45,1782724165,0
1145766,232R,1888,46,1782724173,0
1145766,232R,1840,47,1782724231,0
1145766,232R,1830,48,1782724260,0
1145766,232R,1832,999,1782724318,0
1156613,117,100725,5,1782723379,0
1156613,117,1850,6,1782723425,0
1156613,117,1916,7,1782723480,0
1156613,117,100383,8,1782723527,0
1156613,117,1986,9,1782723552,0
1156613,117,2063,10,1782723594,0
1156613,117,2089,11,1782723622,0
1156613,117,2249,12,1782723656,0
1156613,117,2294,13,1782723700,0
1156613,117,2367,14,1782723723,0
1156613,117,2430,15,1782723744,0
1156613,117,101402,16,1782723866,0
1156613,117,2483,17,1782723995,0
1156613,117,2515,18,1782724015,0
1156613,117,2519,19,1782724036,0
1156613,117,2514,20,1782724088,0
1156613,117,2509,21,1782724110,0
1156613,117,2536,22,1782724188,0
1156613,117,2626,23,1782724225,0
1156613,117,2702,24,1782724255,0
1156613,117,2781,25,1782724304,0
1156613,117,2794,26,1782724372,0
1156613,117,2788,27,1782724382,0
1156613,117,2783,28,1782724419,0
1156613,117,2778,29,1782724453,0
1156613,117,2770,30,1782724487,0
1156613,117,2827,31,1782724521,0
1156613,117,2882,32,1782724557,0
1156613,117,2923,33,1782724596,0
1156613,117,2945,34,1782724628,0
1156613,117,2965,35,1782724655,0
1156613,117,2998,36,1782724695,0
1156613,117,3045,37,1782724741,0
1156613,117,3048,38,1782724779,0
1156613,117,3041,39,1782724818,0
1156613,117,3035,40,1782724849,0
1156613,117,3026,41,1782724901,0
1156613,117,3033,42,1782724942,0
1156613,117,3084,43,1782724996,0
1156619,117,3440,2,1782723382,0
1156619,117,3450,3,1782723540,0
1156619,117,101726,4,1782723686,0
1156619,117,101727,5,1782723840,0
1156619,117,3437,6,1782723974,0
1156619,117,3366,7,1782724123,0
1156619,117,3316,8,1782724205,0
1156619,117,3272,9,1782724239,0
1156619,117,3203,10,1782724265,0
1156619,117,3177,11,1782724283,0
1156619,117,3156,12,1782724344,0
1156619,117,3107,13,1782724377,0
1156619,117,3036,14,1782724465,0
1156619,117,3027,15,1782724506,0
1156619,117,3037,16,1782724572,0
1156619,117,3042,17,1782724666,0
1156619,117,3049,18,1782724758,0
1156619,117,3047,19,1782724840,0
1156619,117,3004,20,1782724868,0
1156619,117,2971,21,1782724906,0
1156619,117,2912,22,1782724959,0
1156619,117,2939,23,1782724999,0
1156619,117,2884,24,1782725023,0
1156619,117,2849,25,1782725053,0
1156619,117,2774,26,1782725105,0
1156619,117,2779,27,1782725144,0
1156619,117,2784,28,1782725178,0
1156619,117,2792,29,1782725232,0
1156619,117,2795,30,1782725265,0
1156619,117,2798,31,1782725301,0
1156619,117,2716,32,1782725360,0
1156619,117,2623,33,1782725421,0
1156619,117,2538,34,1782725484,0
1156623,117,100724,50,1782723409,0
1156623,117,102398,51,1782723441,0
1156623,117,1739,52,1782723516,0
1156623,117,1699,53,1782723563,0
1156623,117,101972,999,1782723682,0
1156627,117,3047,19,1782723405,0
1156627,117,3004,20,1782723434,0
1156627,117,2971,21,1782723456,0
1156627,117,2912,22,1782723490,0
1156627,117,2939,23,1782723522,0
1156627,117,2884,24,1782723546,0
1156627,117,2849,25,1782723607,0
1156627,117,2774,26,1782723667,0
1156627,117,2779,27,1782723701,0
1156627,117,2784,28,1782723724,0
1156627,117,2792,29,1782723757,0
1156627,117,2795,30,1782723785,0
1156627,117,2798,31,1782723806,0
1156627,117,2716,32,1782723973,0
1156627,117,2623,33,1782724010,0
1156627,117,2538,34,1782724046,0
1156627,117,100672,35,1782724209,0
1156627,117,2512,36,1782724234,0
1156627,117,2518,37,1782724256,0
1156627,117,2520,38,1782724293,0
1156627,117,2485,39,1782724329,0
1156627,117,2486,40,1782724425,0
1156627,117,2362,41,1782724551,0
1156627,117,2298,42,1782724608,0
1156627,117,2253,43,1782724675,0
1156627,117,2126,44,1782724747,0
1156627,117,2061,45,1782724820,0
1156627,117,1988,46,1782724900,0
1156627,117,100384,47,1782724950,0
1156627,117,1923,48,1782725016,0
1156627,117,1858,49,1782725088,0
1156627,117,100724,50,1782725141,0
1156637,117,3048,38,1782723438,0
1156637,117,3041,39,1782723514,0
1156637,117,3035,40,1782723542,0
1156637,117,3026,41,1782723581,0
1156637,117,3033,42,1782723623,0
1156637,117,3084,43,1782723740,0
1156637,117,3151,44,1782723777,0
1156637,117,3251,45,1782723928,0
1156637,117,3302,46,1782723961,0
1156637,117,3424,999,1782724083,0
1156652,118,2882,25,1782723415,0
1156652,118,2923,26,1782723449,0
1156652,118,2945,27,1782723472,0
1156652,118,2965,28,1782723490,0
1156652,118,2998,29,1782723513,0
1156652,118,3045,30,1782723545,0
1156652,118,3048,31,1782723624,0
1156652,118,3041,32,1782723698,0
1156652,118,3035,33,1782723729,0
1156652,118,3026,34,1782723767,0
1156652,118,3033,35,1782723814,0
1156652,118,3084,36,1782723926,0
1156652,118,3151,37,1782723966,0
1156652,118,3251,38,1782724114,0
1156652,118,3302,39,1782724142,0
1156652,118,3424,999,1782724289,0
1156680,118,3316,8,1782723394,0
1156680,118,3272,9,1782723425,0
1156680,118,3203,10,1782723458,0
1156680,118,3177,11,1782723479,0
1156680,118,3156,12,1782723542,0
1156680,118,3107,13,1782723578,0
1156680,118,3036,14,1782723675,0
1156680,118,3027,15,1782723707,0
1156680,118,3037,16,1782723770,0
1156680,118,3042,17,1782723831,0
1156680,118,3049,18,1782723925,0
1156680,118,3047,19,1782724015,0
1156680,118,3004,20,1782724041,0
1156680,118,2971,21,1782724069,0
1156680,118,2912,22,1782724108,0
1156680,118,2939,23,1782724141,0
1156680,118,2884,24,1782724170,0
1156680,118,2849,25,1782724235,0
1156680,118,2774,26,1782724297,0
1156680,118,2779,27,1782724336,0
1156680,118,2784,28,1782724364,0
1156680,118,2792,29,1782724397,0
1156680,118,2795,30,1782724424,0
1156680,118,2798,31,1782724446,0
1156680,118,2716,32,1782724577,0
1156680,118,2623,33,1782724646,0
1156680,118,2538,34,1782724714,0
1156680,118,2458,35,1782724775,0
1156680,118,2337,36,1782724834,0
1156680,118,2234,37,1782724908,0
1156680,118,2154,38,1782724979,0
1156680,118,2085,39,1782725039,0
1156680,118,2044,40,1782725092,0
1156680,118,2006,41,1782725131,0
1156680,118,100084,42,1782725198,0
1156686,118,2085,39,1782723380,0
1156686,118,2044,40,1782723404,0
1156686,118,2006,41,1782723422,0
1156686,118,100084,42,1782723461,0
1156686,118,1905,43,1782723475,0
1156686,118,1841,44,1782723575,0
1156686,118,1817,45,1782723620,0
1156686,118,1743,46,1782723647,0
1156686,118,1707,47,1782723669,0
1156686,118,101972,999,1782723740,0
1156717,140,4074,23,1782723366,0
1156717,140,4162,999,1782723416,0
1156721,140,3443,3,1782723512,0
1156721,140,3438,4,1782723600,0
1156746,141,3725,1,1782723540,0
1156746,141,3692,2,1782723577,0
1156746,141,3643,3,1782723607,0
1156746,141,3593,4,1782723638,0
1156746,141,3528,5,1782723676,0
1156746,141,3490,6,1782723705,0
1156746,141,3492,7,1782723727,0
1156746,141,3495,8,1782723763,0
1156746,141,3498,9,1782723788,0
1156746,141,3501,10,1782723840,0
1156770,141,3424,1,1782724083,0
1156770,141,3484,2,1782724117,0
1156770,141,3480,3,1782724171,0
1156770,141,3458,4,1782724304,0
1156770,141,3443,5,1782724482,0
1156770,141,3438,6,1782724592,0
1156770,141,3434,7,1782724742,0
1156770,141,3453,8,1782724768,0
1156770,141,3491,9,1782724814,0
1156770,141,3532,10,1782724838,0
1156770,141,3538,11,1782724907,0
1156770,141,3536,12,1782724958,0
1156770,141,3534,13,1782725006,0
1156770,141,3530,14,1782725042,0
1156770,141,3523,15,1782725124,0
1156770,141,3519,16,1782725169,0
1156770,141,3516,17,1782725232,0
1156770,141,3514,18,1782725275,0
1156795,142,3424,1,1782724289,0
1156795,142,3484,2,1782724321,0
1156795,142,3480,3,1782724374,0
1156795,142,3458,4,1782724512,0
1156795,142,3443,5,1782724684,0
1156795,142,3438,6,1782724760,0
1156795,142,3434,7,1782724911,0
1156795,142,3453,8,1782724937,0
1156795,142,3491,9,1782724983,0
1156795,142,3532,10,1782725007,0
1156795,142,3538,11,1782725076,0
1156795,142,3536,12,1782725128,0
1156795,142,3534,13,1782725177,0
1156795,142,3530,14,1782725213,0
1156849,142,3782,29,1782723416,0
1156849,142,3870,30,1782723486,0
1156849,142,3907,999,1782723510,0
1156852,142,3434,7,1782723577,0
1156852,142,3453,8,1782723599,0
1156852,142,3491,9,1782723637,0
1156852,142,3532,10,1782723660,0
1156852,142,3538,11,1782723705,0
1156852,142,3536,12,1782723736,0
1156852,142,3534,13,1782723770,0
1156852,142,3530,14,1782723796,0
1156852,142,3523,15,1782723854,0
1156852,142,3519,16,1782723881,0
1156852,142,3516,17,1782723963,0
1156852,142,3514,18,1782723988,0
1156852,142,3510,19,1782724020,0
1156852,142,3526,20,1782724090,0
1156852,142,3580,21,1782724127,0
1156852,142,3609,22,1782724152,0
1156852,142,3615,23,1782724193,0
1156852,142,3630,24,1782724224,0
1156852,142,3663,25,1782724257,0
1156852,142,3678,26,1782724308,0
1156852,142,3712,27,1782724335,0
1156852,142,3733,28,1782724336,0
1156852,142,3782,29,1782724386,0
1156852,142,3870,30,1782724477,0
1156852,142,3907,999,1782724542,0
1156873,144,4170,1,1782723963,0
1156873,144,4068,2,1782724039,0
1156873,144,4012,3,1782724053,0
1156873,144,3973,4,1782724075,0
1156873,144,3927,5,1782724112,0
1156873,144,3873,6,1782724163,0
1156873,144,3815,7,1782724212,0
1156873,144,3754,8,1782724254,0
1156873,144,3701,9,1782724298,0
1156873,144,3612,10,1782724356,0
1156873,144,3620,11,1782724396,0
1156873,144,3628,12,1782724454,0
1156873,144,3633,13,1782724485,0
1156873,144,3637,14,1782724512,0
1156873,144,3647,15,1782724569,0
1156873,144,3594,16,1782724607,0
1156873,144,3576,17,1782724622,0
1156873,144,3497,18,1782724684,0
1156873,144,3468,19,1782724719,0
1156873,144,3430,999,1782724752,0
1156891,144,3424,1,1782724560,0
1156891,144,3484,2,1782724607,0
1156891,144,3480,3,1782724661,0
1156891,144,3461,4,1782724800,0
1156891,144,3443,5,1782724997,0
1156891,144,3438,6,1782725111,0
1156914,144G,3443,4,1782723373,0
1156914,144G,3438,5,1782723466,0
1156914,144G,3434,6,1782723675,0
1156914,144G,3453,7,1782723705,0
1156914,144G,3491,8,1782723756,0
1156914,144G,3532,9,1782723778,0
1156914,144G,3560,10,1782723910,0
1156914,144G,3597,11,1782723934,0
1156914,144G,3632,12,1782723957,0
1156914,144G,3639,13,1782724033,0
1156914,144G,3635,14,1782724072,0
1156914,144G,3629,15,1782724113,0
1156914,144G,3618,16,1782724211,0
1156914,144G,3611,999,1782724254,0
1156971,147,3775,19,1782723401,0
1156971,147,3778,20,1782723467,0
1156971,147,3772,21,1782723502,0
1156971,147,3769,22,1782723543,0
1156971,147,3754,23,1782723636,0
1156971,147,3693,24,1782723714,0
1156971,147,3689,25,1782723767,0
1156971,147,3687,26,1782723793,0
1156971,147,3721,27,1782723845,0
1156971,147,3744,28,1782723874,0
1156971,147,3818,29,1782723975,0
1156971,147,3862,30,1782724012,0
1156971,147,3877,31,1782724037,0
1156971,147,3919,32,1782724061,0
1156971,147,3970,33,1782724126,0
1156971,147,3979,34,1782724173,0
1156971,147,3977,999,1782724201,0
1156972,147,3424,1,1782723660,0
1156972,147,3484,2,1782723707,0
1156972,147,3480,3,1782723761,0
1156972,147,3461,4,1782723868,0
1156972,147,3443,5,1782724058,0
1156972,147,3438,6,1782724141,0
1156972,147,3511,7,1782724322,0
1156972,147,3595,8,1782724389,0
1156972,147,3666,9,1782724462,0
1156972,147,3696,10,1782724503,0
1156972,147,100913,11,1782724551,0
1156972,147,100416,12,1782724613,0
1156972,147,3795,13,1782724720,0
1156972,147,3789,14,1782724739,0
1156972,147,3708,15,1782724850,0
1156972,147,3704,16,1782724897,0
1156972,147,3698,17,1782724951,0
1156972,147,3732,18,1782725003,0
1156972,147,3775,19,1782725050,0
1156972,147,3778,20,1782725119,0
1156972,147,3772,21,1782725174,0
1156972,147,3769,22,1782725213,0
1156972,147,3754,23,1782725241,0
1156972,147,3693,24,1782725329,0
1156978,147,3793,22,1782723563,0
1156978,147,3798,23,1782723609,0
1156978,147,3743,24,1782723837,0
1156978,147,3714,999,1782723881,0
1156993,150,1101,8,1782723386,0
1156993,150,100351,9,1782723403,0
1156993,150,1129,10,1782723448,0
1156993,150,1161,11,1782723483,0
1156993,150,1191,12,1782723517,0
1156993,150,1238,13,1782723562,0
1156993,150,1289,14,1782723611,0
1156993,150,1375,15,1782723655,0
1156993,150,1442,16,1782723687,0
1156993,150,7287,17,1782723721,0
1156993,150,7289,18,1782723756,0
1156993,150,1544,19,1782723781,0
1156993,150,1642,20,1782723900,0
1156993,150,1636,21,1782723984,0
1156993,150,101971,22,1782724052,0
1156993,150,1698,23,1782724179,0
1156993,150,1733,24,1782724206,0
1156993,150,1788,25,1782724226,0
1156993,150,1844,26,1782724270,0
1156993,150,1909,27,1782724293,0
1156993,150,1961,28,1782724312,0
1156993,150,1995,29,1782724332,0
1156993,150,2048,30,1782724362,0
1156993,150,2069,31,1782724390,0
1156993,150,2113,32,1782724418,0
1156993,150,2167,33,1782724461,0
1156993,150,2235,34,1782724525,0
1156993,150,2301,35,1782724564,0
1156993,150,2349,36,1782724592,0
1156993,150,2417,37,1782724650,0
1156993,150,2455,38,1782724677,0
1156993,150,2472,39,1782724717,0
1156993,150,2524,40,1782724743,0
1156993,150,2571,41,1782724794,0
1156993,150,2613,42,1782724833,0
1156993,150,2646,43,1782724880,0
1156993,150,2683,44,1782724909,0
1156993,150,2717,45,1782724950,0
1156993,150,2753,46,1782725009,0
1156993,150,2811,47,1782725043,0
1157003,150,101679,45,1782723425,0
1157003,150,1540,46,1782723492,0
1157003,150,7288,47,1782723531,0
1157003,150,7286,48,1782723572,0
1157003,150,1439,49,1782723605,0
1157003,150,1370,50,1782723644,0
1157003,150,1293,51,1782723692,0
1157003,150,1230,52,1782723746,0
1157003,150,1194,53,1782723812,0
1157003,150,1158,54,1782723848,0
1157003,150,1135,55,1782723880,0
1157003,150,1076,56,1782723911,0
1157003,150,1115,57,1782723944,0
1157003,150,1054,58,1782723985,0
1157003,150,1033,59,1782724003,0
1157003,150,1008,60,1782724025,0
1157003,150,962,61,1782724057,0
1157003,150,944,62,1782724077,0
1157003,150,919,63,1782724095,0
1157003,150,888,64,1782724113,0
1157003,150,854,999,1782724132,0
1157014,150,2235,34,1782723374,0
1157014,150,2301,35,1782723397,0
1157014,150,2349,36,1782723413,0
1157014,150,2417,37,1782723501,0
1157014,150,2455,38,1782723524,0
1157014,150,2472,39,1782723544,0
1157014,150,2524,40,1782723566,0
1157014,150,2571,41,1782723648,0
1157014,150,2613,42,1782723671,0
1157014,150,2646,43,1782723690,0
1157014,150,2683,44,1782723721,0
1157014,150,2717,45,1782723745,0
1157014,150,2753,46,1782723798,0
1157014,150,2811,47,1782723818,0
1157014,150,2831,48,1782723847,0
1157014,150,2876,49,1782723889,0
1157014,150,2941,50,1782723929,0
1157014,150,2955,51,1782723966,0
1157014,150,2987,52,1782724039,0
1157014,150,3043,53,1782724083,0
1157014,150,3086,54,1782724114,0
1157014,150,3144,55,1782724143,0
1157014,150,3251,56,1782724223,0
1157014,150,3302,57,1782724237,0
1157014,150,3424,999,1782724387,0
1157033,150B,3366,11,1782723372,0
1157033,150B,3316,12,1782723486,0
1157033,150B,3272,13,1782723511,0
1157033,150B,3203,14,1782723540,0
1157033,150B,3177,15,1782723561,0
1157033,150B,3114,16,1782723616,0
1157033,150B,3060,17,1782723654,0
1157033,150B,2992,18,1782723696,0
1157033,150B,2952,19,1782723773,0
1157033,150B,2930,20,1782723802,0
1157033,150B,2901,21,1782723832,0
1157033,150B,2870,22,1782723858,0
1157033,150B,2843,23,1782723893,0
1157033,150B,2802,24,1782723923,0
1157033,150B,2766,25,1782723956,0
1157033,150B,2734,26,1782723976,0
1157033,150B,2686,27,1782724009,0
1157033,150B,2642,28,1782724035,0
1157033,150B,2606,29,1782724060,0
1157033,150B,2555,30,1782724122,0
1157033,150B,2513,31,1782724155,0
1157033,150B,2487,32,1782724172,0
1157033,150B,2453,33,1782724204,0
1157033,150B,2394,34,1782724265,0
1157033,150B,2303,35,1782724298,0
1157033,150B,2263,36,1782724333,0
1157033,150B,2181,37,1782724363,0
1157033,150B,2145,38,1782724387,0
1157033,150B,2107,39,1782724408,0
1157033,150B,2033,40,1782724413,0
1157033,150B,1997,41,1782724436,0
1157033,150B,1960,42,1782724459,0
1157033,150B,1920,43,1782724482,0
1157033,150B,1871,44,1782724523,0
1157033,150B,1817,45,1782724561,0
1157033,150B,1743,46,1782724598,0
1157033,150B,1707,47,1782724626,0
1157033,150B,101971,48,1782724665,0
1157033,150B,1656,49,1782724703,0
1157033,150B,101679,50,1782724773,0
1157033,150B,1540,51,1782724871,0
1157033,150B,7288,52,1782724917,0
1157033,150B,7286,53,1782724990,0
1157033,150B,1439,54,1782725044,0
1157035,150B,3714,1,1782723881,0
1157035,150B,3654,2,1782723915,0
1157035,150B,3600,3,1782723947,0
1157035,150B,3549,4,1782723975,0
1157035,150B,3504,5,1782724034,0
1157035,150B,3440,6,1782724125,0
1157035,150B,3450,7,1782724244,0
1157035,150B,101726,8,1782724379,0
1157035,150B,101727,9,1782724482,0
1157035,150B,3437,10,1782724613,0
1157035,150B,3366,11,1782724745,0
1157035,150B,3316,12,1782724801,0
1157035,150B,3272,13,1782724830,0
1157035,150B,3203,14,1782724860,0
1157035,150B,3177,15,1782724889,0
1157035,150B,3114,16,1782724950,0
1157035,150B,3060,17,1782724986,0
1157035,150B,2992,18,1782725041,0
1157035,150B,2952,19,1782725101,0
1157035,150B,2930,20,1782725135,0
1157035,150B,2901,21,1782725164,0
1157035,150B,2870,22,1782725201,0
1157035,150B,2843,23,1782725226,0
1157035,150B,2802,24,1782725271,0
1157035,150B,2766,25,1782725298,0
1157035,150B,2734,26,1782725339,0
1157035,150B,2686,27,1782725386,0
1157035,150B,2642,28,1782725427,0
1157035,150B,2606,29,1782725463,0
1157053,155,3251,30,1782723425,0
1157053,155,3302,31,1782723454,0
1157053,155,3424,999,1782723597,0
1157074,157,100668,30,1782723431,0
1157074,157,2540,31,1782723439,0
1157074,157,100670,32,1782723523,0
1157074,157,100672,33,1782723627,0
1157074,157,2512,34,1782723642,0
1157074,157,2518,35,1782723675,0
1157074,157,2520,36,1782723713,0
1157074,157,2485,37,1782723768,0
1157074,157,2486,38,1782723858,0
1157074,157,2362,39,1782723969,0
1157074,157,2298,40,1782724001,0
1157074,157,2269,41,1782724028,0
1157074,157,2242,42,1782724075,0
1157074,157,2184,43,1782724095,0
1157074,157,2106,44,1782724097,0
1157074,157,2009,45,1782724156,0
1157074,157,1968,46,1782724177,0
1157074,157,1926,47,1782724208,0
1157074,157,1940,48,1782724222,0
1157074,157,1875,49,1782724274,0
1157074,157,1806,50,1782724310,0
1157074,157,100681,51,1782724404,0
1157074,157,100683,52,1782724440,0
1157074,157,1612,53,1782724451,0
1157074,157,1579,54,1782724480,0
1157074,157,1549,55,1782724522,0
1157074,157,1511,56,1782724565,0
1157074,157,1491,57,1782724598,0
1157074,157,1456,58,1782724634,0
1157074,157,1403,59,1782724672,0
1157074,157,1351,60,1782724719,0
1157074,157,1287,61,1782724787,0
1157074,157,1264,62,1782724812,0
1157074,157,1208,999,1782724882,0
1157081,157,3450,3,1782723472,0
1157081,157,101726,4,1782723584,0
1157081,157,101727,5,1782723700,0
1157081,157,3437,6,1782723826,0
1157081,157,3366,7,1782723931,0
1157081,157,3316,8,1782724020,0
1157081,157,3272,9,1782724040,0
1157081,157,3203,10,1782724060,0
1157081,157,3177,11,1782724078,0
1157081,157,3114,12,1782724142,0
1157081,157,3060,13,1782724176,0
1157081,157,2992,14,1782724216,0
1157081,157,2952,15,1782724287,0
1157081,157,2930,16,1782724312,0
1157081,157,2901,17,1782724336,0
1157081,157,2870,18,1782724367,0
1157081,157,2843,19,1782724394,0
1157081,157,2802,20,1782724432,0
1157081,157,2766,21,1782724499,0
1157081,157,2734,22,1782724506,0
1157081,157,2686,23,1782724554,0
1157081,157,2642,24,1782724583,0
1157081,157,2606,25,1782724607,0
1157081,157,2555,26,1782724662,0
1157081,157,2513,27,1782724694,0
1157081,157,2487,28,1782724722,0
1157081,157,2453,29,1782724745,0
1157081,157,100668,30,1782724807,0
1157081,157,2540,31,1782724851,0
1157081,157,100670,32,1782724912,0
1157081,157,100672,33,1782725015,0
1157081,157,2512,34,1782725052,0
1157081,157,2518,35,1782725094,0
1157081,157,2520,36,1782725134,0
1157081,157,2485,37,1782725222,0
1157109,157X,1511,24,1782723397,0
1157109,157X,1491,25,1782723421,0
1157109,157X,1456,26,1782723441,0
1157109,157X,1403,27,1782723460,0
1157109,157X,1351,28,1782723480,0
1157109,157X,1287,29,1782723530,0
1157109,157X,1264,30,1782723549,0
1157109,157X,1208,999,1782723576,0
1157640,281,3416,1,1782724358,0
1157640,281,3412,2,1782724397,0
1157640,281,3407,3,1782724477,0
1157640,281,3398,4,1782724617,0
1157640,281,3396,5,1782724718,0
1157640,281,3390,6,1782724838,0
1157640,281,3369,7,1782724909,0
1157640,281,3318,8,1782724998,0
1157640,281,3186,9,1782725054,0
1157642,281,2577,19,1782723399,0
1157642,281,2605,20,1782723435,0
1157642,281,2622,21,1782723473,0
1157642,281,2660,22,1782723514,0
1157642,281,2694,23,1782723547,0
1157642,281,2744,24,1782723619,0
1157642,281,2806,25,1782723668,0
1157642,281,2833,26,1782723693,0
1157642,281,2868,27,1782723732,0
1157642,281,2899,28,1782723832,0
1157642,281,2951,29,1782723848,0
1157642,281,2976,30,1782723882,0
1157642,281,3008,31,1782723931,0
1157642,281,3044,32,1782723951,0
1157642,281,3126,33,1782723968,0
1157642,281,3188,34,1782723999,0
1157642,281,3317,35,1782724064,0
1157642,281,3372,999,1782724106,0
1157650,281,2162,34,1782723404,0
1157650,281,2130,35,1782723439,0
1157650,281,2082,36,1782723455,0
1157650,281,2056,37,1782723488,0
1157650,281,2019,38,1782723552,0
1157650,281,2049,39,1782723592,0
1157650,281,2042,40,1782723635,0
1157650,281,2101,41,1782723710,0
1157650,281,101704,999,1782723817,0
1157657,281,3186,9,1782723397,0
1157657,281,3140,10,1782723454,0
1157657,281,3078,11,1782723488,0
1157657,281,2975,12,1782723591,0
1157657,281,2949,13,1782723628,0
1157657,281,2919,14,1782723664,0
1157657,281,2875,15,1782723738,0
1157657,281,2828,16,1782723816,0
1157657,281,2813,17,1782723845,0
1157657,281,2745,18,1782723906,0
1157657,281,2695,19,1782724018,0
1157657,281,2659,20,1782724057,0
1157657,281,2620,21,1782724106,0
1157657,281,2600,22,1782724164,0
1157657,281,2578,23,1782724193,0
1157657,281,2499,24,1782724266,0
1157657,281,2476,25,1782724311,0
1157657,281,2454,26,1782724347,0
1157657,281,2434,27,1782724381,0
1157657,281,2412,28,1782724420,0
1157657,281,100391,29,1782724452,0
1157657,281,2315,30,1782724494,0
1157657,281,2291,31,1782724532,0
1157657,281,2261,32,1782724543,0
1157657,281,2227,33,1782724590,0
1157657,281,2162,34,1782724662,0
1157657,281,2130,35,1782724702,0
1157657,281,2082,36,1782724753,0
1157657,281,2056,37,1782724788,0
1157657,281,2019,38,1782724843,0
1157657,281,2049,39,1782724881,0
1157657,281,2042,40,1782724928,0
1157657,281,2101,41,1782724995,0
1157657,281,101704,999,1782725108,0
1157658,281,3416,1,1782723424,0
1157658,281,3412,2,1782723463,0
1157658,281,3407,3,1782723542,0
1157658,281,3398,4,1782723699,0
1157658,281,3396,5,1782723765,0
1157658,281,3390,6,1782723931,0
1157658,281,3369,7,1782723972,0
1157658,281,3318,8,1782724067,0
1157658,281,3186,9,1782724108,0
1157658,281,3140,10,1782724162,0
1157658,281,3078,11,1782724195,0
1157658,281,2975,12,1782724301,0
1157658,281,2949,13,1782724328,0
1157658,281,2919,14,1782724371,0
1157658,281,2875,15,1782724426,0
1157658,281,2828,16,1782724507,0
1157658,281,2813,17,1782724543,0
1157658,281,2745,18,1782724639,0
1157658,281,2695,19,1782724715,0
1157658,281,2659,20,1782724760,0
1157658,281,2620,21,1782724804,0
1157658,281,2600,22,1782724869,0
1157658,281,2578,23,1782724910,0
1157658,281,2499,24,1782724985,0
1157658,281,2476,25,1782725030,0
1157658,281,2454,26,1782725087,0
1157658,281,2434,27,1782725143,0
1157658,281,2412,28,1782725181,0
1157705,281,2578,23,1782723370,0
1157705,281,2499,24,1782723441,0
1157705,281,2476,25,1782723487,0
1157705,281,2454,26,1782723538,0
1157705,281,2434,27,1782723557,0
1157705,281,2412,28,1782723601,0
1157705,281,100391,29,1782723633,0
1157705,281,2315,30,1782723663,0
1157705,281,2291,31,1782723725,0
1157705,281,2261,32,1782723752,0
1157705,281,2227,33,1782723796,0
1157705,281,2162,34,1782723849,0
1157705,281,2130,35,1782723882,0
1157705,281,2082,36,1782723913,0
1157705,281,2056,37,1782723947,0
1157705,281,2019,38,1782723993,0
1157705,281,2049,39,1782724034,0
1157705,281,2042,40,1782724080,0
1157705,281,2101,41,1782724144,0
1157705,281,101704,999,1782724244,0
1157715,286,3307,25,1782723390,0
1157715,286,3346,26,1782723430,0
1157715,286,3341,27,1782723459,0
1157715,286,3336,28,1782723499,0
1157715,286,3339,29,1782723563,0
1157715,286,3335,30,1782723599,0
1157715,286,3330,31,1782723653,0
1157715,286,3327,32,1782723688,0
1157715,286,103515,33,1782723848,0
1157715,286,3274,34,1782723966,0
1157715,286,3261,35,1782723995,0
1157715,286,3257,36,1782724042,0
1157715,286,3243,37,1782724056,0
1157715,286,3302,38,1782724180,0
1157715,286,3416,999,1782724358,0
1157717,286,3372,1,1782724222,0
1157717,286,3391,2,1782724255,0
1157717,286,6793,3,1782724425,0
1157717,286,3404,4,1782724538,0
1157717,286,3410,5,1782724633,0
1157717,286,3411,6,1782724665,0
1157717,286,3415,7,1782724718,0
1157717,286,3420,8,1782724779,0
1157717,286,3366,9,1782724908,0
1157717,286,3316,10,1782724990,0
1157717,286,3272,11,1782725032,0
1157717,286,3245,12,1782725063,0
1157717,286,3259,13,1782725108,0
1157749,286,3356,1,1782724320,0
1157749,286,6659,2,1782724363,0
1157749,286,3312,3,1782724396,0
1157749,286,3311,4,1782724448,0
1157749,286,3325,5,1782724477,0
1157749,286,3376,6,1782724511,0
1157749,286,3378,7,1782724555,0
1157749,286,3370,8,1782724592,0
1157749,286,3358,9,1782724587,0
1157749,286,6660,10,1782724631,0
1157749,286,6491,11,1782724671,0
1157749,286,6489,12,1782724701,0
1157749,286,3208,13,1782724760,0
1157749,286,3206,14,1782724801,0
1157749,286,3233,15,1782724813,0
1157749,286,3263,16,1782724856,0
1157749,286,3254,17,1782724893,0
1157749,286,3248,18,1782724915,0
1157749,286,3235,19,1782724947,0
1157749,286,3201,20,1782724962,0
1157749,286,3197,21,1782725000,0
1157749,286,3193,22,1782725038,0
1157749,286,3190,23,1782725065,0
1157749,286,6662,24,1782725096,0
1157749,286,3307,25,1782725208,0
1157749,286,3346,26,1782725257,0
1157749,286,3341,27,1782725284,0
1157749,286,3336,28,1782725322,0
1157749,286,3339,29,1782725367,0
1157749,286,3335,30,1782725405,0
1157749,286,3330,31,1782725456,0
1157749,286,3327,32,1782725494,0
1157749,286,103515,33,1782725593,0
1157749,286,3274,34,1782725671,0
1157749,286,3261,35,1782725733,0
1157749,286,3257,36,1782725790,0
1157749,286,3243,37,1782725837,0
1157749,286,3302,38,1782725928,0
1157749,286,3416,999,1782726159,0
1157756,286,3277,15,1782723400,0
1157756,286,3328,16,1782723508,0
1157756,286,3337,17,1782723560,0
1157756,286,3340,18,1782723602,0
1157756,286,3338,19,1782723660,0
1157756,286,3342,20,1782723747,0
1157756,286,3352,21,1782723771,0
1157756,286,3293,22,1782723825,0
1157756,286,6663,23,1782723876,0
1157756,286,3192,24,1782723908,0
1157756,286,3194,25,1782723942,0
1157756,286,3199,26,1782723978,0
1157756,286,3202,27,1782724011,0
1157756,286,3238,28,1782724089,0
1157756,286,3250,29,1782724100,0
1157756,286,3258,30,1782724136,0
1157756,286,3265,31,1782724181,0
1157756,286,3242,32,1782724204,0
1157756,286,3216,33,1782724228,0
1157756,286,3211,34,1782724277,0
1157756,286,6488,35,1782724370,0
1157756,286,6490,36,1782724382,0
1157756,286,6661,37,1782724406,0
1157756,286,3360,38,1782724469,0
1157756,286,3377,39,1782724534,0
1157756,286,3383,40,1782724583,0
1157756,286,3371,41,1782724659,0
1157756,286,3324,42,1782724710,0
1157756,286,3313,43,1782724748,0
1157756,286,3314,44,1782724838,0
1157756,286,6769,45,1782724878,0
1157756,286,3356,999,1782724940,0
1157800,288,3416,999,1782723386,0
1157833,288S,3238,27,1782723382,0
1157833,288S,3250,28,1782723406,0
1157833,288S,3258,29,1782723429,0
1157833,288S,3265,30,1782723475,0
1157833,288S,3242,31,1782723508,0
1157833,288S,3216,32,1782723531,0
1157833,288S,3211,33,1782723567,0
1157833,288S,6486,34,1782723657,0
1157833,288S,6484,35,1782723700,0
1157833,288S,6482,36,1782723751,0
1157833,288S,6480,37,1782723788,0
1157833,288S,6478,38,1782723812,0
1157833,288S,6476,39,1782723834,0
1157833,288S,6474,999,1782723893,0
1157835,288S,3391,1,1782723420,0
1157835,288S,6793,2,1782723585,0
1157835,288S,3404,3,1782723723,0
1157835,288S,3410,4,1782723840,0
1157835,288S,3411,5,1782723872,0
1157835,288S,3415,6,1782723925,0
1157835,288S,3420,7,1782723986,0
1157835,288S,3366,8,1782724115,0
1157835,288S,3316,9,1782724197,0
1157835,288S,3272,10,1782724239,0
1157835,288S,3245,11,1782724270,0
1157835,288S,3259,12,1782724315,0
1157835,288S,3260,13,1782724366,0
1157835,288S,3277,14,1782724412,0
1157835,288S,3328,15,1782724485,0
1157835,288S,3337,16,1782724568,0
1157835,288S,3340,17,1782724612,0
1157835,288S,3338,18,1782724680,0
1157835,288S,3342,19,1782724728,0
1157835,288S,3352,20,1782724757,0
1157835,288S,3293,21,1782724810,0
1157835,288S,6663,22,1782724864,0
1157835,288S,3192,23,1782724897,0
1157835,288S,3194,24,1782724932,0
1157835,288S,3199,25,1782724981,0
1157835,288S,3202,26,1782725024,0
1157835,288S,3238,27,1782725048,0
1157835,288S,3250,28,1782725081,0
1157835,288S,3258,29,1782725111,0
1157835,288S,3265,30,1782725148,0
1157835,288S,3242,31,1782725197,0
1157835,288S,3216,32,1782725228,0
1157835,288S,3211,33,1782725284,0
1160738,203,1918,40,1782723370,0
1160738,203,1977,41,1782723423,0
1160738,203,2015,42,1782723453,0
1160738,203,2104,43,1782723483,0
1160738,203,2178,44,1782723521,0
1160738,203,2229,45,1782723557,0
1160738,203,2328,46,1782723619,0
1160738,203,2418,47,1782723644,0
1160738,203,2529,48,1782723715,0
1160738,203,2631,49,1782723774,0
1160738,203,2679,50,1782723796,0
1160738,203,2713,51,1782723829,0
1160738,203,2780,52,1782723862,0
1160738,203,2889,53,1782723923,0
1160738,203,2934,54,1782723924,0
1160738,203,2973,55,1782723958,0
1160738,203,3070,56,1782724087,0
1160738,203,3109,57,1782724112,0
1160738,203,3141,58,1782724177,0
1160738,203,3161,59,1782724201,0
1160738,203,3173,60,1782724225,0
1160738,203,6761,999,1782724259,0
1160740,203,1278,17,1782723373,0
1160740,203,1297,18,1782723414,0
1160740,203,1305,19,1782723455,0
1160740,203,1306,20,1782723467,0
1160740,203,100394,21,1782723494,0
1160740,203,1353,22,1782723617,0
1160740,203,1396,23,1782723659,0
1160740,203,100723,24,1782723714,0
1160740,203,1390,25,1782723766,0
1160740,203,1367,26,1782723795,0
1160740,203,1374,27,1782723820,0
1160740,203,1377,28,1782723833,0
1160740,203,1408,29,1782723878,0
1160740,203,1382,30,1782723929,0
1160740,203,1388,31,1782723971,0
1160740,203,1434,32,1782723995,0
1160740,203,1467,33,1782724021,0
1160740,203,1516,34,1782724057,0
1160740,203,1541,35,1782724095,0
1160740,203,1572,36,1782724105,0
1160740,203,1630,37,1782724155,0
1160740,203,1731,38,1782724237,0
1160740,203,1794,39,1782724277,0
1160740,203,1918,40,1782724319,0
1160740,203,1977,41,1782724368,0
1160740,203,2015,42,1782724388,0
1160740,203,2104,43,1782724427,0
1160740,203,2178,44,1782724464,0
1160740,203,2229,45,1782724495,0
1160740,203,2328,46,1782724562,0
1160740,203,2418,47,1782724560,0
1160740,203,2529,48,1782724658,0
1160740,203,2631,49,1782724693,0
1160740,203,2679,50,1782724725,0
1160740,203,2713,51,1782724754,0
1160740,203,2780,52,1782724823,0
1160740,203,2889,53,1782724890,0
1160740,203,2934,54,1782724927,0
1160740,203,2973,55,1782724958,0
1160740,203,3070,56,1782725039,0
1160740,203,3109,57,1782725070,0
1160740,203,3141,58,1782725119,0
1160740,203,3161,59,1782725146,0
1160740,203,3173,60,1782725174,0
1160740,203,6761,999,1782725227,0
1160786,203F,2982,18,1782723410,0
1160786,203F,2929,19,1782723438,0
1160786,203F,2885,20,1782723462,0
1160786,203F,2790,21,1782723560,0
1160786,203F,2730,22,1782723600,0
1160786,203F,2661,23,1782723633,0
1160786,203F,2641,24,1782723663,0
1160786,203F,2498,25,1782723696,0
1160786,203F,2433,26,1782723795,0
1160786,203F,2300,27,1782723847,0
1160786,203F,2240,28,1782723939,0
1160786,203F,2166,29,1782723986,0
1160786,203F,2103,30,1782724022,0
1160786,203F,2023,31,1782724071,0
1160786,203F,1978,32,1782724103,0
1160786,203F,1919,33,1782724138,0
1160786,203F,1789,34,1782724208,0
1160786,203F,1734,35,1782724253,0
1160786,203F,1623,36,1782724329,0
1160786,203F,1585,37,1782724369,0
1160786,203F,1531,38,1782724392,0
1160786,203F,1506,39,1782724454,0
1160786,203F,1485,40,1782724452,0
1160786,203F,1414,41,1782724506,0
1160786,203F,1386,42,1782724536,0
1160786,203F,1385,43,1782724554,0
1160786,203F,1407,44,1782724595,0
1160786,203F,1372,45,1782724639,0
1160786,203F,1373,46,1782724673,0
1160786,203F,1363,47,1782724688,0
1160786,203F,1389,48,1782724724,0
1160786,203F,100722,49,1782724776,0
1160786,203F,101771,50,1782724806,0
1160786,203F,100392,51,1782724833,0
1160786,203F,100393,52,1782724859,0
1160786,203F,1307,53,1782724884,0
1160786,203F,1298,54,1782724911,0
1160786,203F,1295,55,1782724941,0
1160786,203F,1276,56,1782724981,0
1160786,203F,1240,57,1782725003,0
1160786,203F,1179,58,1782725073,0
1160787,203F,3578,4,1782723383,0
1160787,203F,3572,5,1782723422,0
1160787,203F,3566,6,1782723489,0
1160787,203F,3565,7,1782723540,0
1160787,203F,6456,8,1782723699,0
1160787,203F,6448,9,1782723809,0
1160787,203F,3413,10,1782723902,0
1160787,203F,100623,11,1782724144,0
1160787,203F,6762,12,1782724187,0
1160787,203F,3171,13,1782724249,0
1160787,203F,3162,14,1782724283,0
1160787,203F,3145,15,1782724309,0
1160787,203F,3102,16,1782724389,0
1160787,203F,3066,17,1782724390,0
1160787,203F,2982,18,1782724445,0
1160787,203F,2929,19,1782724469,0
1160787,203F,2885,20,1782724511,0
1160787,203F,2790,21,1782724587,0
1160787,203F,2730,22,1782724649,0
1160787,203F,2661,23,1782724661,0
1160787,203F,2641,24,1782724690,0
1160787,203F,2498,25,1782724721,0
1160787,203F,2433,26,1782724832,0
1160787,203F,2300,27,1782724863,0
1160787,203F,2240,28,1782724934,0
1160787,203F,2166,29,1782724986,0
1160787,203F,2103,30,1782725033,0
1160787,203F,2023,31,1782725084,0
1160787,203F,1978,32,1782725112,0
1160787,203F,1919,33,1782725172,0
1160787,203F,1789,34,1782725236,0
1160787,203F,1734,35,1782725279,0
1160787,203F,1623,36,1782725352,0
1160787,203F,1585,37,1782725392,0
1160787,203F,1531,38,1782725446,0
1160787,203F,1506,39,1782725477,0
1160788,209F,1418,999,1782723411,0
1160802,209F,101771,46,1782723414,0
1160802,209F,100392,47,1782723428,0
1160802,209F,100393,48,1782723487,0
1160802,209F,1307,49,1782723515,0
1160802,209F,1298,50,1782723544,0
1160802,209F,1295,51,1782723566,0
1160802,209F,1276,52,1782723636,0
1160802,209F,1240,53,1782723654,0
1160802,209F,1179,54,1782723666,0
1160802,209F,1154,55,1782723721,0
1160802,209F,1163,56,1782723772,0
1160802,209F,1159,57,1782723774,0
1160802,209F,1151,58,1782723819,0
1160802,209F,1147,59,1782723924,0
1160802,209F,1145,60,1782723961,0
1160802,209F,1141,61,1782723982,0
1160802,209F,1139,62,1782724022,0
1160802,209F,1136,63,1782724040,0
1160802,209F,1206,64,1782724150,0
1160802,209F,1255,65,1782724165,0
1160802,209F,1336,66,1782724234,0
1160802,209F,1418,999,1782724325,0
1160820,235,3118,11,1782723385,0
1160820,235,3069,12,1782723412,0
1160820,235,3017,13,1782723443,0
1160820,235,2966,14,1782723537,0
1160820,235,2897,15,1782723702,0
1160820,235,2878,16,1782723739,0
1160820,235,2799,17,1782723784,0
1160820,235,2727,18,1782723825,0
1160820,235,2677,19,1782723885,0
1160820,235,2618,20,1782723916,0
1160820,235,2545,21,1782723954,0
1160820,235,2437,22,1782724014,0
1160820,235,2341,23,1782724091,0
1160820,235,2241,24,1782724141,0
1160820,235,2180,25,1782724170,0
1160820,235,2128,26,1782724230,0
1160820,235,2075,27,1782724243,0
1160820,235,2022,28,1782724286,0
1160820,235,1971,29,1782724326,0
1160820,235,101794,999,1782724347,0
1160822,235,1887,1,1782723577,0
1160822,235,1973,2,1782723613,0
1160822,235,2027,3,1782723639,0
1160822,235,2071,4,1782723664,0
1160822,235,2124,5,1782723688,0
1160822,235,2179,6,1782723731,0
1160822,235,2233,7,1782723767,0
1160822,235,2326,8,1782723797,0
1160822,235,2435,9,1782723872,0
1160822,235,2557,10,1782723934,0
1160822,235,2627,11,1782723955,0
1160822,235,2654,12,1782723995,0
1160822,235,2731,13,1782724021,0
1160822,235,2796,14,1782724076,0
1160822,235,2874,15,1782724131,0
1160822,235,100653,16,1782724184,0
1160822,235,2932,17,1782724227,0
1160822,235,2968,18,1782724269,0
1160822,235,3014,19,1782724315,0
1160822,235,3076,20,1782724351,0
1160822,235,3110,21,1782724375,0
1160822,235,3164,999,1782724429,0
1160840,235,3281,1,1782724020,0
1160840,235,101784,2,1782724076,0
1160840,235,3379,3,1782724189,0
1160840,235,3446,4,1782724292,0
1160840,235,3459,5,1782724440,0
1160840,235,3473,6,1782724521,0
1160840,235,100452,7,1782724617,0
1160840,235,100454,8,1782724700,0
1160840,235,3195,9,1782724811,0
1160840,235,3172,10,1782724860,0
1160840,235,3118,11,1782724920,0
1160840,235,3069,12,1782724944,0
1160840,235,3017,13,1782724974,0
1160840,235,2966,14,1782725025,0
1160840,235,2897,15,1782725110,0
1160840,235,2878,16,1782725161,0
1160840,235,2799,17,1782725210,0
1160844,235,2180,25,1782723373,0
1160844,235,2128,26,1782723425,0
1160844,235,2075,27,1782723451,0
1160844,235,2022,28,1782723476,0
1160844,235,1971,29,1782723505,0
1160844,235,101794,999,1782723538,0
1160857,235,3379,3,1782723403,0
1160857,235,3446,4,1782723588,0
1160857,235,3459,5,1782723733,0
1160857,235,3473,6,1782723817,0
1160857,235,100452,7,1782723990,0
1160857,235,100454,8,1782724032,0
1160857,235,3195,9,1782724066,0
1160857,235,3172,10,1782724108,0
1160857,235,3118,11,1782724178,0
1160857,235,3069,12,1782724206,0
1160857,235,3017,13,1782724235,0
1160857,235,2966,14,1782724336,0
1160857,235,2897,15,1782724481,0
1160857,235,2878,16,1782724531,0
1160857,235,2799,17,1782724576,0
1160857,235,2727,18,1782724637,0
1160857,235,2677,19,1782724676,0
1160857,235,2618,20,1782724720,0
1160857,235,2545,21,1782724783,0
1160857,235,2437,22,1782724848,0
1160857,235,2341,23,1782724905,0
1160857,235,2241,24,1782724956,0
1160857,235,2180,25,1782725007,0
1160857,235,2128,26,1782725038,0
1160857,235,2075,27,1782725074,0
1160857,235,2022,28,1782725117,0
1160857,235,1971,29,1782725152,0
1160857,235,101794,999,1782725200,0
1160914,239,2295,2,1782723411,0
1160914,239,2289,3,1782723465,0
1160914,239,2280,4,1782723499,0
1160914,239,2274,5,1782723547,0
1160914,239,2250,6,1782723561,0
1160914,239,2199,7,1782723586,0
1160914,239,2140,8,1782723629,0
1160914,239,2077,9,1782723670,0
1160914,239,1998,10,1782723720,0
1160914,239,1899,11,1782723777,0
1160914,239,1825,12,1782723872,0
1160914,239,1767,13,1782723941,0
1160914,239,1758,14,1782723988,0
1160914,239,1755,15,1782724054,0
1160914,239,1857,16,1782724166,0
1160914,239,1887,17,1782724200,0
1160914,239,1973,18,1782724263,0
1160914,239,2027,19,1782724297,0
1160914,239,2071,20,1782724321,0
1160914,239,2124,21,1782724349,0
1160914,239,2179,22,1782724382,0
1160914,239,2233,23,1782724418,0
1160914,239,2326,24,1782724455,0
1160914,239,2435,25,1782724504,0
1160914,239,2557,26,1782724566,0
1160914,239,2627,27,1782724620,0
1160914,239,2654,28,1782724593,0
1160914,239,2731,29,1782724627,0
1160914,239,2796,30,1782724682,0
1160914,239,2874,31,1782724737,0
1160914,239,100653,32,1782724790,0
1160914,239,2932,33,1782724833,0
1160914,239,2968,34,1782724875,0
1160914,239,3014,35,1782724921,0
1160914,239,3076,36,1782724957,0
1160914,239,3110,37,1782724981,0
1160914,239,3164,999,1782725035,0
1160942,241,5109,1,1782723900,0
1160942,241,5119,2,1782723920,0
1160942,241,5095,3,1782723983,0
1160942,241,5033,4,1782724012,0
1160942,241,4965,5,1782724038,0
1160942,241,100784,6,1782724068,0
1160942,241,4937,7,1782724161,0
1160942,241,4907,8,1782724217,0
1160942,241,4866,9,1782724243,0
1160942,241,4806,10,1782724279,0
1160942,241,100467,11,1782724338,0
1160942,241,4770,12,1782724363,0
1160942,241,100465,13,1782724398,0
1160942,241,100463,14,1782724445,0
1160942,241,100461,15,1782724497,0
1160942,241,100459,16,1782724585,0
1160942,241,100457,17,1782724648,0
1160942,241,4732,18,1782724672,0
1160942,241,4704,19,1782724708,0
1160942,241,4670,20,1782724746,0
1160942,241,4646,21,1782724784,0
1160942,241,4612,22,1782724859,0
1160975,241A,3386,1,1782725100,0
1160983,241A,100462,38,1782723485,0
1160983,241A,100464,39,1782723512,0
1160983,241A,100466,40,1782723566,0
1160983,241A,4773,41,1782723588,0
1160983,241A,100468,999,1782723618,0
1160984,241A,3614,7,1782723396,0
1160984,241A,3686,8,1782723450,0
1160984,241A,3771,9,1782723522,0
1160984,241A,3816,10,1782723549,0
1160984,241A,3902,11,1782723631,0
1160984,241A,3905,12,1782723685,0
1160984,241A,3921,13,1782723721,0
1160984,241A,100806,14,1782723841,0
1160984,241A,3959,15,1782723900,0
1160984,241A,3986,16,1782723939,0
1160984,241A,4017,17,1782723987,0
1160984,241A,4055,18,1782724035,0
1160984,241A,4101,19,1782724078,0
1160984,241A,4153,20,1782724175,0
1160984,241A,4182,21,1782724202,0
1160984,241A,4276,22,1782724276,0
1160984,241A,4322,23,1782724401,0
1160984,241A,4384,24,1782724527,0
1160984,241A,4400,25,1782724567,0
1160984,241A,4450,26,1782724598,0
1160984,241A,4500,27,1782724647,0
1160984,241A,4542,28,1782724687,0
1160984,241A,4516,29,1782724749,0
1160984,241A,4577,30,1782724817,0
1160984,241A,4609,31,1782724894,0
1160984,241A,4643,32,1782724966,0
1160984,241A,4671,33,1782725008,0
1160984,241A,4710,34,1782725048,0
1160984,241A,100263,35,1782725076,0
1160984,241A,100458,36,1782725107,0
1160984,241A,100460,37,1782725169,0
1160985,245,6761,1,1782725227,0
1160985,245,100622,2,1782725293,0
1161000,245,4259,22,1782723372,0
1161000,245,4336,23,1782723464,0
1161000,245,4366,24,1782723520,0
1161000,245,4370,25,1782723551,0
1161000,245,4373,26,1782723578,0
1161000,245,4399,27,1782723619,0
1161000,245,4503,28,1782723690,0
1161000,245,4539,29,1782723750,0
1161000,245,4543,30,1782723780,0
1161000,245,4546,31,1782723812,0
1161000,245,4550,32,1782723850,0
1161000,245,4557,33,1782723890,0
1161000,245,4582,34,1782723915,0
1161000,245,4621,35,1782723952,0
1161000,245,4659,36,1782723972,0
1161000,245,4746,37,1782723995,0
1161000,245,4712,38,1782724034,0
1161000,245,4802,39,1782724084,0
1161000,245,4860,40,1782724124,0
1161000,245,4910,41,1782724151,0
1161000,245,4945,999,1782724185,0
1161008,248,6761,1,1782724259,0
1161008,248,100622,2,1782724283,0
1161008,248,3386,3,1782724413,0
1161008,248,3487,4,1782724517,0
1161008,248,6458,5,1782724566,0
1161008,248,3570,6,1782724661,0
1161008,248,3574,7,1782724736,0
1161008,248,6790,8,1782724800,0
1161008,248,3596,9,1782724912,0
1161017,248,4409,29,1782723412,0
1161017,248,4371,30,1782723450,0
1161017,248,4368,31,1782723481,0
1161017,248,4363,32,1782723504,0
1161017,248,4339,33,1782723561,0
1161017,248,4257,34,1782723617,0
1161017,248,4166,35,1782723739,0
1161017,248,4147,36,1782723768,0
1161017,248,4115,37,1782723793,0
1161017,248,4079,38,1782723855,0
1161017,248,4053,39,1782723900,0
1161017,248,3998,40,1782723942,0
1161017,248,100811,41,1782723967,0
1161017,248,100812,42,1782723999,0
1161017,248,3875,43,1782724040,0
1161017,248,3622,44,1782724278,0
1161017,248,3616,45,1782724310,0
1161017,248,3592,999,1782724428,0
1161036,248,4694,33,1782723365,0
1161036,248,4758,34,1782723402,0
1161036,248,100466,35,1782723484,0
1161036,248,4773,36,1782723518,0
1161036,248,100468,37,1782723536,0
1161036,248,4709,38,1782723638,0
1161036,248,4740,39,1782723655,0
1161036,248,4689,40,1782723689,0
1161036,248,4693,41,1782723719,0
1161036,248,4697,42,1782723750,0
1161036,248,4701,43,1782723784,0
1161036,248,4723,44,1782723802,0
1161036,248,4776,45,1782723833,0
1161036,248,4815,46,1782723886,0
1161036,248,4853,47,1782723921,0
1161036,248,4893,48,1782723941,0
1161036,248,4917,49,1782723966,0
1161036,248,4941,50,1782723984,0
1161036,248,100095,51,1782724004,0
1161036,248,100785,52,1782724095,0
1161036,248,5032,53,1782724149,0
1161036,248,5067,54,1782724177,0
1161036,248,5100,999,1782724251,0
1161040,248,3574,7,1782723432,0
1161040,248,6790,8,1782723467,0
1161040,248,3596,9,1782723586,0
1161040,248,3621,10,1782723667,0
1161040,248,3623,11,1782723693,0
1161040,248,3670,12,1782723729,0
1161040,248,3723,13,1782723767,0
1161040,248,3804,14,1782723846,0
1161040,248,3874,15,1782723923,0
1161040,248,3988,16,1782723998,0
1161040,248,4048,17,1782724091,0
1161040,248,4071,18,1782724122,0
1161040,248,4117,19,1782724205,0
1161040,248,4148,20,1782724266,0
1161040,248,4167,21,1782724326,0
1161040,248,4259,22,1782724436,0
1161040,248,4336,23,1782724510,0
1161040,248,4366,24,1782724555,0
1161040,248,4370,25,1782724595,0
1161040,248,4373,26,1782724632,0
1161040,248,4399,27,1782724674,0
1161040,248,4503,28,1782724748,0
1161040,248,4539,29,1782724787,0
1161043,248,5100,999,1782723426,0
1161086,271,1695,10,1782723384,0
1161086,271,1757,11,1782723396,0
1161086,271,1852,12,1782723455,0
1161086,271,1876,13,1782723485,0
1161086,271,1897,14,1782723540,0
1161086,271,1969,15,1782723613,0
1161086,271,2020,16,1782723635,0
1161086,271,2086,17,1782723731,0
1161086,271,2153,18,1782723781,0
1161086,271,2200,19,1782723825,0
1161086,271,2237,20,1782723861,0
1161086,271,2310,21,1782723889,0
1161086,271,2391,22,1782723951,0
1161086,271,2443,23,1782723983,0
1161086,271,2497,24,1782724006,0
1161086,271,2535,25,1782724031,0
1161086,271,2573,26,1782724036,0
1161086,271,2631,27,1782724135,0
1161086,271,2679,28,1782724164,0
1161086,271,2713,29,1782724210,0
1161086,271,2780,30,1782724261,0
1161086,271,2889,31,1782724294,0
1161086,271,2934,32,1782724341,0
1161086,271,2973,33,1782724345,0
1161086,271,3070,34,1782724447,0
1161086,271,3109,35,1782724486,0
1161086,271,3141,36,1782724547,0
1161086,271,3161,37,1782724580,0
1161086,271,3173,38,1782724615,0
1161086,271,101716,39,1782724657,0
1161086,271,3281,40,1782724725,0
1161086,271,101784,41,1782724766,0
1161086,271,3379,42,1782724848,0
1161086,271,3446,43,1782724922,0
1161121,271,101783,10,1782723439,0
1161121,271,3278,11,1782723488,0
1161121,271,3171,12,1782723596,0
1161121,271,3162,13,1782723631,0
1161121,271,3145,14,1782723650,0
1161121,271,3102,15,1782723700,0
1161121,271,3066,16,1782723726,0
1161121,271,2982,17,1782723783,0
1161121,271,2929,18,1782723824,0
1161121,271,2885,19,1782723857,0
1161121,271,2790,20,1782723951,0
1161121,271,2730,21,1782723994,0
1161121,271,2661,22,1782724035,0
1161121,271,2641,23,1782724079,0
1161121,271,2570,24,1782724160,0
1161121,271,2521,25,1782724186,0
1161121,271,2494,26,1782724225,0
1161121,271,2438,27,1782724264,0
1161121,271,2388,28,1782724318,0
1161121,271,2305,29,1782724372,0
1161121,271,2236,30,1782724430,0
1161121,271,2206,31,1782724456,0
1161121,271,2143,32,1782724524,0
1161121,271,2076,33,1782724588,0
1161121,271,2016,34,1782724641,0
1161121,271,1979,35,1782724682,0
1161121,271,1892,36,1782724779,0
1161121,271,1873,37,1782724826,0
1161121,271,1851,38,1782724859,0
1161121,271,1766,39,1782724919,0
1161121,271,1688,40,1782724969,0
1161150,273,2438,27,1782723384,0
1161150,273,2388,28,1782723460,0
1161150,273,2305,29,1782723534,0
1161150,273,2236,30,1782723616,0
1161150,273,2206,31,1782723646,0
1161150,273,2143,32,1782723689,0
1161150,273,2076,33,1782723741,0
1161150,273,2016,34,1782723801,0
1161150,273,1979,35,1782723841,0
1161150,273,1907,36,1782723933,0
1161150,273,1950,37,1782723979,0
1161150,273,2031,38,1782724026,0
1161150,273,2101,39,1782724052,0
1161150,273,101704,999,1782724135,0
1161156,273,3204,2,1782723364,0
1161156,273,100453,3,1782723409,0
1161156,273,100451,4,1782723468,0
1161156,273,3464,5,1782723556,0
1161156,273,3458,6,1782723644,0
1161156,273,3443,7,1782723804,0
1161156,273,3439,8,1782723902,0
1161156,273,3387,9,1782724062,0
1161156,273,101783,10,1782724122,0
1161156,273,3278,11,1782724181,0
1161156,273,3171,12,1782724286,0
1161156,273,3162,13,1782724318,0
1161156,273,3145,14,1782724323,0
1161156,273,3102,15,1782724389,0
1161156,273,3066,16,1782724417,0
1161156,273,2982,17,1782724454,0
1161156,273,2929,18,1782724512,0
1161156,273,2885,19,1782724524,0
1161156,273,2790,20,1782724633,0
1161156,273,2730,21,1782724713,0
1161156,273,2661,22,1782724782,0
1161156,273,2641,23,1782724819,0
1161156,273,2570,24,1782724876,0
1161156,273,2521,25,1782724903,0
1161156,273,2494,26,1782724945,0
1161156,273,2438,27,1782724988,0
1161156,273,2388,28,1782725027,0
1161156,273,2305,29,1782725075,0
1161156,273,2236,30,1782725129,0
1161156,273,2206,31,1782725153,0
1161173,273,2631,17,1782723385,0
1161173,273,2679,18,1782723420,0
1161173,273,2713,19,1782723483,0
1161173,273,2780,20,1782723555,0
1161173,273,2889,21,1782723625,0
1161173,273,2934,22,1782723664,0
1161173,273,2973,23,1782723696,0
1161226,361,1698,2,1782723423,0
1161226,361,1733,3,1782723465,0
1161226,361,1788,4,1782723492,0
1161226,361,1836,5,1782723536,0
1161226,361,100829,6,1782723576,0
1161226,361,1829,7,1782723589,0
1161226,361,1824,8,1782723610,0
1161226,361,1812,9,1782723649,0
1161226,361,1807,10,1782723697,0
1161226,361,1803,11,1782723716,0
1161226,361,1796,12,1782723754,0
1161226,361,1791,13,1782723806,0
1161226,361,1786,14,1782723872,0
1161226,361,1784,15,1782723897,0
1161226,361,1779,16,1782723931,0
1161226,361,1775,17,1782723979,0
1161226,361,1772,18,1782724010,0
1161226,361,1767,19,1782724059,0
1161226,361,1758,20,1782724083,0
1161226,361,1755,21,1782724112,0
1161226,361,1751,22,1782724226,0
1161226,361,1746,23,1782724335,0
1161226,361,1742,24,1782724397,0
1161226,361,1732,25,1782724468,0
1161226,361,1726,26,1782724526,0
1161226,361,1724,27,1782724666,0
1161226,361,1725,28,1782724703,0
1161226,361,1718,29,1782724757,0
1161226,361,1712,30,1782724786,0
1161226,361,1708,31,1782724853,0
1161226,361,1710,32,1782724877,0
1161226,361,1709,33,1782724905,0
1161226,361,1704,34,1782724929,0
1161226,361,1701,35,1782724991,0
1161226,361,1692,36,1782725050,0
1161226,361,1687,37,1782725087,0
1161226,361,1682,38,1782725109,0
1161226,361,1678,39,1782725133,0
1161226,361,1667,40,1782725159,0
1161226,361,1666,41,1782725186,0
1161226,361,7076,42,1782725231,0
1161226,361,1561,43,1782725308,0
1161226,361,1528,44,1782725372,0
1161226,361,1520,45,1782725425,0
1161246,503,1460,2,1782723455,0
1161246,503,1463,3,1782723560,0
1161246,503,1466,4,1782723625,0
1161246,503,1469,5,1782723652,0
1161246,503,1472,6,1782723696,0
1161246,503,1486,7,1782723721,0
1161246,503,1501,8,1782723742,0
1161246,503,1522,9,1782723764,0
1161246,503,1524,10,1782723797,0
1161246,503,1536,11,1782723820,0
1161246,503,1621,12,1782723873,0
1161246,503,1657,13,1782723928,0
1161246,503,1651,14,1782723952,0
1161246,503,1680,15,1782724018,0
1161246,503,100482,16,1782724083,0
1161246,503,1765,17,1782724117,0
1161246,503,1837,18,1782724147,0
1161246,503,1884,19,1782724185,0
1161246,503,100386,20,1782724226,0
1161246,503,1931,21,1782724266,0
1161246,503,1934,22,1782724291,0
1161246,503,1942,23,1782724331,0
1161246,503,1949,24,1782724350,0
1161246,503,1952,25,1782724374,0
1161246,503,2031,26,1782724440,0
1161246,503,2101,27,1782724488,0
1161246,503,2204,999,1782724577,0
1161264,503,1461,31,1782723382,0
1161264,503,1455,32,1782723451,0
1161264,503,1449,999,1782723506,0
1161274,503,2188,1,1782724980,0
1161274,503,2094,2,1782725048,0
1161274,503,2008,3,1782725106,0
1161274,503,1951,4,1782725152,0
1161282,503,1951,9,1782723429,0
1161282,503,1948,10,1782723453,0
1161282,503,1938,11,1782723486,0
1161282,503,1932,12,1782723523,0
1161282,503,1929,13,1782723555,0
1161282,503,100387,14,1782723614,0
1161282,503,1880,15,1782723630,0
1161282,503,1822,16,1782723679,0
1161282,503,1753,17,1782723741,0
1161282,503,100481,18,1782723759,0
1161282,503,1679,19,1782723837,0
1161282,503,1648,20,1782723929,0
1161282,503,1653,21,1782723958,0
1161282,503,1561,22,1782724030,0
1161282,503,1528,23,1782724051,0
1161282,503,1520,24,1782724107,0
1161282,503,1521,25,1782724119,0
1161282,503,1515,26,1782724157,0
1161282,503,1493,27,1782724182,0
1161282,503,1470,28,1782724228,0
1161282,503,1468,29,1782724292,0
1161282,503,1464,30,1782724301,0
1161282,503,1461,31,1782724380,0
1161282,503,1455,32,1782724454,0
1161282,503,1449,999,1782724529,0
1161320,506,1666,40,1782723408,0
1161320,506,1681,41,1782723451,0
1161320,506,1735,42,1782723487,0
1161320,506,1818,43,1782723516,0
1161320,506,1876,44,1782723626,0
1161320,506,1897,45,1782723663,0
1161320,506,1950,46,1782723712,0
1161320,506,2031,47,1782723768,0
1161320,506,2101,48,1782723778,0
1161320,506,2204,999,1782723884,0
1161373,506,2188,1,1782724620,0
1161373,506,2094,2,1782724693,0
1161373,506,2008,3,1782724755,0
1161373,506,1892,4,1782724841,0
1161373,506,1873,5,1782724896,0
1161373,506,100308,6,1782724932,0
1161373,506,1737,7,1782724976,0
1161373,506,1696,8,1782725040,0
1161373,506,1665,9,1782725071,0
1161373,506,1659,10,1782725098,0
1161373,506,1588,11,1782725136,0
1161373,506,1555,12,1782725175,0
1161391,506,1059,35,1782723379,0
1161391,506,1057,36,1782723398,0
1161391,506,6929,37,1782723434,0
1161391,506,1077,38,1782723458,0
1161391,506,1075,39,1782723481,0
1161391,506,1089,40,1782723516,0
1161391,506,1118,41,1782723536,0
1161391,506,1137,42,1782723552,0
1161391,506,1169,43,1782723590,0
1161391,506,1223,44,1782723616,0
1161391,506,1284,45,1782723650,0
1161391,506,1332,46,1782723692,0
1161391,506,1391,47,1782723744,0
1161391,506,1431,48,1782723744,0
1161391,506,1468,49,1782723765,0
1161391,506,1464,50,1782723796,0
1161391,506,1461,51,1782723864,0
1161391,506,1455,52,1782723913,0
1161391,506,1449,999,1782723975,0
1161402,506,2094,7,1782723389,0
1161402,506,2008,8,1782723425,0
1161402,506,1892,9,1782723553,0
1161402,506,1873,10,1782723598,0
1161402,506,100308,11,1782723639,0
1161402,506,1737,12,1782723655,0
1161402,506,1696,13,1782723704,0
1161402,506,1665,14,1782723799,0
1161402,506,1659,15,1782723829,0
1161402,506,1588,16,1782723873,0
1161402,506,1555,17,1782723918,0
1161402,506,1512,18,1782723975,0
1161402,506,1498,19,1782723981,0
1161402,506,1488,20,1782724040,0
1161402,506,1482,21,1782724057,0
1161402,506,1465,22,1782724127,0
1161402,506,1379,23,1782724170,0
1161402,506,1318,24,1782724206,0
1161402,506,1276,25,1782724247,0
1161402,506,1240,26,1782724263,0
1161402,506,1179,27,1782724296,0
1161402,506,1173,28,1782724326,0
1161402,506,1174,29,1782724360,0
1161402,506,1155,30,1782724389,0
1161402,506,1120,31,1782724444,0
1161402,506,1106,32,1782724494,0
1161402,506,1099,33,1782724527,0
1161402,506,1052,34,1782724578,0
1161402,506,1059,35,1782724610,0
1161402,506,1057,36,1782724639,0
1161402,506,6929,37,1782724685,0
1161402,506,1077,38,1782724717,0
1161402,506,1075,39,1782724747,0
1161402,506,1089,40,1782724779,0
1161402,506,1118,41,1782724805,0
1161402,506,1137,42,1782724830,0
1161402,506,1169,43,1782724873,0
1161402,506,1223,44,1782724923,0
1161402,506,1284,45,1782724983,0
1161402,506,1332,46,1782725022,0
1161402,506,1391,47,1782725057,0
1161402,506,1431,48,1782725082,0
1161402,506,1468,49,1782725105,0
1161402,506,1464,50,1782725141,0
1161408,506,1498,19,1782723382,0
1161408,506,1488,20,1782723423,0
1161408,506,1482,21,1782723471,0
1161408,506,1465,22,1782723530,0
1161408,506,1379,23,1782723574,0
1161408,506,1318,24,1782723622,0
1161408,506,1276,25,1782723649,0
1161408,506,1240,26,1782723665,0
1161408,506,1179,27,1782723696,0
1161408,506,1173,28,1782723727,0
1161408,506,1174,29,1782723749,0
1161408,506,1155,30,1782723773,0
1161408,506,1120,31,1782723837,0
1161408,506,1106,32,1782723887,0
1161408,506,1099,33,1782723913,0
1161408,506,1052,34,1782723969,0
1161408,506,1059,35,1782724010,0
1161408,506,1057,36,1782724034,0
1161408,506,6929,37,1782724049,0
1161408,506,1077,38,1782724086,0
1161408,506,1075,39,1782724094,0
1161408,506,1089,40,1782724127,0
1161408,506,1118,41,1782724143,0
1161408,506,1137,42,1782724174,0
1161408,506,1169,43,1782724219,0
1161408,506,1223,44,1782724238,0
1161408,506,1284,45,1782724265,0
1161408,506,1332,46,1782724307,0
1161408,506,1391,47,1782724345,0
1161408,506,1431,48,1782724338,0
1161408,506,1468,49,1782724364,0
1161408,506,1464,50,1782724402,0
1161408,506,1461,51,1782724445,0
1161408,506,1455,52,1782724510,0
1161408,506,1449,999,1782724579,0
1161422,506,1460,2,1782723401,0
1161422,506,1463,3,1782723454,0
1161422,506,1466,4,1782723505,0
1161422,506,1469,5,1782723536,0
1161422,506,1421,6,1782723583,0
1161422,506,1380,7,1782723609,0
1161422,506,1310,8,1782723635,0
1161422,506,1275,9,1782723686,0
1161422,506,1214,10,1782723712,0
1161422,506,1165,11,1782723745,0
1161422,506,1121,12,1782723801,0
1161422,506,1105,13,1782723823,0
1161422,506,1083,14,1782723842,0
1161422,506,1078,15,1782723870,0
1161422,506,1080,16,1782723898,0
1161422,506,6930,17,1782723921,0
1161422,506,1058,18,1782723951,0
1161422,506,1061,19,1782723975,0
1161422,506,1051,20,1782723994,0
1161422,506,1091,21,1782724064,0
1161422,506,1109,22,1782724139,0
1161422,506,1110,23,1782724186,0
1161422,506,1156,24,1782724220,0
1161422,506,1175,25,1782724267,0
1161422,506,1172,26,1782724288,0
1161422,506,1176,27,1782724335,0
1161422,506,1242,28,1782724366,0
1161422,506,1278,29,1782724383,0
1161422,506,1303,30,1782724404,0
1161422,506,1357,31,1782724443,0
1161422,506,1420,32,1782724498,0
1161422,506,1479,33,1782724532,0
1161422,506,1489,34,1782724575,0
1161422,506,1492,35,1782724622,0
1161422,506,1507,36,1782724636,0
1161422,506,1529,37,1782724679,0
1161422,506,1583,38,1782724727,0
1161422,506,1627,39,1782724758,0
1161422,506,1666,40,1782724787,0
1161422,506,1681,41,1782724825,0
1161422,506,1735,42,1782724879,0
1161422,506,1818,43,1782724936,0
1161422,506,1876,44,1782724968,0
1161422,506,1897,45,1782725038,0
1161450,507,2008,3,1782723395,0
1161450,507,1892,4,1782723527,0
1161450,507,1873,5,1782723564,0
1161450,507,1851,6,1782723603,0
1161450,507,1766,7,1782723646,0
1161450,507,1688,8,1782723678,0
1161450,507,1606,9,1782723719,0
1161450,507,1571,10,1782723761,0
1161450,507,1532,11,1782723784,0
1161450,507,1509,12,1782723832,0
1161450,507,1480,13,1782723863,0
1161450,507,100524,14,1782723921,0
1161450,507,100527,15,1782723933,0
1161450,507,1449,999,1782724060,0
1161460,507,1757,10,1782723367,0
1161460,507,1852,11,1782723411,0
1161460,507,1876,12,1782723442,0
1161460,507,1897,13,1782723475,0
1161460,507,1950,14,1782723517,0
1161460,507,2031,15,1782723596,0
1161460,507,2101,16,1782723621,0
1161460,507,2204,999,1782723711,0
1161501,540,1429,999,1782723724,0
1161502,540,3441,6,1782723485,0
1161502,540,100083,7,1782723932,0
1161502,540,2217,8,1782724088,0
1161502,540,1429,999,1782724470,0
1161505,541,3446,41,1782723466,0
1161505,541,3457,42,1782723618,0
1161505,541,3473,43,1782723721,0
1161505,541,3415,44,1782723931,0
1161505,541,3417,999,1782723971,0
1161510,541,1425,18,1782723395,0
1161510,541,1428,19,1782723424,0
1161510,541,1436,20,1782723451,0
1161510,541,1443,21,1782723488,0
1161510,541,1429,22,1782723639,0
1161510,541,2220,23,1782724016,0
1161510,541,7297,24,1782724195,0
1161510,541,3446,25,1782724794,0
1161510,541,3457,26,1782724855,0
1161510,541,3473,27,1782725064,0
1161510,541,3415,28,1782725260,0
1161510,541,3417,999,1782725335,0
1161540,541,824,1,1782723420,0
1161540,541,100066,2,1782723541,0
1161540,541,101327,3,1782723576,0
1161540,541,101329,4,1782723626,0
1161540,541,6913,5,1782723652,0
1161540,541,806,6,1782723670,0
1161540,541,797,7,1782723699,0
1161540,541,784,8,1782723735,0
1161540,541,776,9,1782723741,0
1161540,541,758,10,1782723797,0
1161540,541,772,11,1782723832,0
1161540,541,791,12,1782723845,0
1161540,541,815,13,1782723928,0
1161540,541,839,14,1782723973,0
1161540,541,100487,15,1782724002,0
1161540,541,100485,16,1782724021,0
1161540,541,903,17,1782724060,0
1161540,541,925,18,1782724087,0
1161540,541,6972,19,1782724109,0
1161540,541,948,20,1782724127,0
1161540,541,963,21,1782724160,0
1161540,541,1012,22,1782724211,0
1161540,541,1056,23,1782724237,0
1161540,541,1073,24,1782724265,0
1161540,541,1117,25,1782724302,0
1161540,541,1157,26,1782724331,0
1161540,541,1211,27,1782724360,0
1161540,541,1254,28,1782724401,0
1161540,541,1327,29,1782724428,0
1161540,541,1392,30,1782724450,0
1161540,541,1409,31,1782724491,0
1161540,541,1416,32,1782724512,0
1161540,541,100301,33,1782724535,0
1161540,541,1425,34,1782724571,0
1161540,541,1428,35,1782724615,0
1161540,541,1436,36,1782724640,0
1161540,541,1443,37,1782724703,0
1161540,541,1429,38,1782724731,0
1161540,541,2220,39,1782725091,0
1161550,541,3417,1,1782723480,0
1161550,541,3484,2,1782723614,0
1161550,541,3478,3,1782723696,0
1161550,541,3463,4,1782723778,0
1161550,541,3452,5,1782723929,0
1161550,541,3441,6,1782724048,0
1161550,541,100083,7,1782724490,0
1161550,541,2217,8,1782724653,0
1161550,541,1397,9,1782725014,0
1161550,541,1440,10,1782725040,0
1161550,541,1432,11,1782725096,0
1161550,541,1427,12,1782725120,0
1161550,541,1423,13,1782725154,0
1161550,541,1419,14,1782725198,0
1161550,541,1410,15,1782725239,0
1161587,541G,786,26,1782723399,0
1161587,541G,771,27,1782723418,0
1161587,541G,759,28,1782723439,0
1161587,541G,775,29,1782723463,0
1161587,541G,783,30,1782723501,0
1161587,541G,100279,31,1782723525,0
1161587,541G,805,32,1782723543,0
1161587,541G,6912,33,1782723567,0
1161587,541G,101328,34,1782723586,0
1161587,541G,101326,35,1782723614,0
1161587,541G,100065,36,1782723655,0
1161587,541G,824,999,1782723766,0
1161614,541X,1405,14,1782723394,0
1161614,541X,1394,15,1782723457,0
1161614,541X,1325,16,1782723492,0
1161614,541X,1273,17,1782723532,0
1161614,541X,1218,18,1782723570,0
1161614,541X,1149,19,1782723621,0
1161614,541X,1113,20,1782723662,0
1161614,541X,1072,21,1782723709,0
1161614,541X,1044,22,1782723744,0
1161614,541X,1011,23,1782723767,0
1161614,541X,965,24,1782723820,0
1161614,541X,949,25,1782723853,0
1161614,541X,6971,26,1782723884,0
1161614,541X,926,27,1782723907,0
1161614,541X,899,999,1782723944,0
1161616,541X,1397,7,1782723853,0
1161616,541X,1440,8,1782724083,0
1161616,541X,1432,9,1782724122,0
1161616,541X,1427,10,1782724161,0
1161616,541X,1423,11,1782724197,0
1161616,541X,1419,12,1782724274,0
1161616,541X,1410,13,1782724316,0
1161616,541X,1405,14,1782724318,0
1161616,541X,1394,15,1782724386,0
1161616,541X,1325,16,1782724424,0
1161616,541X,1273,17,1782724462,0
1161616,541X,1218,18,1782724515,0
1161616,541X,1149,19,1782724554,0
1161616,541X,1113,20,1782724598,0
1161616,541X,1072,21,1782724646,0
1161616,541X,1044,22,1782724679,0
1161616,541X,1011,23,1782724722,0
1161616,541X,965,24,1782724763,0
1161616,541X,949,25,1782724797,0
1161616,541X,6971,26,1782724823,0
1161616,541X,926,27,1782724855,0
1161616,541X,899,999,1782724888,0
1161651,542,1397,999,1782723374,0
1161655,542,868,1,1782724124,0
1161655,542,864,2,1782724149,0
1161655,542,858,3,1782724185,0
1161655,542,857,4,1782724213,0
1161655,542,874,5,1782724247,0
1161655,542,904,6,1782724278,0
1161655,542,916,7,1782724319,0
1161655,542,100385,8,1782724341,0
1161655,542,921,9,1782724373,0
1161655,542,932,10,1782724398,0
1161655,542,959,11,1782724445,0
1161655,542,983,12,1782724464,0
1161655,542,1009,13,1782724490,0
1161655,542,1024,14,1782724514,0
1161655,542,1026,15,1782724551,0
1161655,542,1045,16,1782724581,0
1161655,542,1082,17,1782724622,0
1161655,542,1124,18,1782724672,0
1161655,542,1193,19,1782724708,0
1161655,542,1198,20,1782724751,0
1161655,542,1202,21,1782724794,0
1161655,542,1209,22,1782724838,0
1161655,542,1246,23,1782724898,0
1161655,542,1291,24,1782724948,0
1161655,542,1311,25,1782724992,0
1161655,542,1313,26,1782725040,0
1161655,542,1316,27,1782725067,0
1161655,542,1322,28,1782725106,0
1161655,542,1336,29,1782725137,0
1161691,542X,1342,6,1782723456,0
1161691,542X,1320,7,1782723525,0
1161691,542X,1315,8,1782723548,0
1161691,542X,1312,9,1782723580,0
1161691,542X,1308,10,1782723617,0
1161691,542X,1285,11,1782723658,0
1161691,542X,1226,12,1782723692,0
1161691,542X,1207,13,1782723720,0
1161691,542X,1201,14,1782723755,0
1161691,542X,1199,15,1782723797,0
1161691,542X,1196,16,1782723838,0
1161691,542X,1125,17,1782723883,0
1161691,542X,1086,18,1782723930,0
1161691,542X,1047,19,1782723972,0
1161691,542X,1025,20,1782724004,0
1161691,542X,1023,21,1782724056,0
1161691,542X,1010,22,1782724088,0
1161691,542X,982,23,1782724119,0
1161691,542X,961,24,1782724161,0
1161691,542X,934,25,1782724197,0
1161691,542X,920,26,1782724237,0
1161691,542X,918,27,1782724271,0
1161691,542X,914,28,1782724301,0
1161691,542X,905,29,1782724350,0
1161691,542X,878,30,1782724384,0
1161691,542X,861,31,1782724402,0
1161691,542X,859,32,1782724439,0
1161691,542X,865,33,1782724471,0
1161691,542X,871,999,1782724501,0
1161693,542X,920,26,1782723381,0
1161693,542X,918,27,1782723420,0
1161693,542X,914,28,1782723463,0
1161693,542X,905,29,1782723518,0
1161693,542X,878,30,1782723553,0
1161693,542X,861,31,1782723570,0
1161693,542X,859,32,1782723608,0
1161693,542X,865,33,1782723642,0
1161693,542X,871,999,1782723675,0
1161720,543,1397,1,1782724680,0
1161720,543,1342,2,1782724729,0
1161720,543,1266,3,1782724791,0
1161720,543,101555,4,1782724834,0
1161720,543,101554,5,1782724874,0
1161720,543,101586,6,1782724928,0
1161720,543,1186,7,1782724954,0
1161720,543,1171,8,1782724977,0
1161720,543,1128,9,1782725014,0
1161720,543,1107,10,1782725053,0
1161720,543,1098,11,1782725088,0
1161720,543,1070,12,1782725119,0
1161744,543X,953,25,1782723366,0
1161744,543X,952,26,1782723388,0
1161744,543X,943,27,1782723438,0
1161744,543X,950,999,1782723482,0
1161754,544,7297,21,1782723517,0
1161754,544,3446,22,1782723968,0
1161754,544,3457,23,1782724129,0
1161754,544,3473,999,1782724269,0
1161755,544,822,1,1782723480,0
1161755,544,100256,2,1782723650,0
1161755,544,900,3,1782723721,0
1161755,544,922,4,1782723750,0
1161755,544,939,5,1782723802,0
1161755,544,946,6,1782723801,0
1161755,544,969,7,1782723832,0
1161755,544,985,8,1782723866,0
1161755,544,1007,9,1782723904,0
1161755,544,1028,10,1782723941,0
1161755,544,1049,11,1782723956,0
1161755,544,1092,12,1782723980,0
1161755,544,1187,13,1782724051,0
1161755,544,1224,14,1782724064,0
1161755,544,1251,15,1782724121,0
1161755,544,1282,16,1782724127,0
1161755,544,1319,17,1782724223,0
1161755,544,1449,18,1782724351,0
1161755,544,1429,19,1782724504,0
1161755,544,2220,20,1782724864,0
1161755,544,7297,21,1782725044,0
1161801,545,1449,22,1782723390,0
1161801,545,1397,999,1782723466,0
1161804,545,824,1,1782724320,0
1161804,545,863,2,1782724397,0
1161804,545,898,3,1782724457,0
1161804,545,895,4,1782724489,0
1161804,545,908,5,1782724523,0
1161804,545,911,6,1782724520,0
1161804,545,931,7,1782724555,0
1161804,545,947,8,1782724602,0
1161804,545,960,9,1782724629,0
1161804,545,994,10,1782724669,0
1161804,545,1022,11,1782724717,0
1161804,545,1048,12,1782724763,0
1161804,545,1094,13,1782724814,0
1161804,545,1132,14,1782724856,0
1161804,545,1182,15,1782724897,0
1161804,545,1239,16,1782724947,0
1161804,545,1301,17,1782724988,0
1161804,545,1371,18,1782725032,0
1161804,545,1422,19,1782725064,0
1161804,545,1461,20,1782725089,0
1161804,545,1455,21,1782725137,0
1161835,545X,1397,5,1782723771,0
1161835,545X,1452,6,1782724118,0
1161835,545X,1460,7,1782724186,0
1161835,545X,1433,8,1782724312,0
1161835,545X,1362,9,1782724355,0
1161835,545X,1294,10,1782724415,0
1161835,545X,1235,11,1782724423,0
1161835,545X,1184,12,1782724448,0
1161835,545X,1134,13,1782724486,0
1161835,545X,1095,14,1782724526,0
1161835,545X,1046,15,1782724583,0
1161835,545X,1019,16,1782724615,0
1161835,545X,988,17,1782724657,0
1161835,545X,957,18,1782724696,0
1161835,545X,945,19,1782724736,0
1161835,545X,923,20,1782724789,0
1161835,545X,910,21,1782724824,0
1161835,545X,907,22,1782724853,0
1161835,545X,894,23,1782724889,0
1161835,545X,901,24,1782724929,0
1161835,545X,877,25,1782724998,0
1161835,545X,824,999,1782725087,0
1161872,548,1266,9,1782723415,0
1161872,548,1212,10,1782723444,0
1161872,548,1130,11,1782723479,0
1161872,548,1065,12,1782723551,0
1161872,548,1034,13,1782723585,0
1161872,548,980,14,1782723659,0
1161872,548,940,15,1782723714,0
1161872,548,902,16,1782723738,0
1161872,548,841,17,1782723832,0
1161872,548,816,18,1782723870,0
1161872,548,786,19,1782723931,0
1161872,548,100230,20,1782723982,0
1161872,548,100228,21,1782724040,0
1161872,548,101700,22,1782724080,0
1161872,548,100860,23,1782724151,0
1161872,548,100227,24,1782724200,0
1161872,548,624,25,1782724270,0
1161872,548,100288,26,1782724328,0
1161872,548,100290,27,1782724385,0
1161872,548,592,28,1782724430,0
1161872,548,100514,29,1782724476,0
1161872,548,100512,30,1782724510,0
1161872,548,100510,31,1782724568,0
1161872,548,787,32,1782724588,0
1161872,548,100286,33,1782724655,0
1161872,548,703,34,1782724712,0
1161872,548,752,35,1782724749,0
1161872,548,101764,36,1782724780,0
1161872,548,760,37,1782724806,0
1161872,548,692,38,1782724841,0
1161872,548,800,39,1782724867,0
1161872,548,812,40,1782724909,0
1161872,548,819,999,1782724988,0
1161889,548,815,14,1782723441,0
1161889,548,839,15,1782723409,0
1161889,548,913,16,1782723474,0
1161889,548,933,17,1782723514,0
1161889,548,986,18,1782723600,0
1161889,548,1031,19,1782723661,0
1161889,548,1067,20,1782723722,0
1161889,548,1133,21,1782723779,0
1161889,548,1206,22,1782723765,0
1161889,548,1255,23,1782723779,0
1161889,548,1336,24,1782723847,0
1161889,548,1397,999,1782723893,0
1161895,548,100511,1,1782724661,0
1161895,548,100513,2,1782724669,0
1161895,548,100515,3,1782724711,0
1161895,548,595,4,1782724763,0
1161895,548,100289,5,1782724844,0
1161895,548,581,6,1782724897,0
1161895,548,620,7,1782724947,0
1161895,548,100226,8,1782725033,0
1161895,548,100859,9,1782725070,0
1161895,548,101699,10,1782725101,0
1161895,548,100229,11,1782725167,0
1161895,548,100231,12,1782725271,0
1161895,548,791,13,1782725321,0
1161895,548,815,14,1782725380,0
1161895,548,839,15,1782725412,0
1161895,548,913,16,1782725466,0
1161895,548,933,17,1782725499,0
1161895,548,986,18,1782725571,0
1161895,548,1031,19,1782725623,0
1161908,556,2281,24,1782723415,0
1161908,556,2287,25,1782723518,0
1161908,556,2238,26,1782723536,0
1161908,556,2204,999,1782723603,0
1161950,556,1894,18,1782723383,0
1161950,556,1865,19,1782723434,0
1161950,556,1848,20,1782723472,0
1161950,556,1774,21,1782723514,0
1161950,556,1727,22,1782723542,0
1161950,556,1674,23,1782723563,0
1161950,556,1613,24,1782723588,0
1161950,556,1594,25,1782723645,0
1161950,556,1580,26,1782723671,0
1161950,556,1543,27,1782723709,0
1161950,556,1504,28,1782723739,0
1161950,556,1475,29,1782723764,0
1161950,556,1425,30,1782723795,0
1161950,556,1428,31,1782723816,0
1161950,556,1436,32,1782723834,0
1161950,556,1443,999,1782723860,0
1161967,557,1418,1,1782723540,0
1161967,557,1342,2,1782723761,0
1161967,557,1320,3,1782723828,0
1161967,557,1315,4,1782723848,0
1161967,557,1312,5,1782723865,0
1161967,557,1308,6,1782723895,0
1161967,557,1285,7,1782723900,0
1161967,557,1226,8,1782723956,0
1161967,557,1207,9,1782723983,0
1161967,557,1201,10,1782724007,0
1161967,557,1199,11,1782724062,0
1161967,557,1196,12,1782724095,0
1161967,557,1195,13,1782724118,0
1161967,557,1203,14,1782724150,0
1161967,557,1234,15,1782724176,0
1161967,557,1270,16,1782724203,0
1161967,557,1346,17,1782724257,0
1161967,557,1438,18,1782724275,0
1161967,557,1481,19,1782724299,0
1161967,557,1523,20,1782724341,0
1161967,557,1545,21,1782724362,0
1161967,557,1577,22,1782724402,0
1161967,557,1597,23,1782724424,0
1161967,557,1686,24,1782724476,0
1161967,557,1723,25,1782724504,0
1161967,557,1662,26,1782724539,0
1161967,557,1589,27,1782724577,0
1161967,557,1587,28,1782724605,0
1161967,557,1592,29,1782724650,0
1161967,557,1595,30,1782724689,0
1161967,557,1596,31,1782724712,0
1161967,557,1670,32,1782724749,0
1161967,557,1730,33,1782724783,0
1161967,557,1780,34,1782724812,0
1161967,557,1849,35,1782724850,0
1161967,557,1870,36,1782724899,0
1161967,557,1896,37,1782724956,0
1161967,557,1957,38,1782725010,0
1161967,557,1970,39,1782725046,0
1161967,557,2003,40,1782725075,0
1161967,557,2051,41,1782725115,0
1161967,557,2108,42,1782725162,0
1161967,557,2160,43,1782725199,0
1161967,557,2194,44,1782725230,0
1161967,557,2281,45,1782725301,0
1161983,557,1232,40,1782723378,0
1161983,557,1204,41,1782723411,0
1161983,557,1197,42,1782723444,0
1161983,557,1193,43,1782723465,0
1161983,557,1198,44,1782723465,0
1161983,557,1202,45,1782723521,0
1161983,557,1209,46,1782723550,0
1161983,557,1246,47,1782723584,0
1161983,557,1291,48,1782723610,0
1161983,557,1311,49,1782723637,0
1161983,557,1313,50,1782723643,0
1161983,557,1316,51,1782723659,0
1161983,557,1322,52,1782723694,0
1161983,557,1336,53,1782723730,0
1161983,557,1418,999,1782723807,0
1162017,557,100083,5,1782723814,0
1162017,557,2197,6,1782723999,0
1162017,557,2260,7,1782724149,0
1162017,557,2304,8,1782724173,0
1162017,557,2319,9,1782724217,0
1162017,557,2255,10,1782724250,0
1162017,557,2195,11,1782724304,0
1162017,557,2163,12,1782724343,0
1162017,557,2111,13,1782724375,0
1162017,557,2047,14,1782724457,0
1162017,557,2007,15,1782724487,0
1162017,557,1974,16,1782724488,0
1162017,557,1953,17,1782724517,0
1162017,557,1894,18,1782724572,0
1162017,557,1865,19,1782724641,0
1162017,557,1848,20,1782724689,0
1162017,557,1774,21,1782724732,0
1162017,557,1727,22,1782724760,0
1162017,557,1674,23,1782724793,0
1162017,557,1613,24,1782724826,0
1162017,557,1594,25,1782724868,0
1162017,557,1590,26,1782724916,0
1162017,557,1586,27,1782724954,0
1162017,557,1593,28,1782724991,0
1162017,557,1663,29,1782725035,0
1162017,557,1722,30,1782725071,0
1162017,557,1689,31,1782725112,0
1162017,557,1604,32,1782725151,0
1162054,559S,1914,14,1782723368,0
1162054,559S,1910,15,1782723366,0
1162054,559S,1924,16,1782723397,0
1162054,559S,1894,17,1782723428,0
1162054,559S,1856,18,1782723460,0
1162054,559S,1771,19,1782723502,0
1162054,559S,1647,20,1782723558,0
1162054,559S,100499,21,1782723620,0
1162054,559S,100501,22,1782723644,0
1162054,559S,1670,23,1782723721,0
1162054,559S,1730,24,1782723746,0
1162054,559S,1780,25,1782723801,0
1162054,559S,1843,26,1782723838,0
1162054,559S,1833,27,1782723880,0
1162054,559S,1781,28,1782723913,0
1162054,559S,1738,29,1782723916,0
1162054,559S,1689,30,1782723951,0
1162054,559S,1604,31,1782723977,0
1162054,559S,1575,32,1782723994,0
1162054,559S,1535,33,1782724024,0
1162054,559S,1499,34,1782724043,0
1162054,559S,1458,35,1782724064,0
1162054,559S,1409,36,1782724103,0
1162054,559S,1416,37,1782724140,0
1162054,559S,100301,999,1782724161,0
1162067,560,515,47,1782723400,0
1162067,560,490,48,1782723467,0
1162067,560,461,49,1782723528,0
1162067,560,453,50,1782723574,0
1162067,560,460,51,1782723605,0
1162067,560,443,52,1782723637,0
1162067,560,429,53,1782723665,0
1162067,560,417,54,1782723740,0
1162067,560,415,55,1782723763,0
1162067,560,409,56,1782723781,0
1162067,560,100272,57,1782723827,0
1162067,560,100153,58,1782723884,0
1162067,560,100154,59,1782723926,0
1162067,560,100156,60,1782723951,0
1162067,560,359,61,1782724016,0
1162067,560,100345,62,1782724040,0
1162067,560,295,63,1782724085,0
1162067,560,283,64,1782724130,0
1162067,560,275,65,1782724162,0
1162067,560,269,66,1782724189,0
1162067,560,260,67,1782724228,0
1162067,560,252,68,1782724269,0
1162067,560,246,69,1782724336,0
1162067,560,235,70,1782724370,0
1162067,560,242,999,1782724445,0
1162097,560,1188,16,1782723530,0
1162097,560,1127,17,1782723572,0
1162097,560,6920,18,1782723623,0
1162097,560,1081,19,1782723651,0
1162097,560,1036,20,1782723673,0
1162097,560,1013,21,1782723752,0
1162097,560,1037,22,1782723808,0
1162097,560,100635,23,1782723887,0
1162097,560,977,24,1782723919,0
1162097,560,6927,25,1782723949,0
1162097,560,942,26,1782724009,0
1162097,560,869,27,1782724089,0
1162097,560,842,28,1782724120,0
1162097,560,814,29,1782724149,0
1162097,560,793,30,1782724164,0
1162097,560,766,31,1782724207,0
1162097,560,748,32,1782724217,0
1162097,560,728,33,1782724257,0
1162097,560,101697,34,1782724290,0
1162097,560,712,35,1782724312,0
1162097,560,676,36,1782724320,0
1162097,560,664,37,1782724363,0
1162097,560,650,38,1782724478,0
1162097,560,637,39,1782724504,0
1162097,560,623,40,1782724525,0
1162097,560,606,41,1782724574,0
1162097,560,589,42,1782724612,0
1162097,560,533,43,1782724674,0
1162097,560,517,44,1782724701,0
1162097,560,528,45,1782724746,0
1162097,560,101927,46,1782724815,0
1162097,560,515,47,1782724846,0
1162097,560,490,48,1782724882,0
1162097,560,461,49,1782724961,0
1162097,560,453,50,1782725002,0
1162097,560,460,51,1782725050,0
1162097,560,443,52,1782725088,0
1162097,560,429,53,1782725136,0
1162097,560,417,54,1782725198,0
1162097,560,415,55,1782725236,0
1162097,560,409,56,1782725279,0
1162103,560A,240,1,1782724200,0
1162103,560A,230,2,1782724246,0
1162103,560A,253,3,1782724343,0
1162103,560A,258,4,1782724390,0
1162103,560A,268,5,1782724465,0
1162103,560A,274,6,1782724531,0
1162103,560A,285,7,1782724607,0
1162103,560A,297,8,1782724678,0
1162103,560A,100346,9,1782724750,0
1162103,560A,356,10,1782724816,0
1162103,560A,100157,11,1782724863,0
1162103,560A,100155,12,1782724911,0
1162103,560A,100152,13,1782724991,0
1162103,560A,100273,14,1782725040,0
1162103,560A,410,15,1782725092,0
1162103,560A,416,16,1782725142,0
1162103,560A,418,17,1782725184,0
1162103,560A,430,18,1782725255,0
1162103,560A,444,19,1782725311,0
1162103,560A,466,20,1782725359,0
1162103,560A,452,21,1782725424,0
1162130,C2X,100065,7,1782723405,0
1162130,C2X,810,8,1782723484,0
1162130,C2X,792,9,1782723528,0
1162130,C2X,778,10,1782723550,0
1162130,C2X,6911,11,1782723568,0
1162130,C2X,745,12,1782723586,0
1162130,C2X,711,13,1782723625,0
1162130,C2X,693,14,1782723657,0
1162130,C2X,665,15,1782723688,0
1162130,C2X,100511,16,1782723727,0
1162130,C2X,100513,17,1782723778,0
1162130,C2X,100515,18,1782723819,0
1162130,C2X,595,19,1782723872,0
1162130,C2X,100289,20,1782723918,0
1162130,C2X,581,21,1782723968,0
1162130,C2X,620,22,1782724026,0
1162130,C2X,100226,23,1782724089,0
1162130,C2X,100859,24,1782724138,0
1162130,C2X,101699,25,1782724193,0
1162130,C2X,100229,26,1782724234,0
1162130,C2X,100231,999,1782724285,0
1162132,C2X,1393,5,1782723697,0
1162132,C2X,980,6,1782724162,0
1162132,C2X,100065,7,1782724350,0
1162132,C2X,810,8,1782724427,0
1162132,C2X,792,9,1782724475,0
1162132,C2X,778,10,1782724495,0
1162132,C2X,6911,11,1782724514,0
1162132,C2X,745,12,1782724532,0
1162132,C2X,711,13,1782724566,0
1162132,C2X,693,14,1782724596,0
1162132,C2X,665,15,1782724629,0
1162132,C2X,100511,999,1782724661,0
1162144,G40X,3463,13,1782723381,0
1162144,G40X,3452,14,1782723519,0
1162144,G40X,3441,15,1782723637,0
1162144,G40X,100083,16,1782724068,0
1162144,G40X,2217,17,1782724277,0
1162144,G40X,1397,18,1782724638,0
1162144,G40X,1342,19,1782724677,0
1162144,G40X,1266,20,1782724725,0
1162144,G40X,1212,21,1782724761,0
1162144,G40X,1130,22,1782724807,0
1162144,G40X,1065,23,1782724880,0
1162144,G40X,1034,24,1782724922,0
1162144,G40X,980,25,1782724998,0
1162144,G40X,940,26,1782725086,0
1162144,G40X,902,27,1782725132,0
1162151,G40X,816,29,1782723376,0
1162151,G40X,786,30,1782723434,0
1162151,G40X,771,31,1782723458,0
1162151,G40X,759,32,1782723485,0
1162151,G40X,775,33,1782723512,0
1162151,G40X,783,34,1782723553,0
1162151,G40X,100279,35,1782723584,0
1162151,G40X,805,36,1782723606,0
1162151,G40X,6912,37,1782723623,0
1162151,G40X,100250,38,1782723668,0
1162151,G40X,100808,39,1782723748,0
1162151,G40X,6914,40,1782723764,0
1162151,G40X,100065,41,1782723790,0
1162151,G40X,824,999,1782723891,0
1162152,G40X,1397,18,1782723614,0
1162152,G40X,1342,19,1782723855,0
1162152,G40X,1266,20,1782723921,0
1162152,G40X,1212,21,1782723957,0
1162152,G40X,1130,22,1782723984,0
1162152,G40X,1065,23,1782724061,0
1162152,G40X,1034,24,1782724095,0
1162152,G40X,980,25,1782724165,0
1162152,G40X,940,26,1782724223,0
1162152,G40X,902,27,1782724254,0
1162152,G40X,841,28,1782724327,0
1162152,G40X,816,29,1782724356,0
1162152,G40X,786,30,1782724401,0
1162152,G40X,771,31,1782724445,0
1162152,G40X,759,32,1782724479,0
1162152,G40X,775,33,1782724500,0
1162152,G40X,783,34,1782724520,0
1162152,G40X,100279,35,1782724579,0
1162152,G40X,805,36,1782724575,0
1162152,G40X,6912,37,1782724599,0
1162152,G40X,100250,38,1782724649,0
1162152,G40X,100808,39,1782724733,0
1162152,G40X,6914,40,1782724759,0
1162152,G40X,100065,41,1782724772,0
1162152,G40X,824,999,1782724882,0
1162157,J1,101727,31,1782723477,0
1162157,J1,3486,32,1782723510,0
1162157,J1,100700,33,1782723642,0
1162157,J1,6580,34,1782723736,0
1162157,J1,6583,35,1782723800,0
1162157,J1,3506,36,1782723896,0
1162157,J1,3541,37,1782723920,0
1162157,J1,3634,38,1782724023,0
1162157,J1,3641,39,1782724055,0
1162157,J1,3645,40,1782724089,0
1162157,J1,3650,41,1782724146,0
1162157,J1,3655,42,1782724175,0
1162157,J1,3659,43,1782724212,0
1162157,J1,3646,44,1782724280,0
1162157,J1,3653,45,1782724343,0
1162157,J1,100887,46,1782724374,0
1162157,J1,100221,47,1782724426,0
1162157,J1,100223,48,1782724595,0
1162157,J1,101541,49,1782724720,0
1162157,J1,3662,50,1782724760,0
1162157,J1,3679,51,1782724808,0
1162157,J1,3682,52,1782724943,0
1162157,J1,3685,53,1782724997,0
1162157,J1,100660,54,1782725044,0
1162163,J1,240,1,1782723660,0
1162163,J1,230,2,1782723713,0
1162163,J1,245,3,1782723809,0
1162163,J1,101782,4,1782724143,0
1162163,J1,100273,5,1782724276,0
1162163,J1,396,6,1782724466,0
1162163,J1,477,7,1782724554,0
1162163,J1,583,8,1782724651,0
1162163,J1,100888,9,1782724712,0
1162163,J1,6919,10,1782725012,0
1162163,J1,821,11,1782725063,0
1162163,J1,100066,12,1782725133,0
1162163,J1,779,13,1782725158,0
1162163,J1,100807,14,1782725215,0
1162163,J1,100491,15,1782725251,0
1162163,J1,913,16,1782725312,0
1162163,J1,933,17,1782725366,0
1162163,J1,986,18,1782725483,0
1162179,J1,2220,26,1782723666,0
1162179,J1,7297,27,1782723889,0
1162179,J1,3446,28,1782724337,0
1162179,J1,3457,29,1782724500,0
1162179,J1,3473,30,1782724587,0
1162179,J1,101727,31,1782724659,0
1162179,J1,3486,32,1782724699,0
1162179,J1,100700,33,1782724753,0
1162179,J1,6580,34,1782724954,0
1162179,J1,6583,35,1782725005,0
1162179,J1,3506,36,1782725064,0
1162179,J1,3541,37,1782725107,0
1162181,J1,100272,43,1782723381,0
1162181,J1,325,44,1782723551,0
1162181,J1,101696,45,1782723763,0
1162181,J1,235,46,1782723794,0
1162181,J1,242,999,1782723913,0
1162190,J1,101541,25,1782723457,0
1162190,J1,100886,26,1782723559,0
1162190,J1,3649,27,1782723590,0
1162190,J1,3638,28,1782723622,0
1162190,J1,3657,29,1782723696,0
1162190,J1,3651,30,1782723727,0
1162190,J1,3648,31,1782723773,0
1162190,J1,3640,32,1782723829,0
1162190,J1,3631,33,1782723870,0
1162190,J1,3626,34,1782723910,0
1162190,J1,3601,35,1782723985,0
1162190,J1,3544,36,1782724010,0
1162190,J1,3509,37,1782724040,0
1162190,J1,6579,38,1782724145,0
1162190,J1,6577,39,1782724173,0
1162190,J1,6576,40,1782724211,0
1162190,J1,100699,41,1782724288,0
1162190,J1,3484,42,1782724351,0
1162190,J1,3478,43,1782724478,0
1162190,J1,3463,44,1782724568,0
1162190,J1,3452,45,1782724738,0
1162190,J1,3441,46,1782724793,0
1162193,J1,100000,57,1782723407,0
1162193,J1,3892,58,1782723624,0
1162193,J1,100779,59,1782723659,0
1162193,J1,3898,60,1782723715,0
1162193,J1,3962,61,1782723754,0
1162193,J1,4005,62,1782723785,0
1162193,J1,4041,63,1782723812,0
1162193,J1,4091,64,1782723832,0
1162193,J1,100264,65,1782723874,0
1162193,J1,4185,66,1782723904,0
1162193,J1,4217,67,1782723932,0
1162193,J1,4334,68,1782723972,0
1162193,J1,4357,69,1782724008,0
1162193,J1,4378,70,1782724059,0
1162193,J1,4429,71,1782724101,0
1162193,J1,4447,72,1782724148,0
1162193,J1,4456,73,1782724182,0
1162193,J1,4504,74,1782724226,0
1162193,J1,4525,75,1782724290,0
1162193,J1,101544,999,1782724411,0
1162194,J1,101544,1,1782724560,0
1162194,J1,4432,2,1782724613,0
1162194,J1,4379,3,1782724658,0
1162194,J1,4360,4,1782724693,0
1162194,J1,4331,5,1782724734,0
1162194,J1,4229,6,1782724769,0
1162194,J1,4191,7,1782724797,0
1162206,J1,980,50,1782723385,0
1162206,J1,100065,51,1782723545,0
1162206,J1,823,52,1782723648,0
1162206,J1,6918,53,1782723830,0
1162206,J1,100889,54,1782724016,0
1162206,J1,580,55,1782724073,0
1162206,J1,483,56,1782724213,0
1162206,J1,397,57,1782724289,0
1162206,J1,100272,58,1782724412,0
1162206,J1,325,59,1782724565,0
1162206,J1,101696,60,1782724930,0
1162206,J1,235,61,1782724954,0
1162206,J1,242,999,1782725012,0
1162219,J1,100083,47,1782723871,0
1162219,J1,2217,48,1782724135,0
1162219,J1,1393,49,1782724457,0
1162219,J1,980,50,1782724817,0
1162219,J1,100065,51,1782725094,0
1162219,J1,823,52,1782725177,0
1162219,J1,6918,53,1782725220,0
1162232,J1G,823,999,1782723449,0
1162233,J1G,1393,34,1782723424,0
1162233,J1G,980,35,1782723873,0
1162233,J1G,100065,36,1782724035,0
1162233,J1G,823,999,1782724135,0
1162249,J2,6579,30,1782723427,0
1162249,J2,6577,31,1782723455,0
1162249,J2,6576,32,1782723493,0
1162249,J2,100699,33,1782723574,0
1162249,J2,3484,34,1782723639,0
1162249,J2,3478,35,1782723767,0
1162249,J2,3463,36,1782723881,0
1162249,J2,3452,37,1782724008,0
1162249,J2,3441,38,1782724162,0
1162249,J2,100083,39,1782724707,0
1162249,J2,2217,40,1782724887,0
1162249,J2,1393,41,1782725247,0
1162254,J2,3682,63,1782723401,0
1162254,J2,3685,64,1782723429,0
1162254,J2,3707,65,1782723480,0
1162254,J2,3719,66,1782723525,0
1162254,J2,3730,67,1782723555,0
1162254,J2,3741,68,1782723598,0
1162254,J2,3810,69,1782723636,0
1162254,J2,3807,70,1782723689,0
1162254,J2,3868,71,1782723731,0
1162254,J2,3893,72,1782723781,0
1162254,J2,100727,73,1782723801,0
1162254,J2,100003,74,1782723830,0
1162254,J2,101542,999,1782723996,0
1162257,J2,3702,11,1782723393,0
1162257,J2,3683,12,1782723475,0
1162257,J2,3680,13,1782723506,0
1162257,J2,3677,14,1782723599,0
1162257,J2,100221,15,1782723703,0
1162257,J2,100223,16,1782723832,0
1162257,J2,101541,17,1782724096,0
1162257,J2,100886,18,1782724193,0
1162257,J2,3649,19,1782724230,0
1162257,J2,3638,20,1782724256,0
1162257,J2,3657,21,1782724333,0
1162257,J2,3651,22,1782724363,0
1162257,J2,3648,23,1782724408,0
1162257,J2,3640,24,1782724451,0
1162257,J2,3631,25,1782724458,0
1162257,J2,3626,26,1782724506,0
1162257,J2,3601,27,1782724564,0
1162257,J2,3544,28,1782724585,0
1162257,J2,3509,29,1782724644,0
1162257,J2,6579,30,1782724693,0
1162257,J2,6577,31,1782724726,0
1162257,J2,6576,32,1782724772,0
1162257,J2,100699,33,1782724908,0
1162257,J2,3484,34,1782724950,0
1162257,J2,3478,35,1782725009,0
1162257,J2,3463,36,1782725139,0
1162282,J2,3446,39,1782723819,0
1162282,J2,3457,40,1782723962,0
1162282,J2,3473,41,1782724101,0
1162282,J2,101727,42,1782724194,0
1162282,J2,3486,43,1782724239,0
1162282,J2,100700,44,1782724309,0
1162282,J2,6580,45,1782724411,0
1162282,J2,6583,46,1782724472,0
1162282,J2,3506,47,1782724539,0
1162282,J2,3541,48,1782724588,0
1162282,J2,3634,49,1782724665,0
1162282,J2,3641,50,1782724720,0
1162282,J2,3645,51,1782724798,0
1162282,J2,3650,52,1782724869,0
1162282,J2,3655,53,1782724920,0
1162282,J2,3659,54,1782724960,0
1162282,J2,3646,55,1782725033,0
1162282,J2,3653,56,1782725091,0
1162287,J2G,787,13,1782723393,0
1162287,J2G,100286,14,1782723430,0
1162287,J2G,703,15,1782723456,0
1162287,J2G,752,16,1782723475,0
1162287,J2G,101764,17,1782723493,0
1162287,J2G,760,18,1782723507,0
1162287,J2G,692,19,1782723523,0
1162287,J2G,800,20,1782723539,0
1162287,J2G,812,21,1782723559,0
1162287,J2G,821,22,1782723652,0
1162287,J2G,100066,23,1782723837,0
1162287,J2G,779,24,1782723847,0
1162287,J2G,100807,25,1782723887,0
1162287,J2G,100491,26,1782723913,0
1162287,J2G,913,27,1782723972,0
1162287,J2G,933,28,1782723996,0
1162287,J2G,986,29,1782724072,0
1162287,J2G,1031,30,1782724143,0
1162287,J2G,1067,31,1782724166,0
1162287,J2G,1133,32,1782724191,0
1162287,J2G,1206,33,1782724246,0
1162287,J2G,1255,34,1782724295,0
1162287,J2G,1336,35,1782724370,0
1162287,J2G,1429,36,1782724437,0
1162287,J2G,2220,37,1782724797,0
1162287,J2G,7297,38,1782724977,0
1162315,M44,3614,28,1782723382,0
1162315,M44,3686,29,1782723456,0
1162315,M44,3771,30,1782723543,0
1162315,M44,3816,31,1782723566,0
1162315,M44,3897,32,1782723638,0
1162315,M44,3937,33,1782723676,0
1162315,M44,3983,34,1782723718,0
1162315,M44,4048,35,1782723776,0
1162315,M44,4071,36,1782723819,0
1162315,M44,4117,37,1782723857,0
1162315,M44,4148,38,1782723880,0
1162315,M44,4167,39,1782723916,0
1162315,M44,4259,40,1782724039,0
1162315,M44,4336,41,1782724099,0
1162315,M44,4387,42,1782724118,0
1162315,M44,4423,43,1782724164,0
1162315,M44,4490,44,1782724211,0
1162315,M44,4519,45,1782724276,0
1162315,M44,4564,46,1782724321,0
1162315,M44,4607,47,1782724356,0
1162315,M44,4651,48,1782724370,0
1162315,M44,4702,49,1782724426,0
1162315,M44,4766,50,1782724517,0
1162315,M44,4819,51,1782724574,0
1162315,M44,4890,52,1782724686,0
1162315,M44,4943,53,1782724771,0
1162315,M44,4961,54,1782724807,0
1162315,M44,5002,55,1782724880,0
1162315,M44,5026,56,1782724956,0
1162315,M44,5050,57,1782724998,0
1162351,M44,3995,25,1782723415,0
1162351,M44,3952,26,1782723440,0
1162351,M44,3903,27,1782723493,0
1162351,M44,3822,28,1782723557,0
1162351,M44,3760,29,1782723646,0
1162351,M44,3667,30,1782723708,0
1162351,M44,3613,31,1782723736,0
1162351,M44,3559,32,1782723773,0
1162351,M44,3484,33,1782723881,0
1162351,M44,3478,34,1782723971,0
1162351,M44,3463,35,1782724048,0
1162351,M44,3452,36,1782724231,0
1162351,M44,3441,37,1782724348,0
1162351,M44,100083,38,1782724893,0
1162351,M44,2217,39,1782725073,0
1162354,M44,5100,999,1782723491,0
1162355,M44,5100,1,1782724020,0
1162355,M44,5045,2,1782724078,0
1162355,M44,5023,3,1782724143,0
1162355,M44,5004,4,1782724168,0
1162355,M44,4959,5,1782724203,0
1162355,M44,4944,6,1782724250,0
1162355,M44,4895,7,1782724329,0
1162355,M44,4817,8,1782724398,0
1162355,M44,4768,9,1782724440,0
1162355,M44,4735,10,1782724472,0
1162355,M44,4655,11,1782724556,0
1162355,M44,4604,12,1782724610,0
1162355,M44,4566,13,1782724633,0
1162355,M44,4526,14,1782724678,0
1162355,M44,4481,15,1782724715,0
1162355,M44,4424,16,1782724779,0
1162355,M44,4388,17,1782724822,0
1162355,M44,4339,18,1782724860,0
1162355,M44,4257,19,1782724913,0
1162355,M44,4166,20,1782725031,0
1162355,M44,4147,21,1782725032,0
1162355,M44,4115,22,1782725068,0
1162355,M44,4079,23,1782725139,0
1162355,M44,4053,24,1782725199,0
1162355,M44,3995,25,1782725256,0
1162355,M44,3952,26,1782725302,0
1162355,M44,3903,27,1782725361,0
1162355,M44,3822,28,1782725460,0
1162355,M44,3760,29,1782725518,0
1162358,M44,4895,7,1782723434,0
1162358,M44,4817,8,1782723482,0
1162358,M44,4768,9,1782723512,0
1162358,M44,4735,10,1782723542,0
1162358,M44,4655,11,1782723637,0
1162358,M44,4604,12,1782723690,0
1162358,M44,4566,13,1782723728,0
1162358,M44,4526,14,1782723752,0
1162358,M44,4481,15,1782723824,0
1162358,M44,4424,16,1782723860,0
1162358,M44,4388,17,1782723905,0
1162358,M44,4339,18,1782723938,0
1162358,M44,4257,19,1782724004,0
1162358,M44,4166,20,1782724118,0
1162358,M44,4147,21,1782724151,0
1162358,M44,4115,22,1782724180,0
1162358,M44,4079,23,1782724231,0
1162358,M44,4053,24,1782724277,0
1162358,M44,3995,25,1782724346,0
1162358,M44,3952,26,1782724374,0
1162358,M44,3903,27,1782724427,0
1162358,M44,3822,28,1782724492,0
1162358,M44,3760,29,1782724550,0
1162358,M44,3667,30,1782724675,0
1162358,M44,3613,31,1782724715,0
1162358,M44,3559,32,1782724761,0
1162358,M44,3484,33,1782724845,0
1162358,M44,3478,34,1782724912,0
1162358,M44,3463,35,1782725042,0
1162363,M44,1449,18,1782723423,0
1162363,M44,1429,19,1782723571,0
1162363,M44,2220,20,1782723941,0
1162363,M44,7297,21,1782724117,0
1162363,M44,3446,22,1782724576,0
1162363,M44,3457,23,1782724638,0
1162363,M44,3473,24,1782724733,0
1162363,M44,101727,25,1782724812,0
1162363,M44,3486,26,1782724856,0
1162363,M44,3563,27,1782724937,0
1162363,M44,3614,28,1782724999,0
1162363,M44,3686,29,1782725064,0
1162363,M44,3771,30,1782725188,0
1162365,M44,822,1,1782724606,0
1162365,M44,100256,2,1782724674,0
1162365,M44,900,3,1782724735,0
1162365,M44,922,4,1782724760,0
1162365,M44,939,5,1782724804,0
1162365,M44,946,6,1782724846,0
1162365,M44,969,7,1782724872,0
1162365,M44,985,8,1782724901,0
1162365,M44,1007,9,1782724933,0
1162365,M44,1028,10,1782724966,0
1162365,M44,1049,11,1782725030,0
1162365,M44,1092,12,1782725086,0
1162365,M44,1187,13,1782725156,0
1162374,M44,3473,24,1782723397,0
1162374,M44,101727,25,1782723486,0
1162374,M44,3486,26,1782723578,0
1162374,M44,3563,27,1782723672,0
1162374,M44,3614,28,1782723736,0
1162374,M44,3686,29,1782723769,0
1162374,M44,3771,30,1782723875,0
1162374,M44,3816,31,1782723898,0
1162374,M44,3897,32,1782723966,0
1162374,M44,3937,33,1782724004,0
1162374,M44,3983,34,1782724048,0
1162374,M44,4048,35,1782724108,0
1162374,M44,4071,36,1782724151,0
1162374,M44,4117,37,1782724189,0
1162374,M44,4148,38,1782724211,0
1162374,M44,4167,39,1782724246,0
1162374,M44,4259,40,1782724362,0
1162374,M44,4336,41,1782724410,0
1162374,M44,4387,42,1782724463,0
1162374,M44,4423,43,1782724488,0
1162374,M44,4490,44,1782724524,0
1162374,M44,4519,45,1782724560,0
1162374,M44,4564,46,1782724603,0
1162374,M44,4607,47,1782724637,0
1162374,M44,4651,48,1782724685,0
1162374,M44,4702,49,1782724741,0
1162374,M44,4766,50,1782724832,0
1162374,M44,4819,51,1782724889,0
1162374,M44,4890,52,1782725001,0
1162374,M44,4943,53,1782725086,0
1162374,M44,4961,54,1782725122,0
1162374,M44,5002,55,1782725195,0
1162390,M44,1248,44,1782723374,0
1162390,M44,1225,45,1782723414,0
1162390,M44,1192,46,1782723451,0
1162390,M44,1100,47,1782723544,0
1162390,M44,1060,48,1782723595,0
1162390,M44,1043,49,1782723630,0
1162390,M44,1015,50,1782723670,0
1162390,M44,989,51,1782723710,0
1162390,M44,971,52,1782723762,0
1162390,M44,955,53,1782723797,0
1162390,M44,938,54,1782723836,0
1162390,M44,928,55,1782723875,0
1162390,M44,906,56,1782723905,0
1162390,M44,884,57,1782723950,0
1162390,M44,890,58,1782723982,0
1162390,M44,6914,59,1782724028,0
1162390,M44,100065,60,1782724056,0
1162390,M44,822,999,1782724156,0
1162395,M44,1393,40,1782723717,0
1162395,M44,1452,41,1782724016,0
1162395,M44,1321,42,1782724140,0
1162395,M44,1290,43,1782724224,0
1162395,M44,1248,44,1782724254,0
1162395,M44,1225,45,1782724292,0
1162395,M44,1192,46,1782724338,0
1162395,M44,1100,47,1782724410,0
1162395,M44,1060,48,1782724459,0
1162395,M44,1043,49,1782724493,0
1162395,M44,1015,50,1782724543,0
1162395,M44,989,51,1782724580,0
1162395,M44,971,52,1782724611,0
1162395,M44,955,53,1782724647,0
1162395,M44,938,54,1782724671,0
1162395,M44,928,55,1782724741,0
1162395,M44,906,56,1782724771,0
1162395,M44,100255,57,1782724857,0
1162395,M44,822,999,1782724965,0
1162407,M44,3441,37,1782723410,0
1162407,M44,100083,38,1782723877,0
1162407,M44,2217,39,1782724065,0
1162407,M44,1393,40,1782724427,0
1162407,M44,1452,41,1782724712,0
1162407,M44,1321,42,1782724814,0
1162407,M44,1290,43,1782724899,0
1162407,M44,1248,44,1782724955,0
1162407,M44,1225,45,1782724999,0
1162407,M44,1192,46,1782725047,0
1162407,M44,1100,47,1782725115,0
1162407,M44,1060,48,1782725194,0
1162407,M44,1043,49,1782725230,0
1162407,M44,1015,50,1782725285,0
1162407,M44,989,51,1782725334,0
1162407,M44,971,52,1782725363,0
1162407,M44,955,53,1782725395,0
1162436,202,1381,1,1782724558,0
1162436,202,101254,2,1782724651,0
1162436,202,101252,3,1782724676,0
1162436,202,101250,4,1782724716,0
1162436,202,101248,5,1782724747,0
1162436,202,101246,6,1782724819,0
1162436,202,100817,7,1782724867,0
1162436,202,100523,8,1782724912,0
1162436,202,1516,9,1782724961,0
1162436,202,1541,10,1782724997,0
1162436,202,1572,11,1782725056,0
1162436,202,1630,12,1782725101,0
1162460,202F,3171,11,1782723420,0
1162460,202F,3162,12,1782723450,0
1162460,202F,3145,13,1782723479,0
1162460,202F,3102,14,1782723515,0
1162460,202F,3066,15,1782723544,0
1162460,202F,2982,16,1782723599,0
1162460,202F,2929,17,1782723625,0
1162460,202F,2885,18,1782723650,0
1162460,202F,2790,19,1782723749,0
1162460,202F,2730,20,1782723790,0
1162460,202F,2661,21,1782723822,0
1162460,202F,2641,22,1782723852,0
1162460,202F,2498,23,1782723886,0
1162460,202F,2433,24,1782723994,0
1162460,202F,2300,25,1782724044,0
1162460,202F,2240,26,1782724141,0
1162460,202F,2166,27,1782724186,0
1162460,202F,2103,28,1782724221,0
1162460,202F,2023,29,1782724271,0
1162460,202F,1978,30,1782724301,0
1162460,202F,1919,31,1782724349,0
1162460,202F,1789,32,1782724404,0
1162460,202F,1734,33,1782724450,0
1162460,202F,1623,34,1782724567,0
1162460,202F,1585,35,1782724583,0
1162460,202F,1531,36,1782724646,0
1162460,202F,1506,37,1782724683,0
1162460,202F,100522,38,1782724740,0
1162460,202F,100816,39,1782724790,0
1162460,202F,101245,40,1782724846,0
1162460,202F,101247,41,1782724915,0
1162460,202F,101249,42,1782724951,0
1162460,202F,101251,43,1782724993,0
1162460,202F,101253,44,1782725029,0
1162460,202F,1376,999,1782725136,0
1162466,202F,3592,1,1782724428,0
1162466,202F,3578,2,1782724552,0
1162466,202F,3572,3,1782724639,0
1162466,202F,3566,4,1782724728,0
1162466,202F,3565,5,1782724772,0
1162466,202F,6456,6,1782724883,0
1162466,202F,6448,7,1782724968,0
1162466,202F,3413,8,1782724995,0
683691,BEL,6717,14,1782723395,0
683691,BEL,6665,999,1782723635,0
683692,BEL,6685,6,1782723495,0
683692,BEL,6711,7,1782723863,0
683692,BEL,6740,8,1782723980,0
683692,BEL,6718,9,1782724135,0
683692,BEL,6741,10,1782724293,0
683692,BEL,101629,11,1782724380,0
683692,BEL,6697,12,1782724469,0
683692,BEL,101012,13,1782724583,0
683692,BEL,6717,14,1782724700,0
683692,BEL,6665,999,1782724940,0
683736,BEL,101481,999,1782723406,0
683738,BEL,101494,3,1782723539,0
683738,BEL,101491,4,1782723644,0
683738,BEL,101630,5,1782723765,0
683738,BEL,101490,6,1782723885,0
683738,BEL,101489,7,1782724059,0
683738,BEL,101488,8,1782724274,0
683738,BEL,101487,9,1782724417,0
683738,BEL,101486,10,1782724739,0
683738,BEL,101485,11,1782725039,0
683738,BEL,101484,12,1782725159,0
683738,BEL,101483,13,1782725279,0
683738,BEL,101482,14,1782725399,0
683738,BEL,101481,999,1782725519,0
683980,SEAFRD,6665,999,1782723825,0
683981,FLNDRS,6717,10,1782723495,0
683981,FLNDRS,6665,999,1782723729,0
683982,SEAFRD,6668,16,1782723426,0
683982,SEAFRD,6745,17,1782723544,0
683982,SEAFRD,6686,18,1782723701,0
683982,SEAFRD,6689,19,1782723782,0
683982,SEAFRD,6677,20,1782723864,0
683982,SEAFRD,6697,21,1782723981,0
683982,SEAFRD,101012,22,1782724106,0
683982,SEAFRD,6717,23,1782724241,0
683982,SEAFRD,6665,999,1782724481,0
683983,SEAFRD,6712,9,1782723444,0
683983,SEAFRD,6734,10,1782723555,0
683983,SEAFRD,6672,11,1782723681,0
683983,SEAFRD,6701,12,1782723829,0
683983,SEAFRD,6742,13,1782723903,0
683983,SEAFRD,6725,14,1782724021,0
683983,SEAFRD,6714,15,1782724150,0
683983,SEAFRD,6668,16,1782724240,0
683983,SEAFRD,6745,17,1782724351,0
683983,SEAFRD,6665,999,1782725011,0
683985,FLNDRS,101842,1,1782724020,0
683985,FLNDRS,6678,2,1782724140,0
683985,FLNDRS,6719,3,1782724260,0
683985,FLNDRS,6745,4,1782724500,0
683985,FLNDRS,6686,5,1782724620,0
683985,FLNDRS,6689,6,1782724680,0
683985,FLNDRS,6677,7,1782724800,0
683985,FLNDRS,6697,8,1782724980,0
683985,FLNDRS,101012,9,1782725040,0
683985,FLNDRS,6717,10,1782725220,0
683985,FLNDRS,6665,999,1782725447,0
684086,SEAFRD,101587,15,1782723380,0
684086,SEAFRD,101589,999,1782723543,0
684087,SEAFRD,101511,13,1782723518,0
684087,SEAFRD,101512,14,1782723658,0
684087,SEAFRD,101514,15,1782723980,0
684087,SEAFRD,101515,16,1782724092,0
684087,SEAFRD,101587,17,1782724338,0
684087,SEAFRD,101589,999,1782724493,0
684089,SEAFRD,101504,7,1782723576,0
684089,SEAFRD,101505,8,1782723692,0
684089,SEAFRD,101506,9,1782723838,0
684089,SEAFRD,101507,10,1782723969,0
684089,SEAFRD,101511,11,1782724380,0
684089,SEAFRD,101512,12,1782724521,0
684089,SEAFRD,101513,13,1782724761,0
684089,SEAFRD,101515,14,1782725001,0
684089,SEAFRD,101587,15,1782725181,0
684089,SEAFRD,101589,999,1782725301,0
924660,GRNG,6746,5,1782723379,0
924660,GRNG,6747,6,1782723481,0
924660,GRNG,6706,7,1782723568,0
924660,GRNG,6743,8,1782723681,0
924660,GRNG,6680,9,1782723782,0
924660,GRNG,6671,10,1782723921,0
924660,GRNG,6665,999,1782724153,0
924662,PTDOCK,102182,1,1782723600,0
924662,PTDOCK,6667,2,1782723771,0
924662,PTDOCK,6674,3,1782723880,0
924662,PTDOCK,101593,4,1782723957,0
924662,PTDOCK,6746,5,1782724075,0
924662,PTDOCK,6747,6,1782724172,0
924662,PTDOCK,6706,7,1782724285,0
924662,PTDOCK,6743,8,1782724396,0
924662,PTDOCK,6680,9,1782724497,0
924662,PTDOCK,6671,10,1782724634,0
924662,PTDOCK,6665,999,1782724866,0
924664,GRNG,6698,1,1782724845,0
924664,GRNG,6684,2,1782724905,0
924664,GRNG,6735,3,1782725025,0
924664,GRNG,6666,4,1782725145,0
924664,GRNG,6746,5,1782725325,0
924664,GRNG,6747,6,1782725385,0
924664,GRNG,6706,7,1782725505,0
924786,GRNG,101359,6,1782723450,0
924786,GRNG,101361,7,1782723581,0
924786,GRNG,101363,8,1782723780,0
924786,GRNG,101366,9,1782723919,0
924786,GRNG,101368,10,1782724078,0
924786,GRNG,101474,999,1782724245,0
924787,OSBORN,101361,2,1782723661,0
924787,OSBORN,101594,3,1782723801,0
924787,OSBORN,101370,4,1782723866,0
924787,OSBORN,101372,5,1782723983,0
924787,OSBORN,101374,6,1782724148,0
924787,OSBORN,101376,7,1782724292,0
924787,OSBORN,101378,8,1782724412,0
924787,OSBORN,101380,9,1782724532,0
924787,OSBORN,101382,10,1782724652,0
924787,OSBORN,101383,11,1782724735,0
924787,OSBORN,101385,12,1782724832,0
924787,OSBORN,101388,13,1782724952,0
924787,OSBORN,101390,14,1782725012,0
924787,OSBORN,101392,999,1782725132,0
925303,681,5692,46,1782723386,0
925303,681,5684,47,1782723424,0
925303,681,100878,48,1782723471,0
925303,681,101396,49,1782723612,0
925303,681,5711,50,1782723640,0
925303,681,5743,51,1782723667,0
925303,681,5717,52,1782723688,0
925303,681,5696,53,1782723713,0
925303,681,5700,999,1782723801,0
925317,681,5127,42,1782723377,0
925317,681,5124,43,1782723410,0
925317,681,5122,44,1782723432,0
925317,681,5118,45,1782723478,0
925317,681,5115,46,1782723506,0
925317,681,5105,47,1782723684,0
925317,681,5104,48,1782723702,0
925317,681,5099,49,1782723723,0
925317,681,5093,50,1782723815,0
925317,681,5084,51,1782723869,0
925317,681,5130,52,1782724018,0
925317,681,5188,53,1782724057,0
925317,681,100425,999,1782724128,0
925321,681,5695,4,1782723389,0
925321,681,5718,5,1782723416,0
925321,681,5726,6,1782723442,0
925321,681,5744,7,1782723486,0
925321,681,5725,8,1782723505,0
925321,681,100877,9,1782723539,0
925321,681,5678,10,1782723669,0
925321,681,5686,11,1782723678,0
925321,681,5675,12,1782723720,0
925321,681,5633,13,1782723770,0
925321,681,5616,14,1782723837,0
925321,681,5610,15,1782723836,0
925321,681,5591,16,1782723855,0
925321,681,5581,17,1782723902,0
925321,681,5553,18,1782723940,0
925321,681,5539,19,1782723993,0
925321,681,5523,20,1782724024,0
925321,681,5519,21,1782724066,0
925321,681,5533,22,1782724085,0
925321,681,5549,23,1782724107,0
925321,681,5567,24,1782724113,0
925321,681,5571,25,1782724166,0
925321,681,5568,26,1782724203,0
925321,681,5575,27,1782724241,0
925321,681,5551,28,1782724272,0
925321,681,5528,29,1782724294,0
925321,681,5490,30,1782724399,0
925321,681,6962,31,1782724496,0
925321,681,6961,32,1782724532,0
925321,681,5382,33,1782724609,0
925321,681,5363,34,1782724645,0
925321,681,5345,35,1782724672,0
925321,681,5334,36,1782724707,0
925321,681,5310,37,1782724749,0
925321,681,5273,38,1782724781,0
925321,681,5232,39,1782724842,0
925321,681,5135,40,1782724879,0
925321,681,5133,41,1782724915,0
925321,681,5127,42,1782724964,0
925321,681,5124,43,1782725014,0
925321,681,5122,44,1782725047,0
925321,681,5118,45,1782725084,0
925321,681,5115,46,1782725120,0
925340,681A,5700,1,1782726540,0
925340,681A,6969,2,1782726567,0
925340,681A,5683,3,1782726605,0
925340,681A,5695,4,1782726648,0
925340,681A,5718,5,1782726683,0
925340,681A,5726,6,1782726722,0
925340,681A,5744,7,1782726765,0
925340,681A,5725,8,1782726805,0
925340,681A,100877,9,1782726840,0
925340,681A,5678,10,1782726867,0
925340,681A,5686,11,1782726906,0
925340,681A,5675,12,1782726948,0
925340,681A,5633,13,1782726998,0
925340,681A,5616,14,1782727021,0
925340,681A,5610,15,1782727064,0
925340,681A,5591,16,1782727083,0
925340,681A,5581,17,1782727130,0
925340,681A,5553,18,1782727168,0
925340,681A,5539,19,1782727221,0
925340,681A,5523,20,1782727253,0
925340,681A,5519,21,1782727286,0
925340,681A,5533,22,1782727311,0
925340,681A,5549,23,1782727335,0
925340,681A,5567,24,1782727372,0
925340,681A,5571,25,1782727425,0
925340,681A,5568,26,1782727466,0
925340,681A,5575,999,1782727500,0
925366,682,7312,1,1782724440,0
925366,682,5756,2,1782724481,0
925366,682,5758,3,1782724527,0
925366,682,5727,4,1782724574,0
925366,682,6964,5,1782724628,0
925366,682,5723,6,1782724680,0
925366,682,5731,7,1782724725,0
925376,682,5687,9,1782723366,0
925376,682,5652,10,1782723405,0
925376,682,5645,11,1782723443,0
925376,682,5619,12,1782723472,0
925376,682,5601,13,1782723504,0
925376,682,5586,14,1782723542,0
925376,682,5602,15,1782723574,0
925376,682,5613,16,1782723604,0
925376,682,5629,17,1782723640,0
925376,682,6965,18,1782723671,0
925376,682,5688,19,1782723747,0
925376,682,5673,20,1782723777,0
925376,682,100878,21,1782723818,0
925376,682,5678,22,1782723934,0
925376,682,5686,23,1782723963,0
925376,682,5706,24,1782723993,0
925376,682,5740,25,1782724028,0
925376,682,5743,26,1782724087,0
925376,682,5717,27,1782724106,0
925376,682,5696,28,1782724128,0
925376,682,5700,999,1782724197,0
925390,682,5700,1,1782723900,0
925390,682,6969,2,1782723933,0
925390,682,5683,3,1782723979,0
925390,682,5695,4,1782724032,0
925390,682,5718,5,1782724032,0
925390,682,5720,6,1782724105,0
925390,682,5677,7,1782724108,0
925390,682,5692,8,1782724145,0
925390,682,5684,9,1782724183,0
925390,682,100877,10,1782724226,0
925390,682,5679,11,1782724360,0
925390,682,5672,12,1782724387,0
925390,682,6966,13,1782724462,0
925390,682,5612,14,1782724534,0
925390,682,5611,15,1782724573,0
925390,682,5603,16,1782724589,0
925390,682,5587,17,1782724644,0
925390,682,5596,18,1782724672,0
925390,682,5622,19,1782724741,0
925390,682,5666,20,1782724788,0
925390,682,5667,21,1782724817,0
925390,682,5690,22,1782724852,0
925390,682,5709,23,1782724893,0
925390,682,5738,24,1782724940,0
925390,682,5728,25,1782725001,0
925390,682,5713,26,1782725049,0
925390,682,5716,27,1782725081,0
925390,682,5754,28,1782725138,0
925390,682,7312,999,1782725206,0
925410,682,5690,22,1782723373,0
925410,682,5709,23,1782723396,0
925410,682,5738,24,1782723443,0
925410,682,5728,25,1782723501,0
925410,682,5713,26,1782723551,0
925410,682,5716,27,1782723594,0
925410,682,5754,28,1782723667,0
925410,682,7312,999,1782723725,0
925411,682,5700,1,1782724680,0
925411,682,6969,2,1782724713,0
925411,682,5683,3,1782724759,0
925411,682,5695,4,1782724812,0
925411,682,5718,5,1782724855,0
925411,682,5720,6,1782724885,0
925411,682,5677,7,1782724923,0
925411,682,5692,8,1782724959,0
925411,682,5684,9,1782724997,0
925411,682,100877,10,1782725040,0
925411,682,5679,11,1782725075,0
925411,682,5672,12,1782725102,0
925411,682,6966,13,1782725177,0
925411,682,5612,14,1782725285,0
925424,683,5700,1,1782724197,0
925424,683,5730,2,1782724257,0
925424,683,5734,3,1782724275,0
925424,683,5746,4,1782724337,0
925424,683,5768,5,1782724386,0
925424,683,5779,6,1782724447,0
925424,683,5808,7,1782724507,0
925424,683,5828,8,1782724570,0
925424,683,5835,999,1782724625,0
925694,725,6206,1,1782723660,0
925694,725,6200,2,1782723708,0
925694,725,6186,3,1782723745,0
925694,725,6166,4,1782723773,0
925694,725,6140,5,1782723812,0
925694,725,6128,6,1782723852,0
925694,725,6119,7,1782723880,0
925694,725,6102,8,1782723911,0
925694,725,6092,9,1782723939,0
925694,725,6088,10,1782723989,0
925694,725,6085,11,1782724144,0
925694,725,6082,12,1782724059,0
925694,725,6080,13,1782724095,0
925694,725,6077,14,1782724128,0
925694,725,6053,15,1782724162,0
925694,725,6043,16,1782724213,0
925694,725,6029,17,1782724294,0
925694,725,6014,18,1782724275,0
925694,725,6004,19,1782724296,0
925694,725,5984,20,1782724329,0
925694,725,5978,21,1782724409,0
925694,725,5973,22,1782724427,0
925694,725,5951,23,1782724426,0
925694,725,5934,24,1782724457,0
925694,725,5932,25,1782724500,0
925694,725,100266,26,1782724567,0
925694,725,5899,27,1782724620,0
925694,725,5888,28,1782724674,0
925694,725,5877,29,1782724734,0
925694,725,100831,30,1782724804,0
925694,725,5865,31,1782724852,0
925694,725,5862,32,1782724919,0
925694,725,5861,33,1782724981,0
925694,725,100011,999,1782725040,0
925696,725,5951,23,1782723408,0
925696,725,100266,26,1782723404,0
925696,725,5899,27,1782723429,0
925696,725,5888,28,1782723470,0
925696,725,5877,29,1782723492,0
925696,725,100831,30,1782723518,0
925696,725,5865,31,1782723542,0
925696,725,5862,32,1782723567,0
925696,725,5861,33,1782723606,0
925696,725,100011,999,1782723678,0
925709,725,6206,1,1782725580,0
925709,725,6200,2,1782725628,0
925709,725,6186,3,1782725665,0
925709,725,6166,4,1782725693,0
925709,725,6140,5,1782725732,0
925709,725,6128,6,1782725772,0
925709,725,6119,7,1782725800,0
925719,725,6032,18,1782723391,0
925719,725,6048,19,1782723420,0
925719,725,6054,20,1782723443,0
925719,725,6079,21,1782723484,0
925719,725,6083,22,1782723528,0
925719,725,6087,23,1782723550,0
925719,725,6089,24,1782723568,0
925719,725,6093,25,1782723603,0
925719,725,6104,26,1782723629,0
925719,725,6121,27,1782723654,0
925719,725,6127,28,1782723688,0
925719,725,6135,29,1782723711,0
925719,725,6161,30,1782723761,0
925719,725,6191,31,1782723899,0
925719,725,6199,32,1782723947,0
925719,725,6208,999,1782724037,0
925724,725,100011,1,1782724560,0
925724,725,5863,2,1782724851,0
925724,725,5864,3,1782724878,0
925724,725,5866,4,1782724906,0
925724,725,5869,5,1782724939,0
925724,725,5875,6,1782724971,0
925724,725,5885,7,1782725000,0
925724,725,5900,8,1782725044,0
925724,725,100265,9,1782725078,0
925724,725,5933,10,1782725114,0
925724,725,5936,11,1782725143,0
925724,725,5949,12,1782725172,0
925724,725,5972,13,1782725227,0
925724,725,5980,14,1782725266,0
925724,725,5986,15,1782725292,0
925724,725,6007,16,1782725330,0
925724,725,6015,17,1782725357,0
925724,725,6032,18,1782725394,0
925724,725,6048,19,1782725452,0
925774,733,5988,31,1782723430,0
925774,733,5983,32,1782723464,0
925774,733,5971,33,1782723513,0
925774,733,5965,34,1782723545,0
925774,733,5945,35,1782723569,0
925774,733,5922,36,1782723596,0
925774,733,5909,37,1782723654,0
925774,733,5889,38,1782723693,0
925774,733,5878,39,1782723732,0
925774,733,5873,40,1782723754,0
925774,733,5855,41,1782723786,0
925774,733,5836,42,1782723827,0
925774,733,5820,43,1782723880,0
925774,733,5816,44,1782723890,0
925774,733,5805,45,1782723916,0
925774,733,5790,46,1782723955,0
925774,733,5760,47,1782723986,0
925774,733,101322,48,1782724030,0
925774,733,7263,49,1782724103,0
925774,733,5722,50,1782724160,0
925774,733,5691,51,1782724179,0
925774,733,5674,52,1782724182,0
925774,733,5653,53,1782724247,0
925774,733,5650,54,1782724260,0
925774,733,5635,55,1782724295,0
925774,733,5604,56,1782724352,0
925774,733,5584,57,1782724372,0
925774,733,5554,58,1782724382,0
925774,733,5535,59,1782724403,0
925774,733,5514,60,1782724457,0
925774,733,5483,61,1782724549,0
925774,733,5464,62,1782724854,0
925774,733,5431,63,1782724922,0
925778,733,5121,2,1782723422,0
925778,733,5167,3,1782723459,0
925778,733,5242,4,1782723493,0
925778,733,100258,5,1782723554,0
925778,733,5271,6,1782723593,0
925778,733,5315,7,1782723627,0
925778,733,5435,8,1782723834,0
925778,733,5467,9,1782723867,0
925778,733,5487,10,1782723918,0
925778,733,5513,11,1782724196,0
925778,733,5534,12,1782724235,0
925778,733,5557,13,1782724260,0
925778,733,5579,14,1782724288,0
925778,733,5606,15,1782724314,0
925778,733,5634,16,1782724362,0
925778,733,5651,17,1782724409,0
925778,733,5656,18,1782724451,0
925778,733,5670,19,1782724482,0
925778,733,5698,20,1782724508,0
925778,733,5719,21,1782724528,0
925778,733,7264,22,1782724586,0
925778,733,7262,23,1782724642,0
925778,733,5759,24,1782724668,0
925778,733,5789,25,1782724710,0
925778,733,5803,26,1782724739,0
925778,733,5815,27,1782724782,0
925778,733,5822,28,1782724816,0
925778,733,5834,29,1782724841,0
925778,733,5854,30,1782724873,0
925778,733,5870,31,1782724902,0
925778,733,5879,32,1782724938,0
925778,733,5895,33,1782724991,0
925778,733,5903,34,1782725019,0
925778,733,5908,35,1782725049,0
925778,733,5918,36,1782725093,0
925778,733,5944,37,1782725131,0
925778,733,5964,38,1782725180,0
925812,734,6052,16,1782723377,0
925812,734,6045,17,1782723398,0
925812,734,6036,18,1782723436,0
925812,734,6018,19,1782723480,0
925812,734,6016,20,1782723526,0
925812,734,6012,21,1782723558,0
925812,734,6024,22,1782723591,0
925812,734,6027,23,1782723613,0
925812,734,100149,24,1782723700,0
925812,734,100147,25,1782723730,0
925812,734,100145,26,1782723762,0
925812,734,100143,27,1782723777,0
925812,734,100141,28,1782723804,0
925812,734,100140,29,1782723846,0
925812,734,5962,30,1782723877,0
925812,734,5950,31,1782723915,0
925812,734,5942,32,1782723969,0
925812,734,5940,33,1782724006,0
925812,734,5935,34,1782724047,0
925812,734,5934,35,1782724070,0
925812,734,5932,36,1782724105,0
925812,734,5928,37,1782724143,0
925812,734,5926,38,1782724218,0
925812,734,5924,39,1782724266,0
925812,734,5921,40,1782724297,0
925812,734,5919,41,1782724321,0
925812,734,5916,42,1782724346,0
925812,734,5901,43,1782724386,0
925812,734,5898,44,1782724422,0
925812,734,5880,45,1782724486,0
925812,734,5868,46,1782724537,0
925812,734,100891,47,1782724572,0
925812,734,5856,48,1782724638,0
925812,734,100009,49,1782724688,0
925846,734,6962,64,1782723443,0
925846,734,6961,65,1782723462,0
925846,734,5382,66,1782723508,0
925846,734,5363,67,1782723528,0
925846,734,5345,68,1782723549,0
925846,734,5334,69,1782723570,0
925846,734,5310,70,1782723597,0
925846,734,5273,71,1782723618,0
925846,734,5232,72,1782723659,0
925846,734,5135,73,1782723717,0
925846,734,5133,74,1782723759,0
925846,734,5127,75,1782723797,0
925846,734,5124,76,1782723814,0
925846,734,5122,77,1782723848,0
925846,734,5118,78,1782723888,0
925846,734,5102,999,1782723922,0
925847,734,5935,34,1782723384,0
925847,734,5934,35,1782723420,0
925847,734,5932,36,1782723442,0
925847,734,5928,37,1782723487,0
925847,734,5926,38,1782723563,0
925847,734,5924,39,1782723613,0
925847,734,5921,40,1782723668,0
925847,734,5919,41,1782723673,0
925847,734,5916,42,1782723697,0
925847,734,5901,43,1782723735,0
925847,734,5898,44,1782723769,0
925847,734,5880,45,1782723792,0
925847,734,5868,46,1782723814,0
925847,734,100891,47,1782723850,0
925847,734,5856,48,1782723884,0
925847,734,100009,49,1782723971,0
925847,734,5863,50,1782724315,0
925847,734,100138,51,1782724346,0
925847,734,100136,52,1782724450,0
925847,734,5731,53,1782724495,0
925847,734,5707,54,1782724518,0
925847,734,5687,55,1782724539,0
925847,734,100126,56,1782724603,0
925847,734,5612,57,1782724640,0
925847,734,5611,58,1782724664,0
925847,734,5603,59,1782724702,0
925847,734,100125,60,1782724740,0
925847,734,100123,61,1782724772,0
925847,734,100121,62,1782724802,0
925847,734,101584,63,1782724938,0
925850,734,5102,1,1782724380,0
925850,734,5119,2,1782724457,0
925850,734,5123,3,1782724511,0
925850,734,5126,4,1782724542,0
925850,734,5129,5,1782724577,0
925850,734,5134,6,1782724615,0
925850,734,5140,7,1782724609,0
925850,734,5155,8,1782724661,0
925850,734,102324,9,1782724688,0
925850,734,5279,10,1782724718,0
925850,734,5314,11,1782724748,0
925850,734,6960,12,1782724775,0
925850,734,5344,13,1782724811,0
925850,734,5364,14,1782724831,0
925850,734,5380,15,1782724865,0
925850,734,5400,16,1782724921,0
925850,734,5412,17,1782724953,0
925850,734,101585,18,1782725118,0
925850,734,100120,19,1782725282,0
925851,734,100144,54,1782723389,0
925851,734,100146,55,1782723429,0
925851,734,100148,56,1782723473,0
925851,734,100150,57,1782723506,0
925851,734,6028,58,1782723570,0
925851,734,6023,59,1782723604,0
925851,734,6013,60,1782723633,0
925851,734,6017,61,1782723663,0
925851,734,6020,62,1782723685,0
925851,734,6035,63,1782723720,0
925851,734,6047,64,1782723758,0
925851,734,6051,65,1782723777,0
925851,734,6058,66,1782723806,0
925851,734,6074,67,1782723827,0
925851,734,6099,68,1782723846,0
925851,734,6109,69,1782723879,0
925851,734,6111,70,1782723900,0
925851,734,6113,71,1782723936,0
925851,734,6126,72,1782723974,0
925851,734,6162,73,1782724012,0
925851,734,6181,74,1782724029,0
925851,734,6193,75,1782724065,0
925851,734,6190,76,1782724112,0
925851,734,6187,77,1782724126,0
925851,734,6180,78,1782724201,0
925851,734,6208,79,1782724271,0
925851,734,6201,999,1782724407,0
925890,737,5763,17,1782723390,0
925890,737,100610,18,1782723418,0
925890,737,101102,19,1782723475,0
925890,737,5699,20,1782723529,0
925890,737,5669,21,1782723561,0
925890,737,5660,22,1782723588,0
925890,737,5661,23,1782723622,0
925890,737,5708,24,1782723698,0
925890,737,100828,25,1782723750,0
925890,737,5769,26,1782723782,0
925890,737,5785,27,1782723810,0
925890,737,5800,28,1782723850,0
925890,737,5813,29,1782723888,0
925890,737,5825,30,1782723919,0
925890,737,5826,31,1782723940,0
925890,737,101476,32,1782724043,0
925890,737,101517,33,1782724076,0
925890,737,101477,34,1782724100,0
925890,737,101478,35,1782724146,0
925890,737,101479,36,1782724177,0
925890,737,101480,37,1782724196,0
925890,737,5796,38,1782724221,0
925890,737,5799,39,1782724298,0
925890,737,5794,40,1782724308,0
925890,737,5786,41,1782724345,0
925890,737,5782,42,1782724410,0
925890,737,5806,999,1782724489,0
925897,737,100012,1,1782724469,0
925897,737,5857,2,1782724561,0
925897,737,5853,3,1782724596,0
925897,737,5845,4,1782724663,0
925897,737,5817,5,1782724693,0
925897,737,5795,6,1782724731,0
925897,737,5781,7,1782724751,0
925897,737,5749,8,1782724780,0
925897,737,7264,9,1782724809,0
925897,737,7262,10,1782724861,0
925897,737,5759,11,1782724886,0
925897,737,5789,12,1782724926,0
925897,737,5778,13,1782724964,0
925897,737,5770,14,1782725000,0
925897,737,5775,15,1782725062,0
925897,737,5755,16,1782725100,0
925897,737,5763,17,1782725148,0
925897,737,100610,18,1782725215,0
925897,737,101102,19,1782725279,0
925897,737,5699,20,1782725340,0
925900,737,5790,32,1782723363,0
925900,737,5760,33,1782723397,0
925900,737,101322,34,1782723471,0
925900,737,7263,35,1782723536,0
925900,737,5752,36,1782723544,0
925900,737,5777,37,1782723579,0
925900,737,5797,38,1782723603,0
925900,737,5812,39,1782723656,0
925900,737,5841,40,1782723685,0
925900,737,100891,41,1782723741,0
925900,737,5856,42,1782723787,0
925900,737,100012,999,1782723834,0
925901,737,5806,1,1782724800,0
925901,737,5788,2,1782724834,0
925901,737,5787,3,1782724864,0
925901,737,5793,4,1782724886,0
925901,737,5801,5,1782724933,0
925901,737,5798,6,1782724973,0
925901,737,5800,7,1782724981,0
925901,737,5813,8,1782725005,0
925901,737,5825,9,1782725017,0
925901,737,5826,10,1782725040,0
925901,737,101476,11,1782725085,0
925901,737,101517,12,1782725118,0
925901,737,101477,13,1782725152,0
925903,741,6424,8,1782723375,0
925903,741,6426,9,1782723393,0
925903,741,6429,10,1782723414,0
925903,741,6431,11,1782723442,0
925903,741,6433,12,1782723504,0
925903,741,6435,13,1782723529,0
925903,741,6436,14,1782723552,0
925903,741,6439,15,1782723587,0
925903,741,6440,999,1782723620,0
925905,741,101591,1,1782724500,0
925905,741,6391,2,1782724554,0
925905,741,100098,3,1782724620,0
925905,741,100586,4,1782724707,0
925905,741,100588,5,1782724733,0
925905,741,100590,6,1782724754,0
925905,741,6420,7,1782724755,0
925905,741,6424,8,1782724773,0
925905,741,6426,9,1782724788,0
925905,741,6429,10,1782724806,0
925905,741,6431,11,1782724859,0
925905,741,6433,12,1782724959,0
925905,741,6435,13,1782724993,0
925905,741,6436,14,1782725036,0
925905,741,6439,15,1782725084,0
925905,741,6440,999,1782725134,0
925922,743,6307,15,1782723396,0
925922,743,6298,16,1782723431,0
925922,743,6279,17,1782723490,0
925922,743,6271,18,1782723554,0
925922,743,6256,19,1782723593,0
925922,743,6241,20,1782723625,0
925922,743,6227,21,1782723654,0
925922,743,6228,22,1782723683,0
925922,743,6236,23,1782723712,0
925922,743,6237,24,1782723758,0
925922,743,6221,25,1782723813,0
925922,743,6194,26,1782723849,0
925922,743,6175,27,1782723936,0
925922,743,6176,28,1782724046,0
925922,743,6191,29,1782724124,0
925922,743,6199,30,1782724195,0
925922,743,6208,999,1782724285,0
925947,743,100772,1,1782724740,0
925947,743,6200,2,1782724791,0
925947,743,6186,3,1782724824,0
925947,743,6212,4,1782724860,0
925947,743,6234,5,1782724891,0
925947,743,6252,6,1782724934,0
925947,743,6284,7,1782724980,0
925947,743,6283,8,1782725005,0
925947,743,6282,9,1782725033,0
925947,743,6290,10,1782725067,0
925947,743,6297,11,1782725084,0
925947,743,6311,12,1782725120,0
925947,743,6316,13,1782725144,0
925947,743,6314,14,1782725174,0
925947,743,6307,15,1782725203,0
925947,743,6298,16,1782725228,0
925947,743,6279,17,1782725262,0
925947,743,6271,18,1782725292,0
925947,743,6256,19,1782725340,0
925948,743,6186,3,1782723411,0
925948,743,6212,4,1782723467,0
925948,743,6234,5,1782723491,0
925948,743,6252,6,1782723533,0
925948,743,6284,7,1782723574,0
925948,743,6283,8,1782723599,0
925948,743,6282,9,1782723620,0
925948,743,6290,10,1782723668,0
925948,743,6297,11,1782723690,0
925948,743,6311,12,1782723718,0
925948,743,6316,13,1782723744,0
925948,743,6314,14,1782723787,0
925948,743,6307,15,1782723830,0
925948,743,6298,16,1782723869,0
925948,743,6279,17,1782723923,0
925948,743,6271,18,1782723986,0
925948,743,6256,19,1782724027,0
925948,743,6241,20,1782724057,0
925948,743,6227,21,1782724085,0
925948,743,6228,22,1782724112,0
925948,743,6236,23,1782724143,0
925948,743,6237,24,1782724192,0
925948,743,6221,25,1782724249,0
925948,743,6194,26,1782724285,0
925948,743,6175,27,1782724349,0
925948,743,6176,28,1782724396,0
925948,743,6191,29,1782724442,0
925948,743,6199,30,1782724514,0
925948,743,6208,999,1782724593,0
925957,745,6405,29,1782723386,0
925957,745,6409,30,1782723425,0
925957,745,6414,31,1782723466,0
925957,745,6417,32,1782723520,0
925957,745,100107,33,1782723574,0
925957,745,100105,34,1782723611,0
925957,745,100102,35,1782723682,0
925957,745,100100,36,1782723727,0
925957,745,100099,37,1782723740,0
925957,745,6422,38,1782723759,0
925957,745,6413,39,1782723819,0
925957,745,6408,40,1782723872,0
925957,745,6402,41,1782723904,0
925957,745,6394,42,1782723917,0
925957,745,100097,43,1782724021,0
925957,745,6390,44,1782724086,0
925957,745,101592,45,1782724144,0
925957,745,6386,46,1782724275,0
925957,745,6381,47,1782724292,0
925957,745,6377,48,1782724321,0
925957,745,6369,49,1782724344,0
925957,745,6363,50,1782724451,0
925957,745,6365,51,1782724527,0
925957,745,6361,52,1782724581,0
925957,745,6348,53,1782724676,0
925957,745,6335,54,1782724757,0
925957,745,101653,55,1782724785,0
925957,745,6332,56,1782724868,0
925957,745,100775,57,1782724892,0
925957,745,100769,58,1782724939,0
925957,745,6319,59,1782724966,0
925957,745,6310,60,1782725003,0
925957,745,6301,61,1782725043,0
925957,745,6296,62,1782725078,0
925957,745,6305,63,1782725127,0
925957,745,6303,64,1782725165,0
925962,745,6386,46,1782723368,0
925962,745,6381,47,1782723410,0
925962,745,6377,48,1782723437,0
925962,745,6369,49,1782723466,0
925962,745,6363,50,1782723567,0
925962,745,6365,51,1782723653,0
925962,745,6361,52,1782723696,0
925962,745,6348,53,1782723773,0
925962,745,6335,54,1782723823,0
925962,745,101653,55,1782723851,0
925962,745,6332,56,1782723904,0
925962,745,100775,57,1782723932,0
925962,745,100769,58,1782724004,0
925962,745,6319,59,1782724001,0
925962,745,6310,60,1782724039,0
925962,745,6301,61,1782724047,0
925962,745,6296,62,1782724109,0
925962,745,6305,63,1782724121,0
925962,745,6303,64,1782724165,0
925962,745,6291,65,1782724195,0
925962,745,6248,66,1782724251,0
925962,745,100919,67,1782724342,0
925962,745,6208,68,1782724517,0
925962,745,6201,999,1782724697,0
925967,745,6211,2,1782723389,0
925967,745,100924,3,1782723521,0
925967,745,100925,4,1782723552,0
925967,745,6238,5,1782723628,0
925967,745,6253,6,1782723660,0
925967,745,6255,7,1782723667,0
925967,745,6254,8,1782723703,0
925967,745,6259,9,1782723723,0
925967,745,6278,10,1782723719,0
925967,745,6292,11,1782723835,0
925967,745,6313,12,1782723904,0
925967,745,6326,13,1782723945,0
925967,745,6331,14,1782723978,0
925967,745,6333,15,1782723994,0
925967,745,101022,16,1782724063,0
925967,745,6341,17,1782724100,0
925967,745,6342,18,1782724139,0
925967,745,6346,19,1782724213,0
925967,745,6352,20,1782724238,0
925967,745,6356,21,1782724302,0
925967,745,6362,22,1782724341,0
925967,745,6371,23,1782724400,0
925967,745,6373,24,1782724413,0
925967,745,6379,25,1782724487,0
925967,745,6382,26,1782724537,0
925967,745,6392,27,1782724541,0
925967,745,6399,28,1782724599,0
925967,745,6405,29,1782724627,0
925967,745,6409,30,1782724671,0
925967,745,6414,31,1782724717,0
925967,745,6417,32,1782724783,0
925967,745,100107,33,1782724819,0
925967,745,100105,34,1782724873,0
925967,745,100102,35,1782724938,0
925967,745,100100,36,1782724982,0
925967,745,100099,37,1782725028,0
925967,745,6422,38,1782725056,0
925967,745,6413,39,1782725123,0
925967,745,6408,40,1782725163,0
925967,745,6402,41,1782725210,0
925967,745,6394,42,1782725266,0
925967,745,100097,43,1782725323,0
925989,747,100920,3,1782723452,0
925989,747,6243,4,1782723646,0
925989,747,6270,5,1782723682,0
925989,747,6289,6,1782723743,0
925989,747,6302,7,1782723779,0
925989,747,6304,8,1782723811,0
925989,747,6295,9,1782723855,0
925989,747,6299,10,1782723910,0
925989,747,6308,11,1782723944,0
925989,747,6318,12,1782723973,0
925989,747,100768,13,1782723994,0
925989,747,100776,14,1782724040,0
925989,747,6329,15,1782724099,0
925989,747,101652,16,1782724142,0
925989,747,6336,17,1782724161,0
925989,747,6351,18,1782724220,0
925989,747,6360,19,1782724295,0
925989,747,6366,20,1782724357,0
925989,747,8026,21,1782724506,0
925989,747,6367,22,1782724549,0
925989,747,6376,23,1782724582,0
925989,747,6385,24,1782724800,0
925989,747,6387,25,1782724819,0
925989,747,101592,26,1782724888,0
925989,747,6391,27,1782724948,0
925989,747,100098,28,1782725008,0
925989,747,6395,29,1782725054,0
925989,747,6400,30,1782725095,0
925989,747,6407,31,1782725143,0
925989,747,6412,32,1782725180,0
925989,747,6421,33,1782725218,0
925989,747,6425,34,1782725258,0
925989,747,100101,35,1782725299,0
925989,747,100103,36,1782725336,0
925989,747,100104,37,1782725395,0
925999,747,6383,45,1782723377,0
925999,747,6380,46,1782723406,0
925999,747,6374,47,1782723449,0
925999,747,6372,48,1782723486,0
925999,747,6359,49,1782723529,0
925999,747,6357,50,1782723562,0
925999,747,6353,51,1782723606,0
925999,747,6347,52,1782723659,0
925999,747,6343,53,1782723700,0
925999,747,6340,54,1782723734,0
925999,747,6338,55,1782723770,0
925999,747,6334,56,1782723813,0
925999,747,6330,57,1782723841,0
925999,747,6325,58,1782723863,0
925999,747,6312,59,1782723917,0
925999,747,6300,60,1782723969,0
925999,747,6287,61,1782724015,0
925999,747,6281,62,1782724073,0
925999,747,6258,63,1782724104,0
925999,747,6257,64,1782724116,0
925999,747,6251,65,1782724146,0
925999,747,6239,66,1782724181,0
925999,747,100834,67,1782724241,0
925999,747,100837,68,1782724275,0
925999,747,6208,69,1782724311,0
925999,747,6201,999,1782724491,0
926004,747,6205,1,1782724320,0
926004,747,6211,2,1782724359,0
926004,747,100920,3,1782724456,0
926004,747,6243,4,1782724632,0
926004,747,6270,5,1782724668,0
926004,747,6289,6,1782724699,0
926004,747,6302,7,1782724729,0
926004,747,6304,8,1782724765,0
926004,747,6295,9,1782724807,0
926004,747,6299,10,1782724843,0
926004,747,6308,11,1782724877,0
926004,747,6318,12,1782724913,0
926004,747,100768,13,1782724940,0
926004,747,100776,14,1782724982,0
926004,747,6329,15,1782725014,0
926004,747,101652,16,1782725079,0
926004,747,6336,17,1782725105,0
926004,747,6351,18,1782725178,0
926004,747,6360,19,1782725274,0
926040,750,8056,37,1782723408,0
926040,750,8054,38,1782723439,0
926040,750,8051,39,1782723476,0
926040,750,100584,40,1782723524,0
926040,750,8043,41,1782723578,0
926040,750,8042,42,1782723616,0
926040,750,8040,43,1782723663,0
926040,750,100921,44,1782723762,0
926040,750,100617,45,1782723802,0
926040,750,100595,46,1782723910,0
926040,750,100582,47,1782723932,0
926040,750,6432,48,1782723995,0
926040,750,6430,49,1782724038,0
926040,750,6428,50,1782724071,0
926040,750,6427,51,1782724088,0
926040,750,6423,52,1782724102,0
926040,750,6419,53,1782724099,0
926040,750,100591,54,1782724116,0
926040,750,100589,55,1782724146,0
926040,750,100587,56,1782724167,0
926040,750,100097,57,1782724236,0
926040,750,6390,58,1782724329,0
926040,750,101592,999,1782724473,0
926053,750,8122,2,1782723389,0
926053,750,8123,3,1782723420,0
926053,750,8124,4,1782723461,0
926053,750,8117,5,1782723518,0
926053,750,8115,6,1782723552,0
926053,750,8125,7,1782723608,0
926053,750,8106,8,1782723638,0
926053,750,8104,9,1782723684,0
926053,750,100615,10,1782723802,0
926053,750,8101,11,1782723834,0
926053,750,8100,12,1782723866,0
926053,750,8098,13,1782723921,0
926053,750,8096,14,1782723968,0
926053,750,8093,15,1782724052,0
926053,750,100580,16,1782724134,0
926053,750,100603,17,1782724165,0
926053,750,100581,18,1782724226,0
926053,750,8127,19,1782724264,0
926053,750,8084,20,1782724319,0
926053,750,8082,21,1782724335,0
926053,750,8079,22,1782724383,0
926053,750,8131,23,1782724417,0
926053,750,8133,24,1782724439,0
926053,750,100641,25,1782724491,0
926053,750,100577,26,1782724564,0
926053,750,8072,27,1782724605,0
926053,750,100576,28,1782724652,0
926053,750,100574,29,1782724682,0
926053,750,100572,30,1782724724,0
926053,750,100569,31,1782724755,0
926053,750,100567,32,1782724794,0
926053,750,100565,33,1782724840,0
926053,750,8064,34,1782724873,0
926053,750,8060,35,1782724919,0
926053,750,8058,36,1782724979,0
926053,750,8056,37,1782725037,0
926053,750,8054,38,1782725060,0
926053,750,8051,39,1782725100,0
926065,750B,8071,33,1782723379,0
926065,750B,100578,34,1782723485,0
926065,750B,8068,35,1782723600,0
926065,750B,100641,36,1782723644,0
926065,750B,100577,999,1782723701,0
926068,750B,101591,1,1782723600,0
926068,750B,6391,2,1782723654,0
926068,750B,100098,3,1782723720,0
926068,750B,100586,4,1782723748,0
926068,750B,100588,5,1782723770,0
926068,750B,100590,6,1782723793,0
926068,750B,6420,7,1782723817,0
926068,750B,6424,8,1782723840,0
926082,750X,101591,1,1782723600,0
926082,750X,8041,2,1782724191,0
926082,750X,8044,3,1782724222,0
926082,750X,100585,4,1782724274,0
926082,750X,100571,5,1782724310,0
926082,750X,100573,6,1782724384,0
926082,750X,100575,7,1782724410,0
926082,750X,8071,8,1782724450,0
926082,750X,100578,9,1782724557,0
926082,750X,100642,10,1782724603,0
926082,750X,8134,11,1782724638,0
926082,750X,8132,12,1782724657,0
926082,750X,8080,13,1782724674,0
926082,750X,8081,14,1782724709,0
926082,750X,8083,15,1782724758,0
926082,750X,8085,16,1782724796,0
926082,750X,100604,17,1782724857,0
926082,750X,100602,18,1782724904,0
926082,750X,100579,19,1782724936,0
926082,750X,8094,20,1782724963,0
926082,750X,8095,21,1782725051,0
926082,750X,8097,22,1782725116,0
926082,750X,8099,23,1782725155,0
926082,750X,8102,24,1782725187,0
926082,750X,100614,25,1782725250,0
926083,750X,8094,20,1782723371,0
926083,750X,8095,21,1782723454,0
926083,750X,8097,22,1782723505,0
926083,750X,8099,23,1782723553,0
926083,750X,8102,24,1782723590,0
926083,750X,100614,25,1782723639,0
926083,750X,8103,26,1782723734,0
926083,750X,8105,27,1782723777,0
926083,750X,8108,28,1782723804,0
926083,750X,8109,29,1782723874,0
926083,750X,8110,30,1782723899,0
926083,750X,8111,31,1782723955,0
926083,750X,8112,32,1782724030,0
926083,750X,8113,33,1782724062,0
926083,750X,8114,34,1782724087,0
926083,750X,8116,35,1782724183,0
926083,750X,8118,36,1782724247,0
926083,750X,8119,37,1782724301,0
926083,750X,8120,38,1782724323,0
926083,750X,100645,39,1782724347,0
926083,750X,8121,999,1782724386,0
926113,751,8146,48,1782723405,0
926113,751,8140,49,1782723440,0
926113,751,8143,50,1782723514,0
926113,751,8145,51,1782723546,0
926113,751,8139,52,1782723623,0
926113,751,100008,53,1782723658,0
926113,751,101665,54,1782723734,0
926113,751,101622,55,1782723850,0
926113,751,101663,56,1782723887,0
926113,751,101633,57,1782723969,0
926113,751,8136,58,1782724112,0
926113,751,101599,59,1782724140,0
926113,751,101597,60,1782724189,0
926113,751,101596,61,1782724269,0
926113,751,100578,62,1782724322,0
926113,751,8068,63,1782724372,0
926113,751,100641,64,1782724393,0
926113,751,100577,999,1782724436,0
926119,751A,101015,44,1782723381,0
926119,751A,6344,45,1782723417,0
926119,751A,6338,46,1782723447,0
926119,751A,6334,47,1782723487,0
926119,751A,6330,48,1782723522,0
926119,751A,6325,49,1782723544,0
926119,751A,6312,50,1782723602,0
926119,751A,6300,51,1782723636,0
926119,751A,100260,52,1782723679,0
926119,751A,6269,53,1782723700,0
926119,751A,6246,54,1782723722,0
926119,751A,6224,55,1782723761,0
926119,751A,6214,56,1782723783,0
926119,751A,6196,57,1782723816,0
926119,751A,6193,58,1782723904,0
926119,751A,6190,59,1782723953,0
926119,751A,6187,60,1782723982,0
926119,751A,6180,61,1782724026,0
926119,751A,6208,999,1782724079,0
926120,751A,101632,6,1782723383,0
926120,751A,101662,7,1782723437,0
926120,751A,101621,8,1782723491,0
926120,751A,101664,9,1782723612,0
926120,751A,100007,10,1782723683,0
926120,751A,100067,11,1782723717,0
926120,751A,8140,12,1782723789,0
926120,751A,8143,13,1782723862,0
926120,751A,8145,14,1782723894,0
926120,751A,8147,15,1782723939,0
926120,751A,8151,16,1782724012,0
926120,751A,8153,17,1782724040,0
926120,751A,101660,18,1782724102,0
926120,751A,100773,19,1782724152,0
926120,751A,100531,20,1782724231,0
926120,751A,8154,21,1782724280,0
926120,751A,8157,22,1782724322,0
926120,751A,8159,23,1782724345,0
926120,751A,8161,24,1782724372,0
926120,751A,8162,25,1782724411,0
926120,751A,100068,26,1782724435,0
926120,751A,8166,27,1782724474,0
926120,751A,8168,28,1782724500,0
926120,751A,8170,29,1782724546,0
926142,752,8160,1,1782724500,0
926142,752,100900,2,1782724538,0
926142,752,100911,999,1782724980,0
927245,801,3829,45,1782723410,0
927245,801,100441,46,1782723458,0
927245,801,3703,47,1782723586,0
927245,801,3627,48,1782723643,0
927245,801,3599,49,1782723706,0
927245,801,3527,50,1782723779,0
927245,801,3470,51,1782723846,0
927245,801,3457,52,1782723922,0
927245,801,3476,53,1782724041,0
927245,801,3415,54,1782724248,0
927245,801,101730,999,1782724324,0
927249,801,5217,15,1782723396,0
927249,801,5158,16,1782723446,0
927249,801,5159,17,1782723489,0
927249,801,5117,18,1782723560,0
927249,801,100822,19,1782723590,0
927249,801,5061,20,1782723637,0
927249,801,5034,21,1782723779,0
927249,801,5003,22,1782723826,0
927249,801,4997,23,1782723899,0
927249,801,5009,24,1782723981,0
927249,801,7295,25,1782724028,0
927249,801,5030,26,1782724059,0
927249,801,5052,27,1782724122,0
927249,801,5041,28,1782724153,0
927249,801,5007,29,1782724206,0
927249,801,4973,30,1782724230,0
927249,801,4960,31,1782724263,0
927249,801,4949,32,1782724286,0
927249,801,4915,33,1782724336,0
927249,801,4818,34,1782724494,0
927249,801,4321,35,1782724937,0
927249,801,4165,36,1782725094,0
927249,801,4138,37,1782725127,0
927249,801,4100,38,1782725162,0
927249,801,4051,39,1782725218,0
927262,801,100794,1,1782723780,0
927262,801,100074,2,1782723885,0
927262,801,101552,3,1782724080,0
927262,801,5527,4,1782724144,0
927262,801,5520,5,1782724186,0
927262,801,5479,6,1782724258,0
927262,801,5466,7,1782724334,0
927262,801,5443,8,1782724394,0
927262,801,5423,9,1782724454,0
927262,801,5376,10,1782724630,0
927262,801,5350,11,1782724691,0
927262,801,101331,12,1782724740,0
927262,801,5295,13,1782724767,0
927262,801,5257,14,1782724796,0
927262,801,5217,15,1782724831,0
927262,801,5158,16,1782724884,0
927262,801,5159,17,1782724931,0
927262,801,5117,18,1782725004,0
927262,801,100822,19,1782725040,0
927301,821,4109,44,1782723370,0
927301,821,4122,45,1782723411,0
927301,821,4164,46,1782723443,0
927301,821,4199,47,1782723539,0
927301,821,4210,48,1782723560,0
927301,821,4203,49,1782723618,0
927301,821,4212,50,1782723648,0
927301,821,4246,51,1782723691,0
927301,821,4329,52,1782723718,0
927301,821,4374,999,1782723743,0
927303,821,3595,7,1782723431,0
927303,821,3666,8,1782723473,0
927303,821,3696,9,1782723505,0
927303,821,100913,10,1782723561,0
927303,821,100416,11,1782723591,0
927303,821,3795,12,1782723681,0
927303,821,3789,13,1782723702,0
927303,821,3785,14,1782723785,0
927303,821,3783,15,1782723812,0
927303,821,3778,16,1782723853,0
927303,821,3772,17,1782723895,0
927303,821,3769,18,1782723942,0
927303,821,3765,19,1782724003,0
927303,821,3758,20,1782724047,0
927303,821,3755,21,1782724096,0
927303,821,3752,22,1782724141,0
927303,821,3747,23,1782724239,0
927303,821,3740,24,1782724262,0
927303,821,3749,25,1782724295,0
927303,821,3767,26,1782724315,0
927303,821,3799,27,1782724332,0
927303,821,3967,28,1782724517,0
927303,821,3978,29,1782724619,0
927303,821,3994,30,1782724661,0
927303,821,4031,31,1782724727,0
927303,821,4088,32,1782724780,0
927303,821,4060,33,1782724935,0
927303,821,100388,34,1782724970,0
927303,821,4104,35,1782725015,0
927303,821,4112,36,1782725067,0
927303,821,4123,37,1782725120,0
927303,821,4118,38,1782725141,0
927327,830F,4471,36,1782723401,0
927327,830F,4232,37,1782723514,0
927327,830F,4241,38,1782723604,0
927327,830F,4061,39,1782723724,0
927327,830F,4023,40,1782723794,0
927327,830F,3953,41,1782723898,0
927327,830F,3914,42,1782723918,0
927327,830F,3871,43,1782723938,0
927327,830F,3734,44,1782724009,0
927327,830F,3579,45,1782724079,0
927327,830F,3303,46,1782724193,0
927327,830F,3153,47,1782724289,0
927327,830F,3052,48,1782724381,0
927327,830F,2984,49,1782724427,0
927327,830F,2940,50,1782724457,0
927327,830F,2936,51,1782724515,0
927327,830F,2943,52,1782724601,0
927327,830F,2937,53,1782724625,0
927327,830F,2892,54,1782724650,0
927327,830F,2888,999,1782724677,0
927364,837,5366,1,1782724591,0
927364,837,5343,2,1782724633,0
927364,837,5325,3,1782724673,0
927364,837,5256,4,1782724710,0
927364,837,5233,5,1782724744,0
927364,837,5193,6,1782724787,0
927364,837,5231,7,1782724849,0
927364,837,5326,8,1782724909,0
927364,837,5336,9,1782724967,0
927364,837,5354,10,1782725026,0
927364,837,5374,11,1782725101,0
927364,837,5372,12,1782725135,0
927364,837,5356,13,1782725167,0
927364,837,5360,14,1782725224,0
927364,837,5385,15,1782725276,0
927364,837,101270,16,1782725321,0
927364,837,5393,17,1782725390,0
927364,837,5420,18,1782725435,0
927364,837,5428,19,1782725457,0
927364,837,5434,20,1782725474,0
927364,837,5437,21,1782725506,0
927364,837,5444,22,1782725544,0
927364,837,5457,23,1782725575,0
927364,837,5516,24,1782725690,0
927364,837,7304,25,1782725740,0
927372,837,5360,14,1782723384,0
927372,837,5385,15,1782723441,0
927372,837,101270,16,1782723490,0
927372,837,5393,17,1782723544,0
927372,837,5420,18,1782723580,0
927372,837,5428,19,1782723604,0
927372,837,5434,20,1782723622,0
927372,837,5437,21,1782723660,0
927372,837,5444,22,1782723689,0
927372,837,5457,23,1782723711,0
927372,837,5516,24,1782723851,0
927372,837,7304,25,1782723886,0
927372,837,101552,26,1782723993,0
927372,837,100073,27,1782724189,0
927372,837,100794,999,1782724263,0
927391,838,100793,999,1782724200,0
927391,838,101092,2,1782724241,0
927391,838,101412,3,1782724264,0
927391,838,101093,4,1782724307,0
927391,838,100548,5,1782724372,0
927391,838,100539,6,1782724423,0
927391,838,100545,7,1782724511,0
927391,838,101095,8,1782724560,0
927391,838,100543,9,1782724651,0
927391,838,5655,10,1782724703,0
927391,838,101096,11,1782724743,0
927391,838,101097,12,1782724804,0
927404,838H,100793,999,1782725640,0
927404,838H,101092,2,1782725681,0
927404,838H,101412,3,1782725704,0
927404,838H,101093,4,1782725747,0
927404,838H,100548,5,1782725812,0
927423,839,100553,16,1782723429,0
927423,839,100538,17,1782723468,0
927423,839,100787,18,1782723511,0
927423,839,100790,19,1782723542,0
927423,839,100792,20,1782723573,0
927423,839,100073,21,1782723693,0
927423,839,100793,999,1782723813,0
927427,839,100075,2,1782723371,0
927427,839,100076,3,1782723416,0
927427,839,100077,4,1782723428,0
927427,839,100078,5,1782723469,0
927427,839,101101,6,1782723511,0
927427,839,100419,7,1782723594,0
927427,839,100421,8,1782723641,0
927427,839,101098,9,1782723703,0
927427,839,101099,10,1782723770,0
927427,839,101100,11,1782723807,0
927427,839,100561,12,1782723830,0
927427,839,100559,13,1782723855,0
927427,839,100557,14,1782723896,0
927427,839,100555,15,1782723956,0
927427,839,100553,16,1782724024,0
927427,839,100538,17,1782724062,0
927427,839,100787,18,1782724101,0
927427,839,100790,19,1782724137,0
927427,839,100792,20,1782724171,0
927427,839,100073,21,1782724285,0
927427,839,100793,999,1782724399,0
927447,850,5022,1,1782723420,0
927447,850,5008,2,1782723459,0
927447,850,5225,3,1782723619,0
927447,850,5318,4,1782723789,0
927447,850,5408,5,1782723910,0
927447,850,5442,6,1782723990,0
927447,850,5851,7,1782724304,0
927447,850,5884,8,1782724348,0
927447,850,5891,9,1782724372,0
927447,850,5902,10,1782724392,0
927447,850,5938,11,1782724409,0
927447,850,5953,12,1782724424,0
927447,850,101742,13,1782724872,0
927447,850,7461,14,1782724897,0
927473,860F,5066,27,1782723473,0
927473,860F,100823,28,1782723497,0
927473,860F,5060,29,1782723537,0
927473,860F,5147,30,1782723615,0
927473,860F,5160,31,1782723624,0
927473,860F,5156,32,1782723686,0
927473,860F,5244,33,1782723737,0
927473,860F,5311,34,1782723768,0
927473,860F,5340,35,1782723860,0
927473,860F,5367,36,1782723914,0
927473,860F,5433,37,1782724016,0
927473,860F,5455,38,1782724057,0
927473,860F,5475,39,1782724117,0
927473,860F,5488,40,1782724177,0
927473,860F,5516,41,1782724248,0
927473,860F,7304,42,1782724299,0
927473,860F,101551,43,1782724378,0
927473,860F,100073,44,1782724580,0
927473,860F,100793,999,1782724706,0
927581,863,3624,6,1782723393,0
927581,863,3681,7,1782723459,0
927581,863,100416,8,1782723618,0
927581,863,3832,9,1782723711,0
927581,863,3885,10,1782723768,0
927581,863,6976,11,1782723874,0
927581,863,3929,12,1782723937,0
927581,863,3990,13,1782723976,0
927581,863,4006,14,1782724044,0
927581,863,4050,15,1782724077,0
927581,863,4093,16,1782724117,0
927581,863,4129,17,1782724158,0
927581,863,4163,18,1782724181,0
927581,863,4176,19,1782724267,0
927581,863,4326,20,1782724448,0
927581,863,7293,21,1782724859,0
927581,863,4808,22,1782724876,0
927581,863,4913,23,1782725039,0
927581,863,4950,24,1782725072,0
927581,863,4962,25,1782725087,0
927582,863,3467,1,1782724824,0
927582,863,3455,2,1782724917,0
927582,863,3483,3,1782724980,0
927582,863,3507,4,1782725011,0
927582,863,3586,5,1782725069,0
927582,863,3624,6,1782725121,0
927582,863,3681,7,1782725171,0
927582,863,100416,8,1782725322,0
927661,894,5079,5,1782723378,0
927661,894,5075,6,1782723399,0
927661,894,5069,7,1782723417,0
927661,894,7075,8,1782723444,0
927661,894,100026,9,1782723587,0
927661,894,100027,10,1782723616,0
927661,894,100030,11,1782723642,0
927661,894,100031,12,1782723679,0
927661,894,100033,13,1782723707,0
927661,894,100035,14,1782723747,0
927661,894,100037,15,1782723787,0
927661,894,100935,16,1782723811,0
927661,894,100041,17,1782723834,0
927661,894,100043,18,1782723855,0
927661,894,100045,19,1782723876,0
927661,894,100047,20,1782723901,0
927661,894,100049,21,1782723990,0
927661,894,100051,22,1782724011,0
927661,894,4818,23,1782724059,0
927661,894,4808,24,1782724155,0
927661,894,4913,25,1782724269,0
927661,894,4950,26,1782724344,0
927661,894,4962,27,1782724340,0
927661,894,4969,28,1782724381,0
927661,894,5019,29,1782724410,0
927661,894,5039,30,1782724436,0
927661,894,5046,31,1782724463,0
927661,894,5025,32,1782724505,0
927661,894,5022,999,1782724533,0
927689,T800,3703,12,1782723443,0
927689,T800,3627,13,1782723496,0
927689,T800,3599,14,1782723531,0
927689,T800,3527,15,1782723607,0
927689,T800,3470,16,1782723686,0
927689,T800,3457,17,1782723804,0
927689,T800,3476,999,1782723918,0
927695,T800,4321,7,1782723680,0
927695,T800,4165,8,1782723832,0
927695,T800,3987,9,1782723971,0
927695,T800,6975,10,1782724112,0
927695,T800,3829,11,1782724195,0
927695,T800,3703,12,1782724393,0
927695,T800,3627,13,1782724441,0
927695,T800,3599,14,1782724466,0
927695,T800,3527,15,1782724565,0
927695,T800,3470,16,1782724630,0
927695,T800,3457,17,1782724747,0
927695,T800,3476,999,1782724864,0
927706,T800,4818,6,1782724116,0
927706,T800,4321,7,1782724502,0
927706,T800,4165,8,1782724664,0
927706,T800,3987,9,1782724811,0
927706,T800,6975,10,1782724942,0
927706,T800,3829,11,1782725029,0
927706,T800,3703,12,1782725216,0
927706,T800,3627,13,1782725263,0
927706,T800,3599,14,1782725287,0
927706,T800,3527,15,1782725334,0
927706,T800,3470,16,1782725380,0
927706,T800,3457,17,1782725439,0
927706,T800,3476,999,1782725520,0
927725,T800,100794,1,1782723600,0
927725,T800,100074,2,1782723705,0
927725,T800,101552,3,1782723900,0
927725,T800,5527,4,1782723938,0
927725,T800,5520,5,1782723963,0
927725,T800,4818,6,1782724920,0
927725,T800,4321,7,1782725363,0
927752,T800,101551,17,1782723373,0
927752,T800,100073,18,1782723599,0
927752,T800,100793,999,1782723685,0
927754,T800,3624,6,1782723385,0
927754,T800,3681,7,1782723442,0
927754,T800,3832,8,1782723675,0
927754,T800,6976,9,1782723817,0
927754,T800,3990,10,1782723920,0
927754,T800,4176,11,1782724160,0
927754,T800,4326,12,1782724284,0
927754,T800,7293,13,1782724694,0
927754,T800,4808,14,1782724702,0
927764,T800,100794,1,1782724500,0
927764,T800,100074,2,1782724605,0
927764,T800,101552,3,1782724800,0
927764,T800,5527,4,1782724838,0
927776,T800,7293,13,1782723686,0
927776,T800,4808,14,1782723743,0
927776,T800,5516,15,1782724545,0
927776,T800,7304,16,1782724586,0
927776,T800,101551,17,1782724696,0
927776,T800,100073,18,1782724885,0
927776,T800,100793,999,1782725012,0
927801,T800,3467,1,1782723600,0
927801,T800,3455,2,1782723688,0
927801,T800,3483,3,1782723771,0
927801,T800,3507,4,1782723800,0
927801,T800,3586,5,1782723855,0
927801,T800,3624,6,1782723904,0
927801,T800,3681,7,1782723952,0
927801,T800,3832,8,1782724175,0
927801,T800,6976,9,1782724353,0
927801,T800,3990,10,1782724498,0
927801,T800,4176,11,1782724800,0
927804,T800,3467,1,1782724500,0
927804,T800,3455,2,1782724584,0
927804,T800,3483,3,1782724663,0
927804,T800,3507,4,1782724691,0
927805,T800,100793,999,1782723450,0
927808,T800,5516,15,1782723710,0
927808,T800,7304,16,1782723749,0
927808,T800,101551,17,1782723839,0
927808,T800,100073,18,1782724043,0
927808,T800,100793,999,1782724170,0
927813,T800,5516,15,1782723821,0
927813,T800,7304,16,1782723860,0
927813,T800,101551,17,1782723959,0
927813,T800,100073,18,1782724150,0
927813,T800,100793,999,1782724257,0
927840,T801,101730,1,1782723660,0
927840,T801,3480,2,1782723789,0
927840,T801,3467,3,1782723900,0
927840,T801,3455,4,1782723988,0
927840,T801,3483,5,1782724071,0
927840,T801,3507,6,1782724100,0
927840,T801,3586,7,1782724155,0
927840,T801,3624,8,1782724204,0
927840,T801,3681,9,1782724252,0
927840,T801,3832,10,1782724475,0
927840,T801,6976,11,1782724653,0
927840,T801,3990,12,1782724798,0
927853,T801,4808,16,1782723392,0
927853,T801,4913,17,1782723508,0
927853,T801,4950,18,1782723564,0
927853,T801,4962,19,1782723597,0
927853,T801,4969,20,1782723621,0
927853,T801,5019,21,1782723648,0
927853,T801,5039,22,1782723711,0
927853,T801,5046,23,1782723751,0
927853,T801,5025,24,1782723821,0
927853,T801,5022,25,1782723853,0
927853,T801,5008,26,1782723909,0
927853,T801,4991,27,1782724041,0
927853,T801,4992,28,1782724097,0
927853,T801,5020,29,1782724145,0
927853,T801,5066,30,1782724304,0
927853,T801,100823,31,1782724341,0
927853,T801,5060,32,1782724405,0
927853,T801,5147,33,1782724477,0
927853,T801,5160,34,1782724510,0
927853,T801,5156,35,1782724554,0
927853,T801,5244,36,1782724600,0
927853,T801,5311,37,1782724635,0
927853,T801,5340,38,1782724681,0
927853,T801,5367,39,1782724732,0
927853,T801,5433,40,1782724903,0
927853,T801,5455,41,1782724944,0
927853,T801,5475,42,1782725000,0
927853,T801,5488,43,1782725070,0
927853,T801,5516,44,1782725135,0
927866,T842,5366,29,1782723417,0
927866,T842,5343,30,1782723469,0
927866,T842,5325,31,1782723507,0
927866,T842,5256,32,1782723544,0
927866,T842,5233,33,1782723593,0
927866,T842,5193,34,1782723637,0
927866,T842,5231,35,1782723692,0
927866,T842,5326,36,1782723754,0
927866,T842,5336,37,1782723814,0
927866,T842,5354,38,1782723885,0
927866,T842,5374,39,1782723958,0
927866,T842,5372,999,1782723994,0
927868,T842,5516,15,1782723795,0
927868,T842,7304,16,1782723829,0
927868,T842,101551,17,1782723921,0
927868,T842,5527,18,1782724061,0
927868,T842,5520,19,1782724096,0
927868,T842,5454,20,1782724218,0
927868,T842,5445,21,1782724261,0
927868,T842,5438,22,1782724288,0
927868,T842,5432,23,1782724327,0
927868,T842,5429,24,1782724339,0
927868,T842,5419,25,1782724367,0
927868,T842,5391,26,1782724416,0
927868,T842,101269,27,1782724485,0
927868,T842,5384,28,1782724528,0
927868,T842,5366,999,1782724591,0
927875,T863,4950,16,1782723397,0
927875,T863,4962,17,1782723423,0
927875,T863,4969,18,1782723444,0
927875,T863,5019,19,1782723477,0
927875,T863,5039,20,1782723559,0
927875,T863,5046,21,1782723595,0
927875,T863,5025,22,1782723653,0
927875,T863,5022,999,1782723694,0
927878,T863,4176,11,1782723428,0
927878,T863,4326,12,1782723612,0
927878,T863,7293,13,1782723990,0
927878,T863,4808,14,1782724075,0
927878,T863,4913,15,1782724200,0
927878,T863,4950,16,1782724269,0
927878,T863,4962,17,1782724294,0
927878,T863,4969,18,1782724299,0
927878,T863,5019,19,1782724349,0
927878,T863,5039,20,1782724421,0
927878,T863,5046,21,1782724456,0
927878,T863,5025,22,1782724533,0
927878,T863,5022,999,1782724571,0
946018,110,3446,1,1782724680,0
946018,110,3450,2,1782724814,0
946018,110,101726,3,1782724883,0
946018,110,101727,4,1782724978,0
946018,110,3437,5,1782725039,0
946018,110,3366,6,1782725152,0
946018,110,3351,7,1782725208,0
946018,110,3353,8,1782725233,0
946018,110,3355,9,1782725248,0
946018,110,3368,10,1782725303,0
946018,110,3364,11,1782725322,0
946037,110,3042,17,1782723420,0
946037,110,3049,18,1782723516,0
946037,110,3051,19,1782723570,0
946037,110,3064,20,1782723602,0
946037,110,3071,21,1782723631,0
946037,110,3077,22,1782723716,0
946037,110,3085,23,1782723766,0
946037,110,3092,24,1782723795,0
946037,110,3099,25,1782723822,0
946037,110,3105,26,1782723840,0
946037,110,3108,27,1782723860,0
946037,110,3113,28,1782723943,0
946037,110,3115,29,1782723981,0
946037,110,3072,30,1782724034,0
946037,110,2991,31,1782724066,0
946037,110,2950,32,1782724103,0
946037,110,2893,33,1782724126,0
946037,110,2835,34,1782724146,0
946037,110,2782,35,1782724186,0
946037,110,2732,36,1782724218,0
946037,110,2671,37,1782724225,0
946037,110,2579,38,1782724269,0
946037,110,2520,39,1782724322,0
946037,110,2485,40,1782724370,0
946037,110,101884,999,1782724448,0
946041,110,3027,15,1782723391,0
946041,110,3037,16,1782723453,0
946041,110,3042,17,1782723503,0
946041,110,3049,18,1782723585,0
946041,110,3051,19,1782723639,0
946041,110,3064,20,1782723671,0
946041,110,3071,21,1782723698,0
946041,110,3077,22,1782723783,0
946041,110,3085,23,1782723830,0
946041,110,3092,24,1782723861,0
946041,110,3099,25,1782723887,0
946041,110,3105,26,1782723907,0
946041,110,3108,27,1782723927,0
946041,110,3113,28,1782724013,0
946041,110,3115,29,1782724051,0
946041,110,3072,30,1782724116,0
946041,110,2991,31,1782724145,0
946041,110,2950,32,1782724170,0
946041,110,2893,33,1782724190,0
946041,110,2835,34,1782724213,0
946041,110,2782,35,1782724247,0
946041,110,2732,36,1782724278,0
946041,110,2671,37,1782724302,0
946041,110,2579,38,1782724338,0
946041,110,2520,39,1782724381,0
946041,110,2485,40,1782724468,0
946041,110,101884,999,1782724545,0
946044,110,3437,5,1782723418,0
946044,110,3366,6,1782723509,0
946044,110,3351,7,1782723637,0
946044,110,3353,8,1782723655,0
946044,110,3355,9,1782723672,0
946044,110,3368,10,1782723713,0
946044,110,3364,11,1782723831,0
946044,110,3321,12,1782723837,0
946044,110,3146,13,1782723999,0
946044,110,3036,14,1782724034,0
946044,110,3027,15,1782724069,0
946044,110,3037,16,1782724131,0
946044,110,3042,17,1782724178,0
946044,110,3049,18,1782724254,0
946044,110,3051,19,1782724300,0
946044,110,3064,20,1782724315,0
946044,110,3071,21,1782724346,0
946044,110,3077,22,1782724445,0
946044,110,3085,23,1782724476,0
946044,110,3092,24,1782724503,0
946044,110,3099,25,1782724548,0
946044,110,3105,26,1782724568,0
946044,110,3108,27,1782724594,0
946044,110,3113,28,1782724647,0
946044,110,3115,29,1782724707,0
946044,110,3072,30,1782724738,0
946044,110,2991,31,1782724788,0
946044,110,2950,32,1782724829,0
946044,110,2893,33,1782724875,0
946044,110,2835,34,1782724920,0
946044,110,2782,35,1782724960,0
946044,110,2732,36,1782724997,0
946044,110,2671,37,1782725039,0
946044,110,2579,38,1782725097,0
946052,110,3446,1,1782723814,0
946052,110,3450,2,1782723885,0
946052,110,101726,3,1782724009,0
946052,110,101727,4,1782724140,0
946052,110,3437,5,1782724271,0
946052,110,3366,6,1782724363,0
946052,110,3351,7,1782724492,0
946052,110,3353,8,1782724509,0
946052,110,3355,9,1782724527,0
946052,110,3368,10,1782724568,0
946052,110,3364,11,1782724682,0
946052,110,3321,12,1782724707,0
946052,110,3146,13,1782724900,0
946052,110,3036,14,1782724951,0
946052,110,3027,15,1782725010,0
946052,110,3037,16,1782725082,0
946052,110,3042,17,1782725115,0
946052,110,3049,18,1782725178,0
946052,110,3051,19,1782725247,0
946052,110,3064,20,1782725309,0
946052,110,3071,21,1782725348,0
946052,110,3077,22,1782725417,0
946074,110,101401,1,1782723660,0
946074,110,2483,2,1782723767,0
946074,110,2515,3,1782723789,0
946074,110,2552,4,1782723883,0
946074,110,2669,5,1782723916,0
946074,110,2726,6,1782723942,0
946074,110,2777,7,1782723961,0
946074,110,2832,8,1782723993,0
946074,110,2891,9,1782724018,0
946074,110,2953,10,1782724044,0
946074,110,2993,11,1782724066,0
946074,110,3068,12,1782724091,0
946074,110,3116,13,1782724129,0
946074,110,3112,14,1782724164,0
946074,110,3106,15,1782724227,0
946074,110,3101,16,1782724248,0
946074,110,3096,17,1782724266,0
946074,110,3091,18,1782724282,0
946074,110,3081,19,1782724306,0
946074,110,3075,20,1782724351,0
946074,110,3067,21,1782724440,0
946074,110,3063,22,1782724472,0
946074,110,3050,23,1782724512,0
946074,110,3048,24,1782724561,0
946074,110,3041,25,1782724608,0
946074,110,3035,26,1782724630,0
946074,110,3026,27,1782724664,0
946074,110,3142,28,1782724786,0
946074,110,3225,29,1782724887,0
946074,110,3331,30,1782724967,0
946074,110,3367,31,1782724993,0
946074,110,3365,32,1782725008,0
946074,110,3354,33,1782725057,0
946074,110,3350,34,1782725077,0
946074,110,3345,35,1782725102,0
946074,110,3424,999,1782725242,0
946103,110,3048,24,1782723375,0
946103,110,3041,25,1782723424,0
946103,110,3035,26,1782723447,0
946103,110,3026,27,1782723476,0
946103,110,3142,28,1782723590,0
946103,110,3225,29,1782723662,0
946103,110,3331,30,1782723741,0
946103,110,3367,31,1782723747,0
946103,110,3365,32,1782723783,0
946103,110,3354,33,1782723807,0
946103,110,3350,34,1782723831,0
946103,110,3345,35,1782723851,0
946103,110,3424,999,1782724071,0
946107,110,2483,2,1782723391,0
946107,110,2515,3,1782723412,0
946107,110,2552,4,1782723508,0
946107,110,2669,5,1782723539,0
946107,110,2726,6,1782723562,0
946107,110,2777,7,1782723580,0
946107,110,2832,8,1782723607,0
946107,110,2891,9,1782723630,0
946107,110,2953,10,1782723656,0
946107,110,2993,11,1782723674,0
946107,110,3068,12,1782723699,0
946107,110,3116,13,1782723736,0
946107,110,3112,14,1782723780,0
946107,110,3106,15,1782723837,0
946107,110,3101,16,1782723856,0
946107,110,3096,17,1782723872,0
946107,110,3091,18,1782723888,0
946107,110,3081,19,1782723910,0
946107,110,3075,20,1782723957,0
946107,110,3067,21,1782724054,0
946107,110,3063,22,1782724084,0
946107,110,3050,23,1782724122,0
946107,110,3048,24,1782724168,0
946107,110,3041,25,1782724222,0
946107,110,3035,26,1782724242,0
946107,110,3026,27,1782724274,0
946107,110,3142,28,1782724382,0
946107,110,3225,29,1782724482,0
946107,110,3331,30,1782724562,0
946107,110,3367,31,1782724588,0
946107,110,3365,32,1782724603,0
946107,110,3354,33,1782724652,0
946107,110,3350,34,1782724672,0
946107,110,3345,35,1782724697,0
946107,110,3424,999,1782724837,0
946131,112,3037,16,1782723386,0
946131,112,3042,17,1782723436,0
946131,112,3049,18,1782723514,0
946131,112,3051,19,1782723565,0
946131,112,3064,20,1782723601,0
946131,112,3071,21,1782723628,0
946131,112,3077,22,1782723696,0
946131,112,3085,23,1782723741,0
946131,112,3092,24,1782723774,0
946131,112,3099,25,1782723812,0
946131,112,3105,26,1782723833,0
946131,112,3108,27,1782723854,0
946131,112,3113,28,1782723912,0
946131,112,3115,29,1782723945,0
946131,112,3125,30,1782723974,0
946131,112,3130,31,1782724004,0
946131,112,3134,32,1782724048,0
946131,112,3139,33,1782724078,0
946131,112,6519,34,1782724119,0
946131,112,6517,35,1782724119,0
946131,112,6516,36,1782724160,0
946131,112,6514,37,1782724222,0
946131,112,2872,38,1782724236,0
946131,112,2840,39,1782724255,0
946131,112,2773,40,1782724279,0
946131,112,2692,41,1782724303,0
946131,112,2625,42,1782724324,0
946131,112,2569,43,1782724319,0
946131,112,2466,44,1782724360,0
946131,112,2344,45,1782724385,0
946131,112,2270,46,1782724416,0
946131,112,2294,47,1782724461,0
946131,112,2367,48,1782724502,0
946131,112,2430,49,1782724536,0
946131,112,101884,999,1782724574,0
951313,500,1127,17,1782723457,0
951313,500,6920,18,1782723507,0
951313,500,1081,19,1782723553,0
951313,500,1036,20,1782723581,0
951313,500,1020,21,1782723629,0
951313,500,979,22,1782723666,0
951313,500,958,23,1782723692,0
951313,500,942,24,1782723728,0
951313,500,869,25,1782723785,0
951313,500,842,26,1782723814,0
951313,500,814,27,1782723844,0
951313,500,793,28,1782723880,0
951313,500,766,29,1782723913,0
951313,500,748,30,1782723942,0
951313,500,728,31,1782723968,0
951313,500,101697,32,1782724002,0
951313,500,712,33,1782724022,0
951313,500,676,34,1782724045,0
951313,500,664,35,1782724072,0
951313,500,650,36,1782724168,0
951313,500,637,37,1782724193,0
951313,500,623,38,1782724215,0
951313,500,606,39,1782724237,0
951313,500,589,40,1782724279,0
951313,500,528,41,1782724444,0
951313,500,100818,42,1782724585,0
951313,500,100272,43,1782724924,0
951313,500,298,44,1782725113,0
951315,501,100307,6,1782723368,0
951315,501,1143,7,1782723405,0
951315,501,100305,8,1782723438,0
951315,501,100276,9,1782723479,0
951315,501,100274,10,1782723513,0
951315,501,1227,11,1782723545,0
951315,501,1265,12,1782723699,0
951315,501,1258,13,1782723720,0
951315,501,1259,14,1782723754,0
951315,501,1256,15,1782723789,0
951315,501,1272,16,1782723863,0
951315,501,1279,17,1782723896,0
951315,501,1302,18,1782723936,0
951315,501,1381,19,1782724031,0
951315,501,1505,20,1782724136,0
951315,501,1591,21,1782724192,0
951315,501,1883,22,1782724333,0
951315,501,2204,999,1782724561,0
951341,501,100083,5,1782723768,0
951341,501,2188,6,1782723975,0
951341,501,1885,7,1782724224,0
951341,501,1608,8,1782724372,0
951341,501,1502,9,1782724433,0
951341,501,1376,10,1782724530,0
951341,501,1304,11,1782724578,0
951341,501,1283,12,1782724628,0
951341,501,1267,13,1782724648,0
951341,501,1260,14,1782724691,0
951341,501,1262,15,1782724739,0
951341,501,1257,16,1782724783,0
951341,501,1263,17,1782724830,0
951341,501,1228,18,1782724962,0
951341,501,1205,19,1782725011,0
951341,501,100275,20,1782725057,0
951352,501,101726,27,1782723472,0
951352,501,3473,999,1782723526,0
951365,501,100436,30,1782723393,0
951365,501,100431,999,1782723510,0
951366,501,100434,1,1782723810,0
951366,501,100437,2,1782723925,0
951366,501,101305,3,1782723996,0
951366,501,7265,4,1782724088,0
951366,501,7269,5,1782724193,0
951366,501,100307,6,1782724213,0
951366,501,1143,7,1782724253,0
951366,501,100305,8,1782724283,0
951366,501,100276,9,1782724342,0
951366,501,100274,10,1782724355,0
951366,501,1227,11,1782724389,0
951366,501,1265,12,1782724546,0
951366,501,1258,13,1782724578,0
951366,501,1259,14,1782724638,0
951366,501,1256,15,1782724684,0
951366,501,1272,16,1782724714,0
951366,501,1279,17,1782724745,0
951366,501,1302,18,1782724790,0
951366,501,1381,19,1782724843,0
951366,501,1505,20,1782724934,0
951366,501,1591,21,1782725028,0
951374,501,3424,1,1782724837,0
951374,501,3484,2,1782724902,0
951374,501,3478,3,1782725008,0
951406,502,663,9,1782723413,0
951406,502,672,10,1782723440,0
951406,502,680,11,1782723481,0
951406,502,6931,12,1782723534,0
951406,502,666,13,1782723595,0
951406,502,684,14,1782723643,0
951406,502,707,15,1782723681,0
951406,502,727,16,1782723720,0
951406,502,747,17,1782723744,0
951406,502,762,18,1782723767,0
951406,502,788,19,1782723801,0
951406,502,818,20,1782723836,0
951406,502,843,21,1782723855,0
951406,502,873,22,1782723907,0
951406,502,929,23,1782723998,0
951406,502,956,24,1782724031,0
951406,502,972,25,1782724056,0
951406,502,1004,26,1782724073,0
951406,502,1039,27,1782724115,0
951406,502,1084,28,1782724142,0
951406,502,6921,29,1782724166,0
951406,502,1126,30,1782724213,0
951406,502,1189,31,1782724237,0
951406,502,1272,32,1782724283,0
951406,502,1279,33,1782724316,0
951406,502,1302,34,1782724325,0
951406,502,1381,35,1782724429,0
951406,502,1505,36,1782724552,0
951406,502,1591,37,1782724646,0
951406,502,1883,38,1782724833,0
951406,502,2220,39,1782725061,0
951412,502,1381,35,1782723443,0
951412,502,1505,36,1782723551,0
951412,502,1591,37,1782723604,0
951412,502,1883,38,1782723746,0
951412,502,2220,39,1782724020,0
951412,502,7297,40,1782724237,0
951412,502,3446,999,1782724658,0
951419,502,534,1,1782724560,0
951419,502,7313,2,1782724600,0
951419,502,6925,3,1782724681,0
951419,502,587,4,1782724749,0
951419,502,605,5,1782724796,0
951419,502,621,6,1782724829,0
951419,502,635,7,1782724875,0
951419,502,651,8,1782724902,0
951419,502,663,9,1782724934,0
951419,502,672,10,1782724970,0
951419,502,680,11,1782725008,0
951419,502,6931,12,1782725066,0
951419,502,666,13,1782725096,0
951419,502,684,14,1782725152,0
951419,502,707,15,1782725180,0
951419,502,727,16,1782725220,0
951444,502,3446,999,1782723814,0
951479,502,100083,7,1782723473,0
951479,502,2188,8,1782723669,0
951479,502,1885,9,1782723896,0
951479,502,1608,10,1782724070,0
951479,502,1502,11,1782724130,0
951479,502,1376,12,1782724191,0
951479,502,1304,13,1782724276,0
951479,502,1283,14,1782724298,0
951479,502,1267,15,1782724322,0
951479,502,1188,16,1782724386,0
951479,502,1127,17,1782724447,0
951479,502,6920,18,1782724473,0
951479,502,1081,19,1782724516,0
951479,502,1036,20,1782724560,0
951479,502,1020,21,1782724620,0
951479,502,979,22,1782724656,0
951479,502,958,23,1782724685,0
951479,502,942,24,1782724733,0
951479,502,869,25,1782724784,0
951479,502,842,26,1782724832,0
951479,502,814,27,1782724872,0
951479,502,793,28,1782724923,0
951479,502,766,29,1782724969,0
951479,502,748,30,1782725017,0
951479,502,728,31,1782725056,0
951479,502,710,32,1782725098,0
951479,502,685,33,1782725123,0
951479,502,667,34,1782725180,0
951479,502,6931,35,1782725208,0
951479,502,677,36,1782725273,0
951494,502,3424,1,1782724140,0
951494,502,3484,2,1782724205,0
951494,502,3478,3,1782724238,0
951494,502,3463,4,1782724309,0
951494,502,3452,5,1782724457,0
951494,502,3441,6,1782724564,0
951494,502,100083,7,1782725110,0
951498,502,3478,3,1782723383,0
951498,502,3463,4,1782723473,0
951498,502,3452,5,1782723617,0
951498,502,3441,6,1782723774,0
951498,502,100083,7,1782724180,0
951498,502,2188,8,1782724400,0
951498,502,1885,9,1782724628,0
951498,502,1608,10,1782724808,0
951498,502,1502,11,1782724905,0
951498,502,1376,12,1782725001,0
951498,502,1304,13,1782725052,0
951510,502,3478,3,1782723367,0
951510,502,101725,4,1782723415,0
951510,502,101729,5,1782723543,0
951510,502,3439,6,1782723644,0
951510,502,100083,7,1782724085,0
951510,502,2188,8,1782724292,0
951510,502,1885,9,1782724555,0
951510,502,1608,10,1782724735,0
951510,502,1502,11,1782724832,0
951510,502,1376,12,1782724928,0
951510,502,1304,13,1782724984,0
951510,502,1283,14,1782725042,0
951510,502,1267,15,1782725066,0
951510,502,1188,16,1782725106,0
951510,502,1127,17,1782725168,0
951510,502,6920,18,1782725240,0
952909,98C,101405,999,1782723600,0
952909,98C,6456,2,1782723639,0
952909,98C,3465,3,1782723733,0
952909,98C,3473,4,1782723780,0
952909,98C,101568,5,1782723853,0
952909,98C,100452,6,1782723945,0
952909,98C,100454,7,1782723974,0
952909,98C,3195,8,1782724028,0
952909,98C,3172,9,1782724057,0
952909,98C,3180,10,1782724155,0
952909,98C,3148,11,1782724328,0
952909,98C,101570,12,1782724444,0
952909,98C,101572,13,1782724597,0
952909,98C,101574,14,1782724719,0
952909,98C,101576,15,1782724787,0
952909,98C,101578,16,1782724897,0
952909,98C,101716,17,1782725004,0
952914,98C,101716,17,1782723412,0
952914,98C,3281,18,1782723476,0
952914,98C,101582,19,1782723546,0
952914,98C,6445,20,1782723725,0
952914,98C,3396,21,1782723842,0
952914,98C,3390,22,1782723999,0
952914,98C,3421,23,1782724096,0
952914,98C,3511,24,1782724284,0
952914,98C,3595,25,1782724372,0
952914,98C,101566,26,1782724441,0
952914,98C,101563,27,1782724494,0
952914,98C,101562,28,1782724645,0
952914,98C,101558,29,1782724725,0
952914,98C,101557,30,1782724813,0
952914,98C,3610,31,1782724864,0
952914,98C,3565,32,1782724953,0
952914,98C,101405,999,1782725000,0
952968,99C,101566,9,1782723399,0
952968,99C,101563,10,1782723451,0
952968,99C,101562,11,1782723561,0
952968,99C,101558,12,1782723627,0
952968,99C,101557,13,1782723788,0
952968,99C,3610,14,1782723831,0
952968,99C,3565,15,1782723948,0
952968,99C,101405,999,1782724006,0
952969,99C,101405,999,1782724006,0
952969,99C,6456,2,1782724056,0
952969,99C,3413,3,1782724166,0
952969,99C,3396,4,1782724351,0
952969,99C,3390,5,1782724484,0
952969,99C,3421,6,1782724550,0
952969,99C,3511,7,1782724700,0
952969,99C,3595,8,1782724775,0
952969,99C,101566,9,1782724839,0
953280,G20X,4739,13,1782723545,0
953280,G20X,4888,14,1782723622,0
953280,G20X,5150,15,1782723898,0
953280,G20X,5218,16,1782723960,0
953280,G20X,5246,17,1782723966,0
953280,G20X,5269,18,1782724014,0
953280,G20X,5357,19,1782724095,0
953280,G20X,5378,20,1782724124,0
953280,G20X,5401,21,1782724155,0
953280,G20X,5418,22,1782724178,0
953280,G20X,5436,23,1782724228,0
953280,G20X,5458,24,1782724314,0
953280,G20X,5453,25,1782724325,0
953280,G20X,5439,26,1782724362,0
953280,G20X,5450,27,1782724413,0
953280,G20X,5463,28,1782724471,0
953280,G20X,5469,29,1782724502,0
953280,G20X,5470,30,1782724561,0
953280,G20X,5480,31,1782724600,0
953280,G20X,5484,32,1782724639,0
953280,G20X,5504,33,1782724697,0
953280,G20X,5510,34,1782724729,0
953280,G20X,5518,35,1782724752,0
953280,G20X,5529,36,1782724776,0
953280,G20X,5542,37,1782724801,0
953280,G20X,5547,38,1782724834,0
953280,G20X,5543,39,1782724870,0
953280,G20X,100268,40,1782724899,0
953280,G20X,5544,41,1782724943,0
953280,G20X,5563,42,1782724967,0
953280,G20X,5583,43,1782725012,0
953280,G20X,5637,44,1782725069,0
953280,G20X,5641,45,1782725087,0
953280,G20X,5660,46,1782725115,0
953280,G20X,5661,999,1782725167,0
953328,G21X,5357,19,1782723375,0
953328,G21X,5378,20,1782723405,0
953328,G21X,5401,21,1782723436,0
953328,G21X,5418,22,1782723464,0
953328,G21X,5436,23,1782723502,0
953328,G21X,5458,24,1782723553,0
953328,G21X,5453,25,1782723587,0
953328,G21X,5439,26,1782723623,0
953328,G21X,5450,27,1782723681,0
953328,G21X,5463,28,1782723716,0
953328,G21X,5469,29,1782723758,0
953328,G21X,5470,30,1782723821,0
953328,G21X,5480,31,1782723833,0
953328,G21X,5484,32,1782723857,0
953328,G21X,5504,33,1782723921,0
953328,G21X,5510,34,1782723961,0
953328,G21X,5518,35,1782723987,0
953328,G21X,5529,36,1782724006,0
953328,G21X,5542,37,1782724033,0
953328,G21X,5547,38,1782724074,0
953328,G21X,5564,39,1782724093,0
953328,G21X,5598,40,1782724142,0
953328,G21X,5615,41,1782724179,0
953328,G21X,5657,42,1782724229,0
953328,G21X,5665,43,1782724225,0
953328,G21X,5668,999,1782724276,0
953351,G22X,4739,13,1782723576,0
953351,G22X,4888,14,1782723674,0
953351,G22X,5150,15,1782723990,0
953351,G22X,5218,16,1782724058,0
953351,G22X,5246,17,1782724090,0
953351,G22X,5269,18,1782724142,0
953351,G22X,5357,19,1782724244,0
953351,G22X,5378,20,1782724285,0
953351,G22X,5401,21,1782724326,0
953351,G22X,5418,22,1782724358,0
953351,G22X,5436,23,1782724406,0
953351,G22X,101102,24,1782724890,0
953351,G22X,100521,25,1782724939,0
953351,G22X,5714,26,1782724972,0
953351,G22X,5663,999,1782725042,0
953364,G30X,5267,23,1782723380,0
953364,G30X,5196,25,1782723482,0
953364,G30X,5180,26,1782723534,0
953364,G30X,5173,27,1782723583,0
953364,G30X,5168,28,1782723609,0
953364,G30X,5179,999,1782723648,0
953990,J7,101884,999,1782723390,0
953994,J7M,6643,29,1782723390,0
953994,J7M,6632,30,1782723418,0
953994,J7M,100444,31,1782723518,0
953994,J7M,100443,32,1782723545,0
953994,J7M,100221,33,1782723667,0
953994,J7M,100223,34,1782723799,0
953994,J7M,101541,35,1782723940,0
953994,J7M,100886,36,1782724048,0
953994,J7M,3649,37,1782724074,0
953994,J7M,3638,38,1782724094,0
953994,J7M,3706,39,1782724162,0
953994,J7M,3739,40,1782724186,0
953994,J7M,3841,41,1782724240,0
953994,J7M,3896,42,1782724332,0
953994,J7M,3936,43,1782724360,0
953994,J7M,4000,44,1782724392,0
953994,J7M,4032,45,1782724413,0
953994,J7M,4049,46,1782724431,0
953994,J7M,4070,47,1782724438,0
953994,J7M,4119,48,1782724473,0
953994,J7M,4128,49,1782724478,0
953994,J7M,4132,50,1782724514,0
953994,J7M,4136,51,1782724518,0
953994,J7M,4144,52,1782724541,0
953994,J7M,4146,999,1782724554,0
953995,J7M,4965,5,1782723370,0
953995,J7M,100784,6,1782723408,0
953995,J7M,4937,7,1782723507,0
953995,J7M,4907,8,1782723537,0
953995,J7M,4866,9,1782723557,0
953995,J7M,4806,10,1782723584,0
953995,J7M,4709,11,1782723649,0
953995,J7M,4740,12,1782723668,0
953995,J7M,4654,13,1782723679,0
953995,J7M,4625,14,1782723699,0
953995,J7M,4578,15,1782723735,0
953995,J7M,4556,16,1782723752,0
953995,J7M,6758,17,1782723792,0
953995,J7M,4372,18,1782723850,0
953995,J7M,4327,19,1782723883,0
953995,J7M,100326,20,1782723921,0
953995,J7M,100649,21,1782723945,0
953995,J7M,101657,22,1782723962,0
953995,J7M,4145,999,1782723993,0
966154,98A,101577,16,1782723406,0
966154,98A,101575,17,1782723476,0
966154,98A,101573,18,1782723562,0
966154,98A,101571,19,1782723703,0
966154,98A,3159,20,1782723778,0
966154,98A,3178,21,1782723804,0
966154,98A,3168,22,1782723852,0
966154,98A,3204,23,1782723908,0
966154,98A,100453,24,1782723976,0
966154,98A,100451,25,1782724045,0
966154,98A,101569,26,1782724088,0
966154,98A,3456,27,1782724244,0
966154,98A,6458,28,1782724339,0
966154,98A,101395,29,1782724427,0
966154,98A,3573,30,1782724543,0
966154,98A,3606,31,1782724599,0
966154,98A,101637,999,1782724667,0
966156,98A,101564,4,1782723468,0
966156,98A,101565,5,1782723517,0
966156,98A,3600,6,1782723606,0
966156,98A,3549,7,1782723621,0
966156,98A,3504,8,1782723703,0
966156,98A,3391,9,1782723943,0
966156,98A,6793,10,1782724097,0
966156,98A,6446,11,1782724311,0
966156,98A,101583,12,1782724481,0
966156,98A,3278,13,1782724581,0
966156,98A,101580,14,1782724689,0
966156,98A,101579,15,1782724821,0
966156,98A,101577,16,1782724930,0
966156,98A,101575,17,1782724998,0
966156,98A,101573,18,1782725121,0
966156,98A,101571,19,1782725259,0
966186,99A,6458,12,1782723389,0
966186,99A,101395,13,1782723568,0
966186,99A,3573,14,1782723697,0
966186,99A,3606,15,1782723766,0
966186,99A,101637,999,1782723822,0
966187,99A,101637,999,1782723822,0
966187,99A,101559,2,1782723844,0
966187,99A,101561,3,1782723946,0
966187,99A,101564,4,1782724071,0
966187,99A,101565,5,1782724115,0
966187,99A,3600,6,1782724175,0
966187,99A,3549,7,1782724218,0
966187,99A,3504,8,1782724299,0
966187,99A,3391,9,1782724451,0
966187,99A,6793,10,1782724603,0
966187,99A,3414,11,1782724764,0
966187,99A,6458,12,1782724955,0
